Round no.;File;StateInRegion_M1;StateInRegion_M2;choiceHasNoIncoming_M1;choiceHasNoIncoming_M2;choiceHasNoIncoming_M3;choiceHasNoIncoming_M4;choiceHasNoIncoming_M5;choiceHasNoIncoming_M6;choiceHasNoOutgoing_M1;choiceHasNoOutgoing_M2;choiceHasNoOutgoing_M3;choiceHasNoOutgoing_M4;choiceHasNoOutgoing_M5;choiceHasNoOutgoing_M6;entryInRegion_M1;entryInRegion_M2;incomingToEntry_1;incomingToEntry_2;incomingToEntry_3;incomingToEntry_4;incomingToEntry_5;multipleEntryInRegion_M1;multipleEntryInRegion_M2;multipleEntryInRegion_M3;multipleEntryInRegion_M4;multipleEntryInRegion_M5;multipleTransitionFromEntry_M1;multipleTransitionFromEntry_M2;multipleTransitionFromEntry_M3;multipleTransitionFromEntry_M4;noEntryInRegion_M1;noEntryInRegion_M2;noEntryInRegion_M3;noEntryInRegion_M4;noEntryInRegion_M5;noOutgoingTransitionFromEntry_M1;noOutgoingTransitionFromEntry_M2;noOutgoingTransitionFromEntry_M3;noOutgoingTransitionFromEntry_M4;noOutgoingTransitionFromEntry_M5;noStateInRegion_M1;noStateInRegion_M2;noStateInRegion_M3;outgoingFromExit_M1;outgoingFromExit_M2;outgoingFromFinal_M1;outgoingFromFinal_M2;transition_M1;transition_M2;transition_M3;transition_M4
1;1_1.xmi;1;1;1;1;1;1;1;1;1;1;1;1;1;1;1;1;1;1;0;0;0;1;1;1;1;1;0;1;1;1;1;1;1;1;1;1;1;1;1;1;1;1;1;1;0;1;1;1;1;1;1
2;2_1.xmi;1;1;1;1;1;1;1;1;1;1;1;1;1;1;1;1;1;1;1;1;1;1;1;1;1;1;0;0;0;0;1;1;1;1;1;1;1;1;1;1;1;1;1;1;1;1;1;1;1;1;1
3;3_1.xmi;1;1;1;1;1;1;1;1;1;1;1;1;1;1;1;1;1;1;1;1;1;1;0;1;0;1;1;1;1;1;1;1;1;1;1;1;0;0;0;0;1;1;1;1;1;1;0;1;1;1;1
4;4_1.xmi;1;1;1;1;1;1;1;1;1;1;1;1;1;1;1;1;1;1;1;1;1;1;1;1;1;1;1;1;1;1;1;1;1;1;1;1;1;1;1;1;1;1;1;1;1;1;1;1;1;1;1
5;5_1.xmi;1;1;1;1;1;1;1;1;1;1;1;1;1;1;1;1;1;1;0;0;0;1;1;1;1;1;0;0;0;0;1;1;1;1;1;1;1;1;1;1;1;1;1;1;1;1;1;1;1;1;1
6;6_1.xmi;1;1;1;1;1;1;1;1;1;1;1;1;1;1;1;1;1;1;1;1;1;1;1;1;1;1;0;1;1;1;1;1;1;1;1;1;1;1;1;1;1;1;1;1;1;1;1;1;1;1;1
7;7_1.xmi;1;1;1;1;1;1;1;1;1;0;0;0;0;1;1;1;1;1;1;1;1;1;1;1;1;1;0;1;1;1;0;0;1;1;1;1;1;1;1;1;0;0;1;1;1;1;1;1;1;1;1
8;8_1.xmi;1;1;1;1;1;1;1;1;1;1;1;1;1;1;1;1;1;1;1;1;1;1;1;1;1;1;0;0;0;0;1;1;1;1;1;1;1;1;1;1;1;1;1;1;1;1;1;1;1;1;1
9;9_1.xmi;1;1;1;1;1;1;1;1;1;1;1;1;1;1;1;1;1;1;1;1;1;1;1;1;1;1;1;1;1;1;1;1;1;1;1;1;1;1;1;1;1;1;1;1;1;1;1;1;1;1;1
10;10_1.xmi;1;1;1;1;1;1;1;1;1;1;1;1;1;1;1;1;1;1;1;1;1;1;1;1;1;1;0;1;1;1;1;1;1;1;1;1;1;1;1;1;1;1;1;1;1;1;1;1;1;1;1
11;11_1.xmi;1;1;1;1;1;1;1;1;1;1;1;1;1;1;1;1;1;1;1;1;1;1;1;1;1;1;1;1;1;1;1;1;1;1;1;1;1;1;1;1;1;1;1;1;1;1;1;1;1;1;1
12;12_1.xmi;1;1;1;1;1;1;1;1;1;1;1;1;1;1;1;1;1;1;1;1;1;1;1;1;1;1;1;1;1;1;1;1;1;1;1;1;0;0;0;0;1;1;1;1;1;1;1;1;1;1;1
13;13_1.xmi;1;1;1;0;0;0;0;1;1;0;0;0;0;1;1;1;1;1;1;1;1;1;0;1;0;1;0;1;1;1;1;1;1;1;1;1;0;0;0;0;1;1;1;1;1;1;1;1;1;1;1
14;14_1.xmi;1;1;1;1;1;1;1;1;1;1;1;1;1;1;1;1;1;1;1;1;1;1;1;1;1;1;1;1;1;1;1;1;1;1;1;1;0;0;0;0;1;1;1;1;1;1;1;1;1;1;1
15;15_1.xmi;1;1;1;1;1;1;1;1;1;1;1;1;1;1;1;1;1;1;1;1;1;1;1;1;1;1;1;1;1;1;0;0;1;1;1;1;1;1;1;1;1;1;1;1;1;1;1;1;1;1;1
16;16_1.xmi;1;1;1;1;1;1;1;1;1;1;1;1;1;1;1;1;1;1;1;1;1;1;1;1;1;1;0;1;1;1;1;1;1;1;1;1;1;1;1;1;1;1;1;1;1;1;1;1;1;1;1
17;17_1.xmi;1;1;1;1;1;1;1;1;1;0;0;0;0;1;1;1;1;1;1;1;1;1;1;1;1;1;0;0;0;0;1;1;1;1;1;1;1;1;1;1;1;1;1;1;1;1;1;1;1;1;1
18;18_1.xmi;1;1;1;0;0;0;0;1;1;1;1;1;1;1;1;1;1;1;1;1;1;1;1;1;1;1;0;1;1;1;1;1;1;1;1;1;1;1;1;1;0;0;1;1;0;1;0;1;1;1;1
19;19_1.xmi;1;1;1;1;1;1;1;1;1;1;1;1;1;1;1;1;1;1;1;1;1;1;1;1;1;1;1;1;1;1;1;1;1;1;1;1;1;1;1;1;1;1;1;1;1;1;1;1;1;1;1
20;20_1.xmi;1;1;1;1;1;1;1;1;1;1;1;1;1;1;1;1;1;1;1;1;1;1;1;1;1;1;1;1;1;1;1;1;1;1;1;1;1;1;1;1;1;1;1;1;1;1;1;1;1;1;1
21;21_1.xmi;1;1;1;1;1;1;1;1;1;1;1;1;1;1;1;1;1;1;1;1;1;1;1;1;1;1;0;0;0;0;1;1;1;1;1;1;1;1;1;1;1;1;1;1;1;1;1;1;1;1;1
22;22_1.xmi;1;1;1;1;1;1;1;1;1;1;1;1;1;1;1;1;1;1;1;1;1;1;1;1;1;1;0;1;1;1;1;1;1;1;1;1;1;1;1;1;1;1;1;1;1;1;1;1;1;1;1
23;23_1.xmi;1;1;1;1;1;1;1;1;1;1;1;1;1;1;1;1;1;1;1;1;1;1;1;1;1;1;1;1;1;1;1;1;1;1;1;1;1;1;1;1;1;1;1;1;1;1;1;1;1;1;1
24;24_1.xmi;1;1;1;1;1;1;1;1;1;1;1;1;1;1;1;1;1;1;1;1;1;1;1;1;1;1;0;1;1;1;1;1;1;1;1;1;1;1;1;1;1;1;1;1;1;1;1;1;1;1;1
25;25_1.xmi;1;1;1;1;1;1;1;1;1;1;1;1;1;1;1;1;1;1;1;1;1;1;1;1;1;1;0;1;1;1;1;1;1;1;1;1;1;1;1;1;1;1;1;1;1;1;1;1;1;1;1
26;26_1.xmi;1;1;1;1;1;1;1;1;1;1;1;1;1;1;1;1;1;1;0;0;0;1;1;1;1;1;0;0;0;0;1;1;1;1;1;1;1;1;1;1;1;1;1;1;1;1;1;1;1;1;1
27;27_1.xmi;1;1;1;1;1;1;1;1;1;1;1;1;1;1;1;1;1;1;1;1;1;1;1;1;1;1;0;0;0;0;1;1;1;1;1;1;1;1;1;1;1;1;1;1;1;1;1;1;1;1;1
28;28_1.xmi;1;1;1;1;1;1;1;1;1;0;0;0;0;1;1;1;1;1;1;1;1;1;1;1;1;1;1;1;1;1;1;1;1;1;1;1;1;1;1;1;1;1;1;1;0;1;1;1;1;1;1
29;29_1.xmi;1;1;1;1;1;1;1;1;1;1;1;1;1;1;1;1;1;1;1;1;1;1;1;1;1;1;1;1;1;1;1;1;1;1;1;1;1;1;1;1;1;1;1;1;1;1;1;1;1;1;1
30;30_1.xmi;1;1;1;1;1;1;1;1;1;1;1;1;1;1;1;1;1;1;1;1;1;1;1;1;1;1;1;1;1;1;1;1;1;1;1;1;1;1;1;1;1;1;1;1;1;1;1;1;1;1;1
Round no.;File;StateInRegion_M1;StateInRegion_M2;choiceHasNoIncoming_M1;choiceHasNoIncoming_M2;choiceHasNoIncoming_M3;choiceHasNoIncoming_M4;choiceHasNoIncoming_M5;choiceHasNoIncoming_M6;choiceHasNoOutgoing_M1;choiceHasNoOutgoing_M2;choiceHasNoOutgoing_M3;choiceHasNoOutgoing_M4;choiceHasNoOutgoing_M5;choiceHasNoOutgoing_M6;entryInRegion_M1;entryInRegion_M2;incomingToEntry_1;incomingToEntry_2;incomingToEntry_3;incomingToEntry_4;incomingToEntry_5;multipleEntryInRegion_M1;multipleEntryInRegion_M2;multipleEntryInRegion_M3;multipleEntryInRegion_M4;multipleEntryInRegion_M5;multipleTransitionFromEntry_M1;multipleTransitionFromEntry_M2;multipleTransitionFromEntry_M3;multipleTransitionFromEntry_M4;noEntryInRegion_M1;noEntryInRegion_M2;noEntryInRegion_M3;noEntryInRegion_M4;noEntryInRegion_M5;noOutgoingTransitionFromEntry_M1;noOutgoingTransitionFromEntry_M2;noOutgoingTransitionFromEntry_M3;noOutgoingTransitionFromEntry_M4;noOutgoingTransitionFromEntry_M5;noStateInRegion_M1;noStateInRegion_M2;noStateInRegion_M3;outgoingFromExit_M1;outgoingFromExit_M2;outgoingFromFinal_M1;outgoingFromFinal_M2;transition_M1;transition_M2;transition_M3;transition_M4
1;31_1.xmi;1;1;1;1;1;1;1;1;1;1;1;1;1;1;1;1;1;1;1;1;1;1;0;1;0;1;0;0;0;0;1;1;1;1;1;1;1;1;1;1;1;1;1;1;1;1;1;1;1;1;1
2;32_1.xmi;1;1;1;1;1;1;1;1;1;1;1;1;1;1;1;1;1;1;0;0;0;1;0;1;0;1;0;0;0;0;1;1;1;1;1;1;1;1;1;1;1;1;1;1;1;1;1;1;1;1;1
3;33_1.xmi;1;1;1;1;1;1;1;1;1;1;1;1;1;1;1;1;1;1;1;1;1;1;1;1;1;1;0;1;1;1;1;1;1;1;1;1;1;1;1;1;1;1;1;1;1;1;1;1;1;1;1
4;34_1.xmi;1;1;1;1;1;1;1;1;1;1;1;1;1;1;1;1;1;1;1;1;1;1;1;1;1;1;0;1;1;1;1;1;1;1;1;1;1;1;1;1;1;1;1;1;1;1;1;1;1;1;1
5;35_1.xmi;1;1;1;1;1;1;1;1;1;1;1;1;1;1;1;1;1;1;1;1;1;1;1;1;1;1;0;0;0;0;1;1;1;1;1;1;1;1;1;1;1;1;1;1;1;1;1;1;1;1;1
6;36_1.xmi;1;1;1;1;1;1;1;1;1;1;1;1;1;1;1;1;1;1;1;1;1;1;1;1;1;1;0;1;1;1;1;1;1;1;1;1;1;1;1;1;1;1;1;1;1;1;1;1;1;1;1
7;37_1.xmi;1;1;1;1;1;1;1;1;1;0;0;0;0;1;1;1;1;1;1;1;1;1;1;1;1;1;0;0;0;0;1;1;1;1;1;1;1;1;1;1;1;1;1;1;1;1;1;1;1;1;1
8;38_1.xmi;1;1;1;1;1;1;1;1;1;1;1;1;1;1;1;1;1;1;1;1;1;1;1;1;1;1;0;0;0;0;1;1;1;1;1;1;1;1;1;1;1;1;1;1;1;1;1;1;1;1;1
9;39_1.xmi;1;1;1;1;1;1;1;1;1;1;1;1;1;1;1;1;1;1;1;1;1;1;1;1;1;1;1;1;1;1;1;1;1;1;1;1;1;1;1;1;1;1;1;1;1;1;1;1;1;1;1
10;40_1.xmi;1;0;1;1;1;1;1;1;1;1;1;1;1;1;1;1;1;1;1;1;1;1;1;1;1;1;0;1;1;1;1;1;1;1;1;1;1;1;1;1;1;1;1;1;1;1;1;1;1;1;1
11;41_1.xmi;1;1;1;1;1;1;1;1;1;1;1;1;1;1;1;1;1;1;1;1;1;1;1;1;1;1;0;1;1;1;1;1;1;1;1;1;1;1;1;1;1;1;1;1;1;1;1;1;1;1;1
12;42_1.xmi;1;1;1;1;1;1;1;1;1;1;1;1;1;1;1;1;1;1;0;0;0;1;0;1;0;1;1;1;1;1;1;1;1;1;1;1;0;0;0;0;1;1;1;1;1;1;1;1;1;1;1
13;43_1.xmi;1;1;1;1;1;1;1;1;1;1;1;1;1;1;1;1;1;1;1;1;1;1;1;1;1;1;0;1;1;1;1;1;1;1;1;1;0;0;0;0;1;1;1;1;1;1;1;1;1;1;1
14;44_1.xmi;1;1;1;1;1;1;1;1;1;1;1;1;1;1;1;0;1;0;0;0;0;0;0;0;0;0;0;0;0;0;1;1;1;1;1;1;0;0;0;0;1;1;1;1;1;1;1;1;1;1;1
15;45_1.xmi;1;1;1;1;1;1;1;1;1;1;1;1;1;1;1;1;1;1;0;0;0;1;1;1;1;1;0;0;0;0;1;1;1;1;1;1;1;1;1;1;1;1;1;1;1;1;1;1;1;1;1
16;46_1.xmi;1;1;1;1;1;1;1;1;1;1;1;1;1;1;1;1;1;1;1;1;1;1;1;1;1;1;0;1;1;1;1;1;1;1;1;1;1;1;1;1;1;1;1;1;1;1;1;1;1;1;1
17;47_1.xmi;1;1;1;1;1;1;1;1;1;1;1;1;1;1;1;1;1;1;1;1;1;1;0;1;0;1;0;0;0;0;1;1;1;1;1;1;1;1;1;1;1;1;1;1;1;1;1;1;1;1;1
18;48_1.xmi;1;1;1;1;1;1;1;1;1;1;1;1;1;1;1;1;1;1;1;1;1;1;1;1;1;1;1;1;1;1;1;1;1;1;1;1;1;1;1;1;1;1;1;1;1;1;1;1;1;1;1
19;49_1.xmi;1;1;1;1;1;1;1;1;1;1;1;1;1;1;1;1;1;1;1;1;1;1;1;1;1;1;0;0;0;0;1;1;1;1;1;1;1;1;1;1;1;1;1;1;1;1;1;1;1;1;1
20;50_1.xmi;1;1;1;1;1;1;1;1;1;1;1;1;1;1;1;1;1;1;1;1;1;1;1;1;1;1;0;1;1;1;1;1;1;1;1;1;0;0;0;0;1;1;1;1;1;1;1;1;1;1;1
21;51_1.xmi;1;1;1;1;1;1;1;1;1;1;1;1;1;1;1;1;1;1;1;1;1;1;1;1;1;1;0;0;0;0;1;1;1;1;1;1;1;1;1;1;1;1;1;1;1;1;0;1;1;1;1
22;52_1.xmi;1;1;1;1;1;1;1;1;1;1;1;1;1;1;1;1;1;1;1;1;1;1;1;1;1;1;1;1;1;1;1;1;1;1;1;1;1;1;1;1;1;1;1;1;1;1;1;1;1;1;1
23;53_1.xmi;1;1;1;1;1;1;1;1;1;1;1;1;1;1;1;1;1;1;0;0;0;1;1;1;1;1;0;0;0;0;1;1;1;1;1;1;1;1;1;1;1;1;1;1;1;1;1;1;1;1;1
24;54_1.xmi;1;1;1;0;0;0;0;0;1;0;0;0;0;0;1;1;1;1;1;1;1;1;1;1;1;1;0;1;1;1;1;1;1;1;1;1;1;1;1;1;1;1;1;1;1;1;1;1;1;1;1
25;55_1.xmi;1;1;1;1;1;1;1;1;1;1;1;1;1;1;1;1;1;1;1;1;1;1;1;1;1;1;0;1;1;1;1;1;1;1;1;1;1;1;1;1;1;1;1;1;1;1;1;1;1;1;1
26;56_1.xmi;1;1;1;1;1;1;1;1;1;0;0;0;0;1;1;1;1;1;1;1;1;1;1;1;1;1;0;1;1;1;0;0;1;1;1;1;1;1;1;1;0;0;1;1;1;1;1;1;1;1;1
27;57_1.xmi;1;1;1;1;1;1;1;1;1;1;1;1;1;1;1;1;1;1;1;1;1;1;1;1;1;1;1;1;1;1;0;0;1;1;1;1;1;1;1;1;0;0;1;1;1;1;1;1;1;1;1
28;58_1.xmi;1;1;1;0;0;0;0;1;1;0;0;0;0;1;1;1;1;1;1;1;1;1;1;1;1;1;0;0;0;0;0;0;1;1;1;1;1;1;1;1;0;0;1;1;1;1;1;1;1;1;1
29;59_1.xmi;1;1;1;1;1;1;1;1;1;1;1;1;1;1;1;1;1;1;1;1;1;1;1;1;1;1;1;1;1;1;1;1;1;1;1;1;0;0;0;0;1;1;1;1;1;1;1;1;1;1;1
30;60_1.xmi;1;1;1;1;1;1;1;1;1;1;1;1;1;1;1;1;1;1;1;1;1;1;1;1;1;1;1;1;1;1;1;1;1;1;1;1;1;1;1;1;1;1;1;1;1;1;1;1;1;1;1
Round no.;File;StateInRegion_M1;StateInRegion_M2;choiceHasNoIncoming_M1;choiceHasNoIncoming_M2;choiceHasNoIncoming_M3;choiceHasNoIncoming_M4;choiceHasNoIncoming_M5;choiceHasNoIncoming_M6;choiceHasNoOutgoing_M1;choiceHasNoOutgoing_M2;choiceHasNoOutgoing_M3;choiceHasNoOutgoing_M4;choiceHasNoOutgoing_M5;choiceHasNoOutgoing_M6;entryInRegion_M1;entryInRegion_M2;incomingToEntry_1;incomingToEntry_2;incomingToEntry_3;incomingToEntry_4;incomingToEntry_5;multipleEntryInRegion_M1;multipleEntryInRegion_M2;multipleEntryInRegion_M3;multipleEntryInRegion_M4;multipleEntryInRegion_M5;multipleTransitionFromEntry_M1;multipleTransitionFromEntry_M2;multipleTransitionFromEntry_M3;multipleTransitionFromEntry_M4;noEntryInRegion_M1;noEntryInRegion_M2;noEntryInRegion_M3;noEntryInRegion_M4;noEntryInRegion_M5;noOutgoingTransitionFromEntry_M1;noOutgoingTransitionFromEntry_M2;noOutgoingTransitionFromEntry_M3;noOutgoingTransitionFromEntry_M4;noOutgoingTransitionFromEntry_M5;noStateInRegion_M1;noStateInRegion_M2;noStateInRegion_M3;outgoingFromExit_M1;outgoingFromExit_M2;outgoingFromFinal_M1;outgoingFromFinal_M2;transition_M1;transition_M2;transition_M3;transition_M4
1;61_1.xmi;1;1;1;0;0;0;0;1;1;1;1;1;1;1;1;1;1;1;1;1;1;1;1;1;1;1;1;1;1;1;1;1;1;1;1;1;1;1;1;1;1;1;1;1;1;1;1;1;1;1;1
2;62_1.xmi;1;1;1;1;1;1;1;1;1;1;1;1;1;1;1;1;1;1;1;1;1;1;1;1;1;1;1;1;1;1;1;1;1;1;1;1;1;1;1;1;1;1;1;1;1;1;1;1;1;1;1
3;63_1.xmi;1;1;1;0;0;0;0;0;1;0;0;0;0;0;1;1;1;1;0;0;0;1;1;1;1;1;1;1;1;1;1;1;1;1;1;1;1;1;1;1;1;1;1;1;0;1;1;1;1;1;1
4;64_1.xmi;1;1;1;1;1;1;1;1;1;1;1;1;1;1;1;1;1;1;1;1;1;1;1;1;1;1;1;1;1;1;1;1;1;1;1;1;1;1;1;1;1;1;1;1;0;1;1;1;1;1;1
5;65_1.xmi;1;1;1;1;1;1;1;1;1;1;1;1;1;1;1;1;1;1;1;1;1;1;1;1;1;1;1;1;1;1;1;1;1;1;1;1;1;1;1;1;1;1;1;1;1;1;1;1;1;1;1
6;66_1.xmi;1;1;1;1;1;1;1;1;1;1;1;1;1;1;1;1;1;1;0;0;0;1;1;1;1;1;0;1;1;1;1;1;1;1;1;1;0;0;0;0;1;1;1;1;1;1;1;1;1;1;1
7;67_1.xmi;1;1;1;1;1;1;1;1;1;1;1;1;1;1;1;1;1;1;0;0;0;1;1;1;1;1;0;1;1;1;1;1;1;1;1;1;1;1;1;1;1;1;1;1;1;1;1;1;1;1;1
8;68_1.xmi;1;1;1;1;1;1;1;1;1;1;1;1;1;1;1;1;1;1;0;0;0;1;1;1;1;1;0;0;0;0;1;1;1;1;1;1;1;1;1;1;1;1;1;1;1;1;1;1;1;1;1
9;69_1.xmi;1;1;1;0;0;0;0;0;1;0;0;0;0;0;1;1;1;1;1;1;1;1;1;1;1;1;1;1;1;1;1;1;1;1;1;1;1;1;1;1;1;1;1;1;1;1;1;1;1;1;1
10;70_1.xmi;1;1;1;1;1;1;1;1;1;1;1;1;1;1;1;1;1;1;0;0;0;1;1;1;1;1;0;1;1;1;1;1;1;1;1;1;1;1;1;1;1;1;1;1;1;1;1;1;1;1;1
11;71_1.xmi;1;1;1;1;1;1;1;1;1;1;1;1;1;1;1;1;1;1;1;1;1;1;1;1;1;1;0;1;1;1;1;1;1;1;1;1;1;1;1;1;1;1;1;1;1;1;1;1;1;1;1
12;72_1.xmi;1;1;1;1;1;1;1;1;1;1;1;1;1;1;1;1;1;1;0;0;0;1;0;1;0;1;0;0;0;0;1;1;1;1;1;1;1;1;1;1;1;1;1;1;1;1;0;1;1;1;1
13;73_1.xmi;1;1;1;0;0;0;0;1;1;0;0;0;0;1;1;1;1;1;1;1;1;1;1;1;1;1;1;1;1;1;1;1;1;1;1;1;1;1;1;1;1;1;1;1;1;1;1;1;1;1;1
14;74_1.xmi;1;1;1;1;1;1;1;1;1;1;1;1;1;1;1;1;1;1;1;1;1;1;0;1;0;1;0;1;1;1;1;1;1;1;1;1;0;0;0;0;1;1;1;1;1;1;1;1;1;1;1
15;75_1.xmi;1;1;1;1;1;1;1;1;1;1;1;1;1;1;1;1;1;1;1;1;1;1;1;1;1;1;0;1;1;1;1;1;1;1;1;1;1;1;1;1;1;1;1;1;1;1;1;1;1;1;1
16;76_1.xmi;1;1;1;1;1;1;1;1;1;1;1;1;1;1;1;1;1;1;1;1;1;1;1;1;1;1;1;1;1;1;1;1;1;1;1;1;1;1;1;1;1;1;1;1;1;1;0;1;1;1;1
17;77_1.xmi;1;1;1;0;0;0;0;1;1;0;0;0;0;1;1;1;1;1;1;1;1;1;1;1;1;1;1;1;1;1;1;1;1;1;1;1;1;1;1;1;1;1;1;1;1;1;1;1;1;1;1
18;78_1.xmi;1;1;1;1;1;1;1;1;1;0;0;0;0;1;1;1;1;1;1;1;1;1;1;1;1;1;1;1;1;1;1;1;1;1;1;1;1;1;1;1;1;1;1;1;1;1;1;1;1;1;1
19;79_1.xmi;1;1;1;1;1;1;1;1;1;1;1;1;1;1;1;1;1;1;1;1;1;1;1;1;1;1;0;0;0;0;1;1;1;1;1;1;1;1;1;1;1;1;1;1;1;1;1;1;1;1;1
20;80_1.xmi;1;1;1;1;1;1;1;1;1;1;1;1;1;1;1;1;1;1;1;1;1;1;1;1;1;1;1;1;1;1;1;1;1;1;1;1;0;0;0;0;1;1;1;1;1;1;1;1;1;1;1
21;81_1.xmi;1;1;1;1;1;1;1;1;1;1;1;1;1;1;1;1;1;1;1;1;1;1;1;1;1;1;0;1;1;1;1;1;1;1;1;1;1;1;1;1;1;1;1;1;1;1;1;1;1;1;1
22;82_1.xmi;1;1;1;1;1;1;1;1;1;1;1;1;1;1;1;1;1;1;1;1;1;1;1;1;1;1;0;0;0;0;1;1;1;1;1;1;1;1;1;1;1;1;1;1;1;1;1;1;1;1;1
23;83_1.xmi;1;1;1;1;1;1;1;1;1;1;1;1;1;1;1;1;1;1;1;1;1;1;1;1;1;1;1;1;1;1;1;1;1;1;1;1;1;1;1;1;1;1;1;1;0;1;1;1;1;1;1
24;84_1.xmi;1;1;1;1;1;1;1;1;1;1;1;1;1;1;1;1;1;1;0;0;0;1;1;1;1;1;0;0;0;0;1;1;1;1;1;1;1;1;1;1;1;1;1;1;1;1;1;1;1;1;1
25;85_1.xmi;1;1;1;1;1;1;1;1;1;1;1;1;1;1;1;1;1;1;1;1;1;0;0;0;0;1;0;0;0;0;1;1;1;1;1;1;1;1;1;1;1;1;1;1;1;1;1;1;1;1;1
26;86_1.xmi;1;1;1;0;0;0;0;1;1;0;0;0;0;1;1;1;1;1;1;1;1;1;1;1;1;1;1;1;1;1;0;0;1;1;1;1;1;1;1;1;1;1;1;1;1;1;1;1;1;1;1
27;87_1.xmi;1;1;1;1;1;1;1;1;1;1;1;1;1;1;1;1;1;1;1;1;1;1;1;1;1;1;0;1;1;1;1;1;1;1;1;1;1;1;1;1;1;1;1;1;1;1;1;1;1;1;1
28;88_1.xmi;1;1;1;1;1;1;1;1;1;1;1;1;1;1;1;1;1;1;0;0;0;1;1;1;1;1;0;1;1;1;1;1;1;1;1;1;1;1;1;1;1;1;1;1;1;1;1;1;1;1;1
29;89_1.xmi;1;1;1;1;1;1;1;1;1;1;1;1;1;1;1;1;1;1;0;0;0;1;1;1;1;1;0;1;1;1;0;0;1;1;1;1;1;1;1;1;1;1;1;1;1;1;1;1;1;1;1
30;90_1.xmi;1;0;1;1;1;1;1;1;1;1;1;1;1;1;1;1;1;1;1;1;1;1;1;1;1;1;0;1;1;1;1;1;1;1;1;1;1;1;1;1;1;1;1;1;1;1;1;1;1;1;1
Round no.;File;StateInRegion_M1;StateInRegion_M2;choiceHasNoIncoming_M1;choiceHasNoIncoming_M2;choiceHasNoIncoming_M3;choiceHasNoIncoming_M4;choiceHasNoIncoming_M5;choiceHasNoIncoming_M6;choiceHasNoOutgoing_M1;choiceHasNoOutgoing_M2;choiceHasNoOutgoing_M3;choiceHasNoOutgoing_M4;choiceHasNoOutgoing_M5;choiceHasNoOutgoing_M6;entryInRegion_M1;entryInRegion_M2;incomingToEntry_1;incomingToEntry_2;incomingToEntry_3;incomingToEntry_4;incomingToEntry_5;multipleEntryInRegion_M1;multipleEntryInRegion_M2;multipleEntryInRegion_M3;multipleEntryInRegion_M4;multipleEntryInRegion_M5;multipleTransitionFromEntry_M1;multipleTransitionFromEntry_M2;multipleTransitionFromEntry_M3;multipleTransitionFromEntry_M4;noEntryInRegion_M1;noEntryInRegion_M2;noEntryInRegion_M3;noEntryInRegion_M4;noEntryInRegion_M5;noOutgoingTransitionFromEntry_M1;noOutgoingTransitionFromEntry_M2;noOutgoingTransitionFromEntry_M3;noOutgoingTransitionFromEntry_M4;noOutgoingTransitionFromEntry_M5;noStateInRegion_M1;noStateInRegion_M2;noStateInRegion_M3;outgoingFromExit_M1;outgoingFromExit_M2;outgoingFromFinal_M1;outgoingFromFinal_M2;transition_M1;transition_M2;transition_M3;transition_M4
1;91_1.xmi;1;1;1;1;1;1;1;1;1;1;1;1;1;1;1;1;1;1;0;0;0;1;0;1;0;1;0;1;1;1;1;1;1;1;1;1;0;0;0;0;1;1;1;1;1;1;1;1;1;1;1
2;92_1.xmi;1;1;1;1;1;1;1;1;1;1;1;1;1;1;1;1;1;1;1;1;1;1;1;1;1;1;0;1;1;1;1;1;1;1;1;1;1;1;1;1;1;1;1;1;1;1;1;1;1;1;1
3;93_1.xmi;1;1;1;1;1;1;1;1;1;1;1;1;1;1;1;1;1;1;1;1;1;1;1;1;1;1;0;1;1;1;0;0;1;1;1;1;1;1;1;1;1;1;1;1;0;1;1;1;1;1;1
4;94_1.xmi;1;1;1;1;1;1;1;1;1;1;1;1;1;1;1;1;1;1;1;1;1;1;1;1;1;1;0;1;1;1;1;1;1;1;1;1;1;1;1;1;1;1;1;1;1;1;1;1;1;1;1
5;95_1.xmi;1;0;1;0;0;0;0;1;1;0;0;0;0;1;1;1;1;1;1;1;1;1;1;1;1;1;0;0;0;0;0;0;1;1;1;1;1;1;1;1;1;1;1;1;1;1;1;1;1;1;1
6;96_1.xmi;1;0;1;1;1;1;1;1;1;1;1;1;1;1;1;1;1;1;1;1;1;1;1;1;1;1;1;1;1;1;1;1;1;1;1;1;1;1;1;1;1;1;1;1;1;1;1;1;1;1;1
7;97_1.xmi;1;1;1;1;1;1;1;1;1;1;1;1;1;1;1;1;1;1;1;1;1;1;1;1;1;1;0;0;0;0;1;1;1;1;1;1;1;1;1;1;1;1;1;1;1;1;1;1;1;1;1
8;98_1.xmi;1;0;1;1;1;1;1;1;1;1;1;1;1;1;1;1;1;1;1;1;1;1;1;1;1;1;0;1;1;1;0;0;1;1;1;1;1;1;1;1;1;1;1;1;1;1;1;1;1;1;1
9;99_1.xmi;1;1;1;0;0;0;0;1;1;1;1;1;1;1;1;1;1;1;1;1;1;1;0;1;0;1;0;0;0;0;1;1;1;1;1;1;1;1;1;1;0;0;1;1;1;1;1;1;1;1;1
10;100_1.xmi;1;1;1;1;1;1;1;1;1;1;1;1;1;1;1;1;1;1;0;0;0;1;1;1;1;1;1;1;1;1;0;0;1;1;1;1;1;1;1;1;0;0;1;1;1;1;1;1;1;1;1
11;101_1.xmi;1;1;1;1;1;1;1;1;1;1;1;1;1;1;1;1;1;1;1;1;1;1;1;1;1;1;0;1;1;1;1;1;1;1;1;1;1;1;1;1;1;1;1;1;1;1;1;1;1;1;1
12;102_1.xmi;1;1;1;1;1;1;1;1;1;1;1;1;1;1;1;1;1;1;1;1;1;1;1;1;1;1;0;1;1;1;1;1;1;1;1;1;1;1;1;1;1;1;1;1;1;1;1;1;1;1;1
13;103_1.xmi;1;1;1;0;0;0;0;1;1;0;0;0;0;1;1;1;1;1;1;1;1;1;1;1;1;1;0;1;1;1;0;0;1;1;1;1;1;1;1;1;0;0;1;1;1;1;1;1;1;1;1
14;104_1.xmi;1;1;1;0;0;0;0;1;1;1;1;1;1;1;1;1;1;1;1;1;1;1;0;1;0;1;1;1;1;1;1;1;1;1;1;1;0;0;0;0;1;1;1;1;1;1;1;1;1;1;1
15;105_1.xmi;1;0;1;0;0;0;0;1;1;0;0;0;0;1;1;1;1;1;1;1;1;1;1;1;1;1;1;1;1;1;1;1;1;1;1;1;1;1;1;1;1;1;1;1;1;1;1;1;1;1;1
16;106_1.xmi;1;1;1;1;1;1;1;1;1;1;1;1;1;1;1;1;1;1;0;0;0;1;1;1;1;1;1;1;1;1;1;1;1;1;1;1;1;1;1;1;1;1;1;1;1;1;1;1;1;1;1
17;107_1.xmi;1;1;1;0;0;0;0;1;1;1;1;1;1;1;1;1;1;1;1;1;1;1;1;1;1;1;0;1;1;1;0;0;1;1;1;1;1;1;1;1;0;0;1;1;1;1;1;1;1;1;1
18;108_1.xmi;1;1;1;1;1;1;1;1;1;1;1;1;1;1;1;1;1;1;1;1;1;1;1;1;1;1;0;0;0;0;0;0;1;1;1;1;1;1;1;1;0;0;1;1;1;1;1;1;1;1;1
19;109_1.xmi;1;1;1;0;0;0;0;0;1;0;0;0;0;0;1;1;1;1;1;1;1;1;1;1;1;1;1;1;1;1;0;0;1;1;1;1;1;1;1;1;1;1;1;1;1;1;1;1;1;1;1
20;110_1.xmi;1;1;1;1;1;1;1;1;1;1;1;1;1;1;1;1;1;1;1;1;1;1;1;1;1;1;0;1;1;1;1;1;1;1;1;1;1;1;1;1;1;1;1;1;1;1;0;1;1;1;1
21;111_1.xmi;1;1;1;1;1;1;1;1;1;0;0;0;0;1;1;1;1;1;1;1;1;1;1;1;1;1;1;1;1;1;0;0;1;1;1;1;1;1;1;1;0;0;1;1;1;1;1;1;1;1;1
22;112_1.xmi;1;1;1;1;1;1;1;1;1;1;1;1;1;1;1;1;1;1;0;0;0;1;1;1;1;1;0;0;0;0;1;1;1;1;1;1;1;1;1;1;1;1;1;1;1;1;1;1;1;1;1
23;113_1.xmi;1;1;1;0;0;0;0;1;1;1;1;1;1;1;1;1;1;1;0;0;0;1;1;1;1;1;0;0;0;0;1;1;1;1;1;1;1;1;1;1;1;1;1;1;1;1;1;1;1;1;1
24;114_1.xmi;1;1;1;1;1;1;1;1;1;1;1;1;1;1;1;1;1;1;1;1;1;1;1;1;1;1;1;1;1;1;1;1;1;1;1;1;1;1;1;1;1;1;1;1;1;1;1;1;1;1;1
25;115_1.xmi;1;1;1;1;1;1;1;1;1;0;0;0;0;1;1;1;1;1;1;1;1;1;1;1;1;1;1;1;1;1;1;1;1;1;1;1;1;1;1;1;1;1;1;1;1;1;1;1;1;1;1
26;116_1.xmi;1;1;1;0;0;0;0;1;1;0;0;0;0;1;1;1;1;1;1;1;1;1;1;1;1;1;1;1;1;1;1;1;1;1;1;1;1;1;1;1;1;1;1;1;1;1;1;1;1;1;1
27;117_1.xmi;1;1;1;0;0;0;0;1;1;1;1;1;1;1;1;1;1;1;1;1;1;1;1;1;1;1;1;1;1;1;1;1;1;1;1;1;1;1;1;1;1;1;1;1;1;1;1;1;1;1;1
28;118_1.xmi;1;1;1;1;1;1;1;1;1;1;1;1;1;1;1;1;1;1;1;1;1;1;1;1;1;1;1;1;1;1;1;1;1;1;1;1;1;1;1;1;1;1;1;1;1;1;1;1;1;1;1
29;119_1.xmi;1;1;1;0;0;0;0;1;1;1;1;1;1;1;1;1;1;1;1;1;1;1;1;1;1;1;1;1;1;1;1;1;1;1;1;1;1;1;1;1;1;1;1;1;1;1;1;1;1;1;1
30;120_1.xmi;1;1;1;1;1;1;1;1;1;1;1;1;1;1;1;1;1;1;1;1;1;1;1;1;1;1;0;1;1;1;1;1;1;1;1;1;1;1;1;1;1;1;1;1;1;1;1;1;1;1;1
Round no.;File;StateInRegion_M1;StateInRegion_M2;choiceHasNoIncoming_M1;choiceHasNoIncoming_M2;choiceHasNoIncoming_M3;choiceHasNoIncoming_M4;choiceHasNoIncoming_M5;choiceHasNoIncoming_M6;choiceHasNoOutgoing_M1;choiceHasNoOutgoing_M2;choiceHasNoOutgoing_M3;choiceHasNoOutgoing_M4;choiceHasNoOutgoing_M5;choiceHasNoOutgoing_M6;entryInRegion_M1;entryInRegion_M2;incomingToEntry_1;incomingToEntry_2;incomingToEntry_3;incomingToEntry_4;incomingToEntry_5;multipleEntryInRegion_M1;multipleEntryInRegion_M2;multipleEntryInRegion_M3;multipleEntryInRegion_M4;multipleEntryInRegion_M5;multipleTransitionFromEntry_M1;multipleTransitionFromEntry_M2;multipleTransitionFromEntry_M3;multipleTransitionFromEntry_M4;noEntryInRegion_M1;noEntryInRegion_M2;noEntryInRegion_M3;noEntryInRegion_M4;noEntryInRegion_M5;noOutgoingTransitionFromEntry_M1;noOutgoingTransitionFromEntry_M2;noOutgoingTransitionFromEntry_M3;noOutgoingTransitionFromEntry_M4;noOutgoingTransitionFromEntry_M5;noStateInRegion_M1;noStateInRegion_M2;noStateInRegion_M3;outgoingFromExit_M1;outgoingFromExit_M2;outgoingFromFinal_M1;outgoingFromFinal_M2;transition_M1;transition_M2;transition_M3;transition_M4
1;121_1.xmi;1;1;1;0;0;0;0;1;1;0;0;0;0;1;1;1;1;1;1;1;1;1;1;1;1;1;1;1;1;1;1;1;1;1;1;1;1;1;1;1;1;1;1;1;1;1;1;1;1;1;1
2;122_1.xmi;1;1;1;1;1;1;1;1;1;1;1;1;1;1;1;1;1;1;1;1;1;1;1;1;1;1;0;1;1;1;1;1;1;1;1;1;1;1;1;1;1;1;1;1;1;1;1;1;1;1;1
3;123_1.xmi;1;1;1;1;1;1;1;1;1;1;1;1;1;1;1;1;1;1;1;1;1;1;1;1;1;1;0;1;1;1;1;1;1;1;1;1;1;1;1;1;1;1;1;1;1;1;1;1;1;1;1
4;124_1.xmi;1;1;1;1;1;1;1;1;1;1;1;1;1;1;1;1;1;1;1;1;1;1;1;1;1;1;1;1;1;1;1;1;1;1;1;1;1;1;1;1;1;1;1;1;1;1;1;1;1;1;1
5;125_1.xmi;1;1;1;1;1;1;1;1;1;1;1;1;1;1;1;1;1;1;1;1;1;1;1;1;1;1;0;0;0;0;0;0;1;1;1;1;1;1;1;1;1;1;1;1;1;1;1;1;1;1;1
6;126_1.xmi;1;1;1;1;1;1;1;1;1;1;1;1;1;1;1;1;1;1;1;1;1;1;1;1;1;1;1;1;1;1;1;1;1;1;1;1;1;1;1;1;1;1;1;1;1;1;1;1;1;1;1
7;127_1.xmi;1;1;1;1;1;1;1;1;1;0;0;0;0;1;1;1;1;1;1;1;1;1;1;1;1;1;0;1;1;1;1;1;1;1;1;1;1;1;1;1;1;1;1;1;1;1;1;1;1;1;1
8;128_1.xmi;1;1;1;1;1;1;1;1;1;1;1;1;1;1;1;1;1;1;1;1;1;1;1;1;1;1;0;0;0;0;1;1;1;1;1;1;1;1;1;1;1;1;1;1;1;1;1;1;1;1;1
9;129_1.xmi;1;1;1;1;1;1;1;1;1;1;1;1;1;1;1;1;1;1;1;1;1;1;1;1;1;1;1;1;1;1;1;1;1;1;1;1;1;1;1;1;1;1;1;1;1;1;1;1;1;1;1
10;130_1.xmi;1;1;1;1;1;1;1;1;1;1;1;1;1;1;1;1;1;1;0;0;0;1;1;1;1;1;0;1;1;1;1;1;1;1;1;1;1;1;1;1;1;1;1;1;1;1;1;1;1;1;1
11;131_1.xmi;1;1;1;1;1;1;1;1;1;1;1;1;1;1;1;1;1;1;1;1;1;1;1;1;1;1;1;1;1;1;1;1;1;1;1;1;1;1;1;1;1;1;1;1;0;1;1;1;1;1;1
12;132_1.xmi;1;1;1;1;1;1;1;1;1;1;1;1;1;1;1;1;1;1;1;1;1;1;1;1;1;1;1;1;1;1;1;1;1;1;1;1;1;1;1;1;1;1;1;1;1;1;1;1;1;1;1
13;133_1.xmi;1;1;1;1;1;1;1;1;1;1;1;1;1;1;1;1;1;1;1;1;1;1;1;1;1;1;0;1;1;1;1;1;1;1;1;1;1;1;1;1;1;1;1;1;1;1;1;1;1;1;1
14;134_1.xmi;1;1;1;0;0;0;0;1;1;0;0;0;0;1;1;1;1;1;1;1;1;1;1;1;1;1;0;1;1;1;1;1;1;1;1;1;1;1;1;1;1;1;1;1;1;1;0;1;1;1;1
15;135_1.xmi;1;1;1;0;0;0;0;0;1;0;0;0;0;0;1;1;1;1;1;1;1;1;1;1;1;1;0;1;1;1;0;0;1;1;1;1;1;1;1;1;0;0;1;1;1;1;1;1;1;1;1
16;136_1.xmi;1;1;1;1;1;1;1;1;1;1;1;1;1;1;1;0;1;0;0;0;0;0;0;0;0;0;0;0;0;0;1;1;1;1;1;1;0;0;0;0;1;1;1;1;1;1;1;1;1;1;1
17;137_1.xmi;1;1;1;1;1;1;1;1;1;1;1;1;1;1;1;1;1;1;0;0;0;1;1;1;1;1;1;1;1;1;1;1;1;1;1;1;1;1;1;1;1;1;1;1;1;1;1;1;1;1;1
18;138_1.xmi;1;1;1;1;1;1;1;1;1;1;1;1;1;1;1;1;1;1;1;1;1;1;1;1;1;1;0;1;1;1;1;1;1;1;1;1;1;1;1;1;1;1;1;1;1;1;1;1;1;1;1
19;139_1.xmi;1;1;1;1;1;1;1;1;1;1;1;1;1;1;1;1;1;1;0;0;0;1;0;1;0;1;0;0;0;0;1;1;1;1;1;1;1;1;1;1;1;1;1;1;1;1;1;1;1;1;1
20;140_1.xmi;1;1;1;1;1;1;1;1;1;1;1;1;1;1;1;1;1;1;0;0;0;1;1;1;1;1;0;1;1;1;1;1;1;1;1;1;1;1;1;1;1;1;1;1;1;1;1;1;1;1;1
21;141_1.xmi;1;1;1;1;1;1;1;1;1;1;1;1;1;1;1;1;1;1;1;1;1;1;1;1;1;1;1;1;1;1;1;1;1;1;1;1;1;1;1;1;1;1;1;1;1;1;1;1;1;1;1
22;142_1.xmi;1;1;1;1;1;1;1;1;1;1;1;1;1;1;1;1;1;1;1;1;1;1;1;1;1;1;1;1;1;1;1;1;1;1;1;1;1;1;1;1;1;1;1;1;1;1;1;1;1;1;1
23;143_1.xmi;1;1;1;0;0;0;0;0;1;0;0;0;0;0;1;1;1;1;1;1;1;1;1;1;1;1;0;1;1;1;1;1;1;1;1;1;1;1;1;1;1;1;1;1;1;1;1;1;1;1;1
24;144_1.xmi;1;1;1;1;1;1;1;1;1;1;1;1;1;1;1;1;1;1;1;1;1;1;1;1;1;1;0;0;0;0;1;1;1;1;1;1;1;1;1;1;1;1;1;1;1;1;1;1;1;1;1
25;145_1.xmi;1;1;1;1;1;1;1;1;1;1;1;1;1;1;1;1;1;1;1;1;1;1;1;1;1;1;0;0;0;0;1;1;1;1;1;1;1;1;1;1;1;1;1;1;1;1;1;1;1;1;1
26;146_1.xmi;1;1;1;1;1;1;1;1;1;1;1;1;1;1;1;1;1;1;0;0;0;1;1;1;1;1;0;0;0;0;1;1;1;1;1;1;1;1;1;1;1;1;1;1;1;1;1;1;1;1;1
27;147_1.xmi;1;1;1;1;1;1;1;1;1;1;1;1;1;1;1;1;1;1;1;1;1;1;1;1;1;1;0;0;0;0;1;1;1;1;1;1;1;1;1;1;1;1;1;1;1;1;1;1;1;1;1
28;148_1.xmi;1;1;1;1;1;1;1;1;1;1;1;1;1;1;1;1;1;1;0;0;0;1;1;1;1;1;0;1;1;1;1;1;1;1;1;1;1;1;1;1;1;1;1;1;1;1;1;1;1;1;1
29;149_1.xmi;1;1;1;1;1;1;1;1;1;0;0;0;0;1;1;1;1;1;1;1;1;1;1;1;1;1;1;1;1;1;1;1;1;1;1;1;0;0;0;0;1;1;1;1;1;1;1;1;1;1;1
30;150_1.xmi;1;1;1;0;0;0;0;1;1;0;0;0;0;1;1;1;1;1;1;1;1;1;1;1;1;1;0;1;1;1;1;1;1;1;1;1;1;1;1;1;1;1;1;1;1;1;1;1;1;1;1
Round no.;File;StateInRegion_M1;StateInRegion_M2;choiceHasNoIncoming_M1;choiceHasNoIncoming_M2;choiceHasNoIncoming_M3;choiceHasNoIncoming_M4;choiceHasNoIncoming_M5;choiceHasNoIncoming_M6;choiceHasNoOutgoing_M1;choiceHasNoOutgoing_M2;choiceHasNoOutgoing_M3;choiceHasNoOutgoing_M4;choiceHasNoOutgoing_M5;choiceHasNoOutgoing_M6;entryInRegion_M1;entryInRegion_M2;incomingToEntry_1;incomingToEntry_2;incomingToEntry_3;incomingToEntry_4;incomingToEntry_5;multipleEntryInRegion_M1;multipleEntryInRegion_M2;multipleEntryInRegion_M3;multipleEntryInRegion_M4;multipleEntryInRegion_M5;multipleTransitionFromEntry_M1;multipleTransitionFromEntry_M2;multipleTransitionFromEntry_M3;multipleTransitionFromEntry_M4;noEntryInRegion_M1;noEntryInRegion_M2;noEntryInRegion_M3;noEntryInRegion_M4;noEntryInRegion_M5;noOutgoingTransitionFromEntry_M1;noOutgoingTransitionFromEntry_M2;noOutgoingTransitionFromEntry_M3;noOutgoingTransitionFromEntry_M4;noOutgoingTransitionFromEntry_M5;noStateInRegion_M1;noStateInRegion_M2;noStateInRegion_M3;outgoingFromExit_M1;outgoingFromExit_M2;outgoingFromFinal_M1;outgoingFromFinal_M2;transition_M1;transition_M2;transition_M3;transition_M4
1;151_1.xmi;1;1;1;0;0;0;0;1;1;1;1;1;1;1;1;1;1;1;1;1;1;1;1;1;1;1;1;1;1;1;1;1;1;1;1;1;1;1;1;1;1;1;1;1;1;1;1;1;1;1;1
2;152_1.xmi;1;1;1;0;0;0;0;0;1;0;0;0;0;0;1;1;1;1;1;1;1;1;1;1;1;1;1;1;1;1;1;1;1;1;1;1;1;1;1;1;1;1;1;1;1;1;1;1;1;1;1
3;153_1.xmi;1;1;1;1;1;1;1;1;1;1;1;1;1;1;1;1;1;1;1;1;1;1;1;1;1;1;0;1;1;1;1;1;1;1;1;1;1;1;1;1;1;1;1;1;1;1;1;1;1;1;1
4;154_1.xmi;1;1;1;1;1;1;1;1;1;1;1;1;1;1;1;1;1;1;1;1;1;1;1;1;1;1;1;1;1;1;1;1;1;1;1;1;1;1;1;1;1;1;1;1;1;1;1;1;1;1;1
5;155_1.xmi;1;1;1;1;1;1;1;1;1;1;1;1;1;1;1;1;1;1;0;0;0;1;1;1;1;1;0;0;0;0;1;1;1;1;1;1;1;1;1;1;1;1;1;1;1;1;1;1;1;1;1
6;156_1.xmi;1;1;1;1;1;1;1;1;1;1;1;1;1;1;1;1;1;1;1;1;1;1;1;1;1;1;0;0;0;0;1;1;1;1;1;1;1;1;1;1;0;0;1;1;1;1;1;1;1;1;1
7;157_1.xmi;1;1;1;1;1;1;1;1;1;1;1;1;1;1;1;1;1;1;1;1;1;1;0;1;0;1;0;1;1;1;1;1;1;1;1;1;0;0;0;0;1;1;1;1;1;1;1;1;1;1;1
8;158_1.xmi;1;1;1;1;1;1;1;1;1;1;1;1;1;1;1;1;1;1;1;1;1;1;1;1;1;1;0;0;0;0;1;1;1;1;1;1;1;1;1;1;1;1;1;1;1;1;1;1;1;1;1
9;159_1.xmi;1;1;1;1;1;1;1;1;1;1;1;1;1;1;1;1;1;1;0;0;0;1;1;1;1;1;0;1;1;1;1;1;1;1;1;1;1;1;1;1;1;1;1;1;1;1;1;1;1;1;1
10;160_1.xmi;1;1;1;1;1;1;1;1;1;1;1;1;1;1;1;1;1;1;1;1;1;1;1;1;1;1;0;1;1;1;1;1;1;1;1;1;1;1;1;1;1;1;1;1;1;1;1;1;1;1;1
11;161_1.xmi;1;1;1;1;1;1;1;1;1;1;1;1;1;1;1;1;1;1;0;0;0;1;0;1;0;1;0;0;0;0;1;1;1;1;1;1;1;1;1;1;1;1;1;1;1;1;1;1;1;1;1
12;162_1.xmi;1;1;1;1;1;1;1;1;1;1;1;1;1;1;1;0;1;0;0;0;0;0;0;0;0;0;0;0;0;0;1;1;1;1;1;1;0;0;0;0;1;1;1;1;1;1;1;1;1;1;1
13;163_1.xmi;1;0;1;1;1;1;1;1;1;0;0;0;0;1;1;1;1;1;1;1;1;1;0;1;0;1;0;1;1;1;1;1;1;1;1;1;0;0;0;0;1;1;1;1;1;1;1;1;1;1;1
14;164_1.xmi;1;1;1;1;1;1;1;1;1;1;1;1;1;1;1;1;1;1;1;1;1;1;1;1;1;1;0;1;1;1;1;1;1;1;1;1;1;1;1;1;1;1;1;1;1;1;1;1;1;1;1
15;165_1.xmi;1;1;1;1;1;1;1;1;1;1;1;1;1;1;1;1;1;1;0;0;0;1;1;1;1;1;0;1;1;1;1;1;1;1;1;1;1;1;1;1;1;1;1;1;1;1;1;1;1;1;1
16;166_1.xmi;1;1;1;1;1;1;1;1;1;1;1;1;1;1;1;1;1;1;1;1;1;1;1;1;1;1;0;1;1;1;1;1;1;1;1;1;1;1;1;1;1;1;1;1;1;1;1;1;1;1;1
17;167_1.xmi;1;1;1;1;1;1;1;1;1;1;1;1;1;1;1;1;1;1;0;0;0;1;1;1;1;1;0;0;0;0;1;1;1;1;1;1;1;1;1;1;1;1;1;1;1;1;1;1;1;1;1
18;168_1.xmi;1;1;1;1;1;1;1;1;1;1;1;1;1;1;1;1;1;1;1;1;1;1;1;1;1;1;1;1;1;1;1;1;1;1;1;1;1;1;1;1;1;1;1;1;1;1;1;1;1;1;1
19;169_1.xmi;1;1;1;1;1;1;1;1;1;1;1;1;1;1;1;1;1;1;1;1;1;1;1;1;1;1;0;0;0;0;1;1;1;1;1;1;1;1;1;1;0;0;1;1;1;1;1;1;1;1;1
20;170_1.xmi;1;1;1;0;0;0;0;1;1;0;0;0;0;1;1;1;1;1;1;1;1;1;1;1;1;1;1;1;1;1;1;1;1;1;1;1;0;0;0;0;0;0;1;1;1;1;1;1;1;1;1
21;171_1.xmi;1;1;1;1;1;1;1;1;1;1;1;1;1;1;1;0;1;0;0;0;0;0;0;0;0;0;0;0;0;0;1;1;1;1;1;1;0;0;0;0;1;1;1;1;1;1;1;1;1;1;1
22;172_1.xmi;1;1;1;1;1;1;1;1;1;1;1;1;1;1;1;1;1;1;1;1;1;0;0;0;0;1;0;0;0;0;1;1;1;1;1;1;1;1;1;1;1;1;1;1;1;1;1;1;1;1;1
23;173_1.xmi;1;1;1;1;1;1;1;1;1;0;0;0;0;1;1;1;1;1;1;1;1;1;1;1;1;1;1;1;1;1;1;1;1;1;1;1;1;1;1;1;1;1;1;1;1;1;1;1;1;1;1
24;174_1.xmi;1;1;1;0;0;0;0;1;1;1;1;1;1;1;1;1;1;1;1;1;1;1;1;1;1;1;0;1;1;1;0;0;1;1;1;1;1;1;1;1;1;1;1;1;1;1;1;1;1;1;1
25;175_1.xmi;1;1;1;1;1;1;1;1;1;1;1;1;1;1;1;1;1;1;0;0;0;1;0;1;0;1;0;0;0;0;1;1;1;1;1;1;1;1;1;1;1;1;1;1;1;1;1;1;1;1;1
26;176_1.xmi;1;1;1;1;1;1;1;1;1;1;1;1;1;1;1;1;1;1;1;1;1;1;1;1;1;1;1;1;1;1;1;1;1;1;1;1;1;1;1;1;1;1;1;1;1;1;1;1;1;1;1
27;177_1.xmi;1;1;1;1;1;1;1;1;1;1;1;1;1;1;1;1;1;1;1;1;1;1;1;1;1;1;0;1;1;1;1;1;1;1;1;1;1;1;1;1;1;1;1;1;1;1;1;1;1;1;1
28;178_1.xmi;1;1;1;1;1;1;1;1;1;1;1;1;1;1;1;1;1;1;0;0;0;1;1;1;1;1;0;1;1;1;1;1;1;1;1;1;1;1;1;1;1;1;1;1;1;1;1;1;1;1;1
29;179_1.xmi;1;1;1;1;1;1;1;1;1;1;1;1;1;1;1;1;1;1;1;1;1;1;1;1;1;1;0;0;0;0;1;1;1;1;1;1;1;1;1;1;1;1;1;1;1;1;1;1;1;1;1
30;180_1.xmi;1;1;1;1;1;1;1;1;1;1;1;1;1;1;1;1;1;1;1;1;1;1;0;1;0;1;0;1;1;1;1;1;1;1;1;1;0;0;0;0;1;1;1;1;1;1;1;1;1;1;1
Round no.;File;StateInRegion_M1;StateInRegion_M2;choiceHasNoIncoming_M1;choiceHasNoIncoming_M2;choiceHasNoIncoming_M3;choiceHasNoIncoming_M4;choiceHasNoIncoming_M5;choiceHasNoIncoming_M6;choiceHasNoOutgoing_M1;choiceHasNoOutgoing_M2;choiceHasNoOutgoing_M3;choiceHasNoOutgoing_M4;choiceHasNoOutgoing_M5;choiceHasNoOutgoing_M6;entryInRegion_M1;entryInRegion_M2;incomingToEntry_1;incomingToEntry_2;incomingToEntry_3;incomingToEntry_4;incomingToEntry_5;multipleEntryInRegion_M1;multipleEntryInRegion_M2;multipleEntryInRegion_M3;multipleEntryInRegion_M4;multipleEntryInRegion_M5;multipleTransitionFromEntry_M1;multipleTransitionFromEntry_M2;multipleTransitionFromEntry_M3;multipleTransitionFromEntry_M4;noEntryInRegion_M1;noEntryInRegion_M2;noEntryInRegion_M3;noEntryInRegion_M4;noEntryInRegion_M5;noOutgoingTransitionFromEntry_M1;noOutgoingTransitionFromEntry_M2;noOutgoingTransitionFromEntry_M3;noOutgoingTransitionFromEntry_M4;noOutgoingTransitionFromEntry_M5;noStateInRegion_M1;noStateInRegion_M2;noStateInRegion_M3;outgoingFromExit_M1;outgoingFromExit_M2;outgoingFromFinal_M1;outgoingFromFinal_M2;transition_M1;transition_M2;transition_M3;transition_M4
1;181_1.xmi;1;1;1;1;1;1;1;1;1;1;1;1;1;1;1;1;1;1;1;1;1;1;1;1;1;1;1;1;1;1;1;1;1;1;1;1;1;1;1;1;1;1;1;1;1;1;1;1;1;1;1
2;182_1.xmi;1;1;1;1;1;1;1;1;1;1;1;1;1;1;1;1;1;1;1;1;1;1;0;1;0;1;0;1;1;1;1;1;1;1;1;1;0;0;0;0;1;1;1;1;1;1;1;1;1;1;1
3;183_1.xmi;1;1;1;1;1;1;1;1;1;1;1;1;1;1;1;0;1;0;0;0;0;0;0;0;0;0;0;0;0;0;1;1;1;1;1;1;0;0;0;0;1;1;1;1;1;1;1;1;1;1;1
4;184_1.xmi;1;1;1;1;1;1;1;1;1;1;1;1;1;1;1;1;1;1;1;1;1;1;1;1;1;1;0;1;1;1;0;0;1;1;1;1;1;1;1;1;1;1;1;1;1;1;1;1;1;1;1
5;185_1.xmi;1;1;1;1;1;1;1;1;1;1;1;1;1;1;1;1;1;1;0;0;0;1;1;1;1;1;0;1;1;1;1;1;1;1;1;1;1;1;1;1;1;1;1;1;1;1;1;1;1;1;1
6;186_1.xmi;1;1;1;1;1;1;1;1;1;1;1;1;1;1;1;1;1;1;1;1;1;1;1;1;1;1;1;1;1;1;1;1;1;1;1;1;1;1;1;1;1;1;1;1;1;1;1;1;1;1;1
7;187_1.xmi;1;1;1;1;1;1;1;1;1;0;0;0;0;1;1;1;1;1;1;1;1;1;1;1;1;1;1;1;1;1;1;1;1;1;1;1;1;1;1;1;1;1;1;1;1;1;1;1;1;1;1
8;188_1.xmi;1;1;1;1;1;1;1;1;1;1;1;1;1;1;1;1;1;1;1;1;1;1;1;1;1;1;0;1;1;1;1;1;1;1;1;1;1;1;1;1;1;1;1;1;1;1;1;1;1;1;1
9;189_1.xmi;1;1;1;1;1;1;1;1;1;0;0;0;0;1;1;1;1;1;1;1;1;1;1;1;1;1;0;0;0;0;1;1;1;1;1;1;1;1;1;1;1;1;1;1;1;1;1;1;1;1;1
10;190_1.xmi;1;1;1;1;1;1;1;1;1;1;1;1;1;1;1;1;1;1;1;1;1;1;1;1;1;1;0;1;1;1;1;1;1;1;1;1;1;1;1;1;1;1;1;1;0;1;1;1;1;1;1
11;191_1.xmi;1;1;1;1;1;1;1;1;1;1;1;1;1;1;1;1;1;1;1;1;1;1;1;1;1;1;0;0;0;0;1;1;1;1;1;1;1;1;1;1;1;1;1;1;1;1;1;1;1;1;1
12;192_1.xmi;1;1;1;1;1;1;1;1;1;1;1;1;1;1;1;1;1;1;1;1;1;1;1;1;1;1;0;1;1;1;1;1;1;1;1;1;1;1;1;1;1;1;1;1;1;1;1;1;1;1;1
13;193_1.xmi;1;1;1;1;1;1;1;1;1;1;1;1;1;1;1;1;1;1;1;1;1;1;1;1;1;1;0;1;1;1;1;1;1;1;1;1;1;1;1;1;1;1;1;1;1;1;1;1;1;1;1
14;194_1.xmi;1;1;1;1;1;1;1;1;1;1;1;1;1;1;1;1;1;1;0;0;0;1;1;1;1;1;0;0;0;0;1;1;1;1;1;1;1;1;1;1;1;1;1;1;1;1;1;1;1;1;1
15;195_1.xmi;1;1;1;1;1;1;1;1;1;1;1;1;1;1;1;1;1;1;1;1;1;1;1;1;1;1;1;1;1;1;1;1;1;1;1;1;1;1;1;1;1;1;1;1;1;1;1;1;1;1;1
16;196_1.xmi;1;1;1;1;1;1;1;1;1;1;1;1;1;1;1;1;1;1;1;1;1;1;1;1;1;1;1;1;1;1;1;1;1;1;1;1;1;1;1;1;1;1;1;1;1;1;1;1;1;1;1
17;197_1.xmi;1;1;1;1;1;1;1;1;1;1;1;1;1;1;1;1;1;1;1;1;1;1;1;1;1;1;0;1;1;1;1;1;1;1;1;1;1;1;1;1;1;1;1;1;1;1;1;1;1;1;1
18;198_1.xmi;1;1;1;1;1;1;1;1;1;1;1;1;1;1;1;1;1;1;1;1;1;1;1;1;1;1;1;1;1;1;1;1;1;1;1;1;1;1;1;1;1;1;1;1;1;1;1;1;1;1;1
19;199_1.xmi;1;1;1;1;1;1;1;1;1;1;1;1;1;1;1;1;1;1;1;1;1;1;1;1;1;1;1;1;1;1;1;1;1;1;1;1;1;1;1;1;1;1;1;1;1;1;1;1;1;1;1
20;200_1.xmi;1;1;1;1;1;1;1;1;1;1;1;1;1;1;1;1;1;1;0;0;0;1;0;1;0;1;0;0;0;0;1;1;1;1;1;1;1;1;1;1;1;1;1;1;1;1;1;1;1;1;1
21;201_1.xmi;1;1;1;1;1;1;1;1;1;1;1;1;1;1;1;1;1;1;0;0;0;0;0;0;0;1;0;0;0;0;1;1;1;1;1;1;1;1;1;1;1;1;1;1;1;1;1;1;1;1;1
22;202_1.xmi;1;1;1;0;0;0;0;0;1;0;0;0;0;0;1;1;1;1;0;0;0;1;0;1;0;1;0;0;0;0;1;1;1;1;1;1;1;1;1;1;1;1;1;1;1;1;1;1;1;1;1
23;203_1.xmi;1;1;1;1;1;1;1;1;1;1;1;1;1;1;1;1;1;1;1;1;1;1;1;1;1;1;0;0;0;0;1;1;1;1;1;1;1;1;1;1;1;1;1;1;1;1;1;1;1;1;1
24;204_1.xmi;1;1;1;1;1;1;1;1;1;1;1;1;1;1;1;1;1;1;0;0;0;1;1;1;1;1;0;0;0;0;1;1;1;1;1;1;1;1;1;1;1;1;1;1;1;1;1;1;1;1;1
25;205_1.xmi;1;0;1;1;1;1;1;1;1;1;1;1;1;1;1;1;1;1;1;1;1;1;1;1;1;1;0;1;1;1;1;1;1;1;1;1;1;1;1;1;1;1;1;1;1;1;1;1;1;1;1
26;206_1.xmi;1;1;1;1;1;1;1;1;1;1;1;1;1;1;1;1;1;1;1;1;1;1;1;1;1;1;0;1;1;1;1;1;1;1;1;1;1;1;1;1;1;1;1;1;1;1;1;1;1;1;1
27;207_1.xmi;1;1;1;1;1;1;1;1;1;1;1;1;1;1;1;1;1;1;1;1;1;1;1;1;1;1;1;1;1;1;1;1;1;1;1;1;1;1;1;1;1;1;1;1;1;1;1;1;1;1;1
28;208_1.xmi;1;1;1;1;1;1;1;1;1;1;1;1;1;1;1;1;1;1;1;1;1;1;1;1;1;1;0;1;1;1;1;1;1;1;1;1;1;1;1;1;1;1;1;1;1;1;1;1;1;1;1
29;209_1.xmi;1;1;1;0;0;0;0;1;1;0;0;0;0;1;1;1;1;1;1;1;1;1;1;1;1;1;1;1;1;1;1;1;1;1;1;1;1;1;1;1;1;1;1;1;1;1;1;1;1;1;1
30;210_1.xmi;1;1;1;1;1;1;1;1;1;1;1;1;1;1;1;1;1;1;0;0;0;1;1;1;1;1;0;1;1;1;1;1;1;1;1;1;1;1;1;1;1;1;1;1;1;1;1;1;1;1;1
Round no.;File;StateInRegion_M1;StateInRegion_M2;choiceHasNoIncoming_M1;choiceHasNoIncoming_M2;choiceHasNoIncoming_M3;choiceHasNoIncoming_M4;choiceHasNoIncoming_M5;choiceHasNoIncoming_M6;choiceHasNoOutgoing_M1;choiceHasNoOutgoing_M2;choiceHasNoOutgoing_M3;choiceHasNoOutgoing_M4;choiceHasNoOutgoing_M5;choiceHasNoOutgoing_M6;entryInRegion_M1;entryInRegion_M2;incomingToEntry_1;incomingToEntry_2;incomingToEntry_3;incomingToEntry_4;incomingToEntry_5;multipleEntryInRegion_M1;multipleEntryInRegion_M2;multipleEntryInRegion_M3;multipleEntryInRegion_M4;multipleEntryInRegion_M5;multipleTransitionFromEntry_M1;multipleTransitionFromEntry_M2;multipleTransitionFromEntry_M3;multipleTransitionFromEntry_M4;noEntryInRegion_M1;noEntryInRegion_M2;noEntryInRegion_M3;noEntryInRegion_M4;noEntryInRegion_M5;noOutgoingTransitionFromEntry_M1;noOutgoingTransitionFromEntry_M2;noOutgoingTransitionFromEntry_M3;noOutgoingTransitionFromEntry_M4;noOutgoingTransitionFromEntry_M5;noStateInRegion_M1;noStateInRegion_M2;noStateInRegion_M3;outgoingFromExit_M1;outgoingFromExit_M2;outgoingFromFinal_M1;outgoingFromFinal_M2;transition_M1;transition_M2;transition_M3;transition_M4
1;211_1.xmi;1;1;1;1;1;1;1;1;1;1;1;1;1;1;1;1;1;1;1;1;1;1;1;1;1;1;0;0;0;0;1;1;1;1;1;1;1;1;1;1;1;1;1;1;1;1;1;1;1;1;1
2;212_1.xmi;1;1;1;1;1;1;1;1;1;1;1;1;1;1;1;1;1;1;0;0;0;0;0;0;0;1;0;0;0;0;1;1;1;1;1;1;1;1;1;1;1;1;1;1;1;1;1;1;1;1;1
3;213_1.xmi;1;1;1;1;1;1;1;1;1;1;1;1;1;1;1;1;1;1;1;1;1;1;1;1;1;1;0;1;1;1;1;1;1;1;1;1;1;1;1;1;1;1;1;1;1;1;1;1;1;1;1
4;214_1.xmi;1;1;1;0;0;0;0;1;1;0;0;0;0;1;1;1;1;1;1;1;1;1;1;1;1;1;0;1;1;1;0;0;1;1;1;1;1;1;1;1;1;1;1;1;1;1;1;1;1;1;1
5;215_1.xmi;1;1;1;0;0;0;0;1;1;0;0;0;0;1;1;1;1;1;1;1;1;1;1;1;1;1;1;1;1;1;1;1;1;1;1;1;1;1;1;1;1;1;1;1;1;1;1;1;1;1;1
6;216_1.xmi;1;1;1;0;0;0;0;1;1;1;1;1;1;1;1;1;1;1;1;1;1;1;1;1;1;1;0;1;1;1;1;1;1;1;1;1;1;1;1;1;0;0;1;1;1;1;1;1;1;1;1
7;217_1.xmi;1;1;1;1;1;1;1;1;1;1;1;1;1;1;1;1;1;1;1;1;1;1;1;1;1;1;0;1;1;1;1;1;1;1;1;1;1;1;1;1;1;1;1;1;1;1;1;1;1;1;1
8;218_1.xmi;1;1;1;1;1;1;1;1;1;1;1;1;1;1;1;1;1;1;1;1;1;1;1;1;1;1;1;1;1;1;1;1;1;1;1;1;1;1;1;1;1;1;1;1;1;1;1;1;1;1;1
9;219_1.xmi;1;1;1;0;0;0;0;0;1;0;0;0;0;0;1;1;1;1;1;1;1;1;1;1;1;1;1;1;1;1;1;1;1;1;1;1;1;1;1;1;1;1;1;1;1;1;1;1;1;1;1
10;220_1.xmi;1;1;1;1;1;1;1;1;1;1;1;1;1;1;1;1;1;1;1;1;1;1;0;1;0;1;0;0;0;0;1;1;1;1;1;1;1;1;1;1;1;1;1;1;1;1;1;1;1;1;1
11;221_1.xmi;1;1;1;1;1;1;1;1;1;1;1;1;1;1;1;1;1;1;1;1;1;1;1;1;1;1;1;1;1;1;0;0;1;1;1;1;1;1;1;1;1;1;1;1;1;1;1;1;1;1;1
12;222_1.xmi;1;1;1;1;1;1;1;1;1;1;1;1;1;1;1;1;1;1;1;1;1;1;1;1;1;1;0;1;1;1;1;1;1;1;1;1;1;1;1;1;1;1;1;1;1;1;1;1;1;1;1
13;223_1.xmi;1;1;1;1;1;1;1;1;1;1;1;1;1;1;1;1;1;1;1;1;1;1;1;1;1;1;0;1;1;1;1;1;1;1;1;1;1;1;1;1;1;1;1;1;1;1;1;1;1;1;1
14;224_1.xmi;1;1;1;1;1;1;1;1;1;1;1;1;1;1;1;1;1;1;0;0;0;1;1;1;1;1;0;1;1;1;1;1;1;1;1;1;1;1;1;1;1;1;1;1;1;1;1;1;1;1;1
15;225_1.xmi;1;1;1;1;1;1;1;1;1;1;1;1;1;1;1;1;1;1;1;1;1;1;1;1;1;1;0;1;1;1;1;1;1;1;1;1;1;1;1;1;0;0;1;1;1;1;1;1;1;1;1
16;226_1.xmi;1;1;1;0;0;0;0;0;1;0;0;0;0;0;1;1;1;1;1;1;1;1;1;1;1;1;1;1;1;1;1;1;1;1;1;1;0;0;0;0;1;1;1;1;1;1;1;1;1;1;1
17;227_1.xmi;1;1;1;0;0;0;0;1;1;1;1;1;1;1;1;1;1;1;0;0;0;1;0;1;0;1;0;0;0;0;1;1;1;1;1;1;1;1;1;1;1;1;1;1;1;1;1;1;1;1;1
18;228_1.xmi;1;1;1;1;1;1;1;1;1;1;1;1;1;1;1;0;1;0;0;0;0;0;0;0;0;0;0;0;0;0;1;1;1;1;1;1;0;0;0;0;1;1;1;1;1;1;1;1;1;1;1
19;229_1.xmi;1;1;1;1;1;1;1;1;1;1;1;1;1;1;1;0;1;0;0;0;0;0;0;0;0;0;0;0;0;0;1;1;1;1;1;1;0;0;0;0;1;1;1;1;1;1;1;1;1;1;1
20;230_1.xmi;1;1;1;1;1;1;1;1;1;1;1;1;1;1;1;1;1;1;1;1;1;1;1;1;1;1;0;1;1;1;1;1;1;1;1;1;1;1;1;1;1;1;1;1;1;1;1;1;1;1;1
21;231_1.xmi;1;1;1;1;1;1;1;1;1;1;1;1;1;1;1;1;1;1;1;1;1;1;0;1;0;1;0;0;0;0;1;1;1;1;1;1;1;1;1;1;1;1;1;1;1;1;1;1;1;1;1
22;232_1.xmi;1;1;1;1;1;1;1;1;1;1;1;1;1;1;1;1;1;1;1;1;1;1;0;1;0;1;0;0;0;0;1;1;1;1;1;1;1;1;1;1;1;1;1;1;1;1;1;1;1;1;1
23;233_1.xmi;1;0;1;1;1;1;1;1;1;1;1;1;1;1;1;1;1;1;1;1;1;1;1;1;1;1;1;1;1;1;1;1;1;1;1;1;0;0;0;0;1;1;1;1;1;1;1;1;1;1;1
24;234_1.xmi;1;1;1;1;1;1;1;1;1;1;1;1;1;1;1;1;1;1;0;0;0;1;1;1;1;1;0;1;1;1;1;1;1;1;1;1;1;1;1;1;1;1;1;1;1;1;1;1;1;1;1
25;235_1.xmi;1;1;1;1;1;1;1;1;1;1;1;1;1;1;1;1;1;1;0;0;0;1;1;1;1;1;0;0;0;0;1;1;1;1;1;1;1;1;1;1;1;1;1;1;1;1;1;1;1;1;1
26;236_1.xmi;1;1;1;1;1;1;1;1;1;1;1;1;1;1;1;1;1;1;1;1;1;1;1;1;1;1;1;1;1;1;0;0;1;1;1;1;1;1;1;1;1;1;1;1;1;1;1;1;1;1;1
27;237_1.xmi;1;1;1;1;1;1;1;1;1;1;1;1;1;1;1;1;1;1;1;1;1;1;1;1;1;1;1;1;1;1;1;1;1;1;1;1;1;1;1;1;1;1;1;1;1;1;1;1;1;1;1
28;238_1.xmi;1;1;1;1;1;1;1;1;1;1;1;1;1;1;1;1;1;1;1;1;1;1;1;1;1;1;1;1;1;1;0;0;1;1;1;1;1;1;1;1;1;1;1;1;1;1;0;1;1;1;1
29;239_1.xmi;1;1;1;1;1;1;1;1;1;1;1;1;1;1;1;1;1;1;1;1;1;1;1;1;1;1;0;0;0;0;0;0;1;1;1;1;1;1;1;1;1;1;1;1;1;1;1;1;1;1;1
30;240_1.xmi;1;1;1;1;1;1;1;1;1;1;1;1;1;1;1;1;1;1;1;1;1;1;1;1;1;1;0;1;1;1;1;1;1;1;1;1;1;1;1;1;1;1;1;1;1;1;1;1;1;1;1
Round no.;File;StateInRegion_M1;StateInRegion_M2;choiceHasNoIncoming_M1;choiceHasNoIncoming_M2;choiceHasNoIncoming_M3;choiceHasNoIncoming_M4;choiceHasNoIncoming_M5;choiceHasNoIncoming_M6;choiceHasNoOutgoing_M1;choiceHasNoOutgoing_M2;choiceHasNoOutgoing_M3;choiceHasNoOutgoing_M4;choiceHasNoOutgoing_M5;choiceHasNoOutgoing_M6;entryInRegion_M1;entryInRegion_M2;incomingToEntry_1;incomingToEntry_2;incomingToEntry_3;incomingToEntry_4;incomingToEntry_5;multipleEntryInRegion_M1;multipleEntryInRegion_M2;multipleEntryInRegion_M3;multipleEntryInRegion_M4;multipleEntryInRegion_M5;multipleTransitionFromEntry_M1;multipleTransitionFromEntry_M2;multipleTransitionFromEntry_M3;multipleTransitionFromEntry_M4;noEntryInRegion_M1;noEntryInRegion_M2;noEntryInRegion_M3;noEntryInRegion_M4;noEntryInRegion_M5;noOutgoingTransitionFromEntry_M1;noOutgoingTransitionFromEntry_M2;noOutgoingTransitionFromEntry_M3;noOutgoingTransitionFromEntry_M4;noOutgoingTransitionFromEntry_M5;noStateInRegion_M1;noStateInRegion_M2;noStateInRegion_M3;outgoingFromExit_M1;outgoingFromExit_M2;outgoingFromFinal_M1;outgoingFromFinal_M2;transition_M1;transition_M2;transition_M3;transition_M4
1;241_1.xmi;1;1;1;1;1;1;1;1;1;1;1;1;1;1;1;1;1;1;0;0;0;1;1;1;1;1;0;1;1;1;1;1;1;1;1;1;1;1;1;1;1;1;1;1;1;1;1;1;1;1;1
2;242_1.xmi;1;1;1;1;1;1;1;1;1;1;1;1;1;1;1;1;1;1;1;1;1;1;1;1;1;1;0;1;1;1;1;1;1;1;1;1;1;1;1;1;1;1;1;1;1;1;1;1;1;1;1
3;243_1.xmi;1;1;1;1;1;1;1;1;1;1;1;1;1;1;1;1;1;1;1;1;1;1;1;1;1;1;0;0;0;0;1;1;1;1;1;1;1;1;1;1;1;1;1;1;0;1;1;1;1;1;1
4;244_1.xmi;1;1;1;1;1;1;1;1;1;1;1;1;1;1;1;1;1;1;1;1;1;1;1;1;1;1;0;0;0;0;0;0;1;1;1;1;1;1;1;1;1;1;1;1;1;1;1;1;1;1;1
5;245_1.xmi;1;1;1;1;1;1;1;1;1;1;1;1;1;1;1;1;1;1;0;0;0;1;1;1;1;1;0;0;0;0;1;1;1;1;1;1;1;1;1;1;1;1;1;1;1;1;1;1;1;1;1
6;246_1.xmi;1;1;1;1;1;1;1;1;1;1;1;1;1;1;1;1;1;1;1;1;1;1;1;1;1;1;1;1;1;1;0;0;1;1;1;1;1;1;1;1;1;1;1;1;1;1;1;1;1;1;1
7;247_1.xmi;1;1;1;1;1;1;1;1;1;1;1;1;1;1;1;1;1;1;0;0;0;1;1;1;1;1;0;1;1;1;1;1;1;1;1;1;1;1;1;1;1;1;1;1;1;1;1;1;1;1;1
8;248_1.xmi;1;1;1;1;1;1;1;1;1;0;0;0;0;1;1;1;1;1;1;1;1;1;1;1;1;1;0;1;1;1;1;1;1;1;1;1;1;1;1;1;1;1;1;1;1;1;1;1;1;1;1
9;249_1.xmi;1;1;1;1;1;1;1;1;1;1;1;1;1;1;1;1;1;1;0;0;0;1;0;1;0;1;0;1;1;1;1;1;1;1;1;1;0;0;0;0;1;1;1;1;1;1;1;1;1;1;1
10;250_1.xmi;1;1;1;1;1;1;1;1;1;1;1;1;1;1;1;1;1;1;1;1;1;1;1;1;1;1;0;1;1;1;1;1;1;1;1;1;1;1;1;1;1;1;1;1;1;1;1;1;1;1;1
11;251_1.xmi;1;1;1;1;1;1;1;1;1;1;1;1;1;1;1;1;1;1;0;0;0;1;0;1;0;1;1;1;1;1;1;1;1;1;1;1;0;0;0;0;0;0;1;1;1;1;1;1;1;1;1
12;252_1.xmi;1;1;1;1;1;1;1;1;1;1;1;1;1;1;1;1;1;1;1;1;1;1;1;1;1;1;0;0;0;0;1;1;1;1;1;1;1;1;1;1;1;1;1;1;1;1;1;1;1;1;1
13;253_1.xmi;1;1;1;1;1;1;1;1;1;0;0;0;0;1;1;1;1;1;1;1;1;1;1;1;1;1;1;1;1;1;1;1;1;1;1;1;0;0;0;0;1;1;1;1;1;1;1;1;1;1;1
14;254_1.xmi;1;1;1;1;1;1;1;1;1;1;1;1;1;1;1;1;1;1;1;1;1;1;1;1;1;1;1;1;1;1;1;1;1;1;1;1;0;0;0;0;1;1;1;1;1;1;1;1;1;1;1
15;255_1.xmi;1;1;1;1;1;1;1;1;1;1;1;1;1;1;1;1;1;1;1;1;1;1;1;1;1;1;1;1;1;1;0;0;1;1;1;1;1;1;1;1;1;1;1;1;1;1;1;1;1;1;1
16;256_1.xmi;1;1;1;0;0;0;0;1;1;0;0;0;0;1;1;1;1;1;1;1;1;1;1;1;1;1;0;1;1;1;1;1;1;1;1;1;1;1;1;1;1;1;1;1;1;1;1;1;1;1;1
17;257_1.xmi;1;1;1;1;1;1;1;1;1;1;1;1;1;1;1;1;1;1;1;1;1;1;1;1;1;1;0;1;1;1;1;1;1;1;1;1;1;1;1;1;1;1;1;1;1;1;1;1;1;1;1
18;258_1.xmi;1;1;1;1;1;1;1;1;1;1;1;1;1;1;1;1;1;1;1;1;1;1;1;1;1;1;0;1;1;1;1;1;1;1;1;1;1;1;1;1;1;1;1;1;1;1;1;1;1;1;1
19;259_1.xmi;1;1;1;1;1;1;1;1;1;1;1;1;1;1;1;1;1;1;1;1;1;1;1;1;1;1;1;1;1;1;1;1;1;1;1;1;1;1;1;1;1;1;1;1;1;1;1;1;1;1;1
20;260_1.xmi;1;1;1;0;0;0;0;1;1;0;0;0;0;1;1;1;1;1;1;1;1;1;1;1;1;1;0;1;1;1;1;1;1;1;1;1;1;1;1;1;1;1;1;1;1;1;1;1;1;1;1
21;261_1.xmi;1;1;1;1;1;1;1;1;1;1;1;1;1;1;1;1;1;1;1;1;1;1;1;1;1;1;0;1;1;1;1;1;1;1;1;1;1;1;1;1;1;1;1;1;0;1;1;1;1;1;1
22;262_1.xmi;1;1;1;1;1;1;1;1;1;0;0;0;0;1;1;1;1;1;0;0;0;1;0;1;0;1;0;0;0;0;1;1;1;1;1;1;1;1;1;1;1;1;1;1;1;1;1;1;1;1;1
23;263_1.xmi;1;1;1;0;0;0;0;0;1;0;0;0;0;0;1;1;1;1;1;1;1;1;1;1;1;1;0;1;1;1;1;1;1;1;1;1;1;1;1;1;1;1;1;1;1;1;0;1;1;1;1
24;264_1.xmi;1;1;1;1;1;1;1;1;1;1;1;1;1;1;1;1;1;1;1;1;1;1;1;1;1;1;1;1;1;1;0;0;1;1;1;1;0;0;0;0;0;0;1;1;1;1;0;1;1;1;1
25;265_1.xmi;1;1;1;1;1;1;1;1;1;1;1;1;1;1;1;1;1;1;1;1;1;1;1;1;1;1;1;1;1;1;1;1;1;1;1;1;1;1;1;1;1;1;1;1;1;1;1;1;1;1;1
26;266_1.xmi;1;1;1;1;1;1;1;1;1;1;1;1;1;1;1;1;1;1;1;1;1;1;1;1;1;1;1;1;1;1;0;0;1;1;1;1;1;1;1;1;1;1;1;1;1;1;1;1;1;1;1
27;267_1.xmi;1;1;1;1;1;1;1;1;1;1;1;1;1;1;1;1;1;1;1;1;1;1;1;1;1;1;0;1;1;1;1;1;1;1;1;1;1;1;1;1;1;1;1;1;1;1;1;1;1;1;1
28;268_1.xmi;1;1;1;1;1;1;1;1;1;1;1;1;1;1;1;1;1;1;1;1;1;1;0;1;0;1;0;1;1;1;1;1;1;1;1;1;0;0;0;0;1;1;1;1;1;1;1;1;1;1;1
29;269_1.xmi;1;0;1;1;1;1;1;1;1;0;0;0;0;1;1;1;1;1;1;1;1;1;1;1;1;1;0;1;1;1;1;1;1;1;1;1;1;1;1;1;1;1;1;1;1;1;1;1;1;1;1
30;270_1.xmi;1;1;1;1;1;1;1;1;1;1;1;1;1;1;1;1;1;1;1;1;1;1;1;1;1;1;0;1;1;1;1;1;1;1;1;1;1;1;1;1;1;1;1;1;1;1;1;1;1;1;1
Round no.;File;StateInRegion_M1;StateInRegion_M2;choiceHasNoIncoming_M1;choiceHasNoIncoming_M2;choiceHasNoIncoming_M3;choiceHasNoIncoming_M4;choiceHasNoIncoming_M5;choiceHasNoIncoming_M6;choiceHasNoOutgoing_M1;choiceHasNoOutgoing_M2;choiceHasNoOutgoing_M3;choiceHasNoOutgoing_M4;choiceHasNoOutgoing_M5;choiceHasNoOutgoing_M6;entryInRegion_M1;entryInRegion_M2;incomingToEntry_1;incomingToEntry_2;incomingToEntry_3;incomingToEntry_4;incomingToEntry_5;multipleEntryInRegion_M1;multipleEntryInRegion_M2;multipleEntryInRegion_M3;multipleEntryInRegion_M4;multipleEntryInRegion_M5;multipleTransitionFromEntry_M1;multipleTransitionFromEntry_M2;multipleTransitionFromEntry_M3;multipleTransitionFromEntry_M4;noEntryInRegion_M1;noEntryInRegion_M2;noEntryInRegion_M3;noEntryInRegion_M4;noEntryInRegion_M5;noOutgoingTransitionFromEntry_M1;noOutgoingTransitionFromEntry_M2;noOutgoingTransitionFromEntry_M3;noOutgoingTransitionFromEntry_M4;noOutgoingTransitionFromEntry_M5;noStateInRegion_M1;noStateInRegion_M2;noStateInRegion_M3;outgoingFromExit_M1;outgoingFromExit_M2;outgoingFromFinal_M1;outgoingFromFinal_M2;transition_M1;transition_M2;transition_M3;transition_M4
1;271_1.xmi;1;1;1;1;1;1;1;1;1;1;1;1;1;1;1;1;1;1;0;0;0;1;0;1;0;1;0;1;1;1;1;1;1;1;1;1;0;0;0;0;1;1;1;1;1;1;1;1;1;1;1
2;272_1.xmi;1;1;1;1;1;1;1;1;1;1;1;1;1;1;1;1;1;1;1;1;1;1;1;1;1;1;1;1;1;1;1;1;1;1;1;1;1;1;1;1;1;1;1;1;1;1;1;1;1;1;1
3;273_1.xmi;1;1;1;1;1;1;1;1;1;1;1;1;1;1;1;1;1;1;1;1;1;1;1;1;1;1;0;1;1;1;1;1;1;1;1;1;1;1;1;1;1;1;1;1;1;1;1;1;1;1;1
4;274_1.xmi;1;1;1;1;1;1;1;1;1;1;1;1;1;1;1;1;1;1;1;1;1;1;1;1;1;1;1;1;1;1;1;1;1;1;1;1;1;1;1;1;1;1;1;1;1;1;1;1;1;1;1
5;275_1.xmi;1;1;1;1;1;1;1;1;1;1;1;1;1;1;1;1;1;1;0;0;0;1;1;1;1;1;0;0;0;0;1;1;1;1;1;1;1;1;1;1;1;1;1;1;1;1;1;1;1;1;1
6;276_1.xmi;1;1;1;1;1;1;1;1;1;1;1;1;1;1;1;1;1;1;1;1;1;1;1;1;1;1;0;1;1;1;1;1;1;1;1;1;1;1;1;1;1;1;1;1;1;1;1;1;1;1;1
7;277_1.xmi;1;1;1;1;1;1;1;1;1;1;1;1;1;1;1;1;1;1;1;1;1;1;1;1;1;1;0;1;1;1;1;1;1;1;1;1;1;1;1;1;1;1;1;1;1;1;1;1;1;1;1
8;278_1.xmi;1;1;1;0;0;0;0;1;1;1;1;1;1;1;1;1;1;1;1;1;1;1;1;1;1;1;0;1;1;1;1;1;1;1;1;1;1;1;1;1;1;1;1;1;1;1;1;1;1;1;1
9;279_1.xmi;1;1;1;1;1;1;1;1;1;0;0;0;0;1;1;1;1;1;1;1;1;1;1;1;1;1;1;1;1;1;1;1;1;1;1;1;0;0;0;0;1;1;1;1;1;1;1;1;1;1;1
10;280_1.xmi;1;1;1;1;1;1;1;1;1;1;1;1;1;1;1;1;1;1;1;1;1;1;1;1;1;1;0;1;1;1;1;1;1;1;1;1;1;1;1;1;1;1;1;1;1;1;1;1;1;1;1
11;281_1.xmi;1;1;1;1;1;1;1;1;1;1;1;1;1;1;1;1;1;1;0;0;0;1;0;1;0;1;0;0;0;0;1;1;1;1;1;1;1;1;1;1;1;1;1;1;1;1;1;1;1;1;1
12;282_1.xmi;1;1;1;1;1;1;1;1;1;1;1;1;1;1;1;1;1;1;1;1;1;1;1;1;1;1;0;1;1;1;1;1;1;1;1;1;1;1;1;1;1;1;1;1;1;1;1;1;1;1;1
13;283_1.xmi;1;1;1;1;1;1;1;1;1;1;1;1;1;1;1;1;1;1;1;1;1;1;1;1;1;1;1;1;1;1;1;1;1;1;1;1;1;1;1;1;1;1;1;1;1;1;1;1;1;1;1
14;284_1.xmi;1;1;1;0;0;0;0;1;1;0;0;0;0;1;1;1;1;1;1;1;1;1;1;1;1;1;0;1;1;1;1;1;1;1;1;1;1;1;1;1;1;1;1;1;1;1;1;1;1;1;1
15;285_1.xmi;1;1;1;1;1;1;1;1;1;1;1;1;1;1;1;1;1;1;1;1;1;1;1;1;1;1;1;1;1;1;1;1;1;1;1;1;1;1;1;1;1;1;1;1;0;1;1;1;1;1;1
16;286_1.xmi;1;1;1;1;1;1;1;1;1;1;1;1;1;1;1;1;1;1;1;1;1;1;1;1;1;1;0;1;1;1;1;1;1;1;1;1;1;1;1;1;1;1;1;1;1;1;1;1;1;1;1
17;287_1.xmi;1;1;1;1;1;1;1;1;1;1;1;1;1;1;1;1;1;1;1;1;1;1;1;1;1;1;0;1;1;1;0;0;1;1;1;1;1;1;1;1;1;1;1;1;1;1;1;1;1;1;1
18;288_1.xmi;1;1;1;1;1;1;1;1;1;1;1;1;1;1;1;1;1;1;0;0;0;1;1;1;1;1;1;1;1;1;1;1;1;1;1;1;1;1;1;1;1;1;1;1;1;1;1;1;1;1;1
19;289_1.xmi;1;1;1;1;1;1;1;1;1;1;1;1;1;1;1;1;1;1;1;1;1;1;1;1;1;1;0;1;1;1;1;1;1;1;1;1;1;1;1;1;1;1;1;1;1;1;1;1;1;1;1
20;290_1.xmi;1;1;1;1;1;1;1;1;1;1;1;1;1;1;1;1;1;1;1;1;1;1;1;1;1;1;1;1;1;1;1;1;1;1;1;1;1;1;1;1;1;1;1;1;1;1;1;1;1;1;1
21;291_1.xmi;1;1;1;1;1;1;1;1;1;1;1;1;1;1;1;1;1;1;1;1;1;1;1;1;1;1;0;1;1;1;1;1;1;1;1;1;1;1;1;1;0;0;1;1;1;1;1;1;1;1;1
22;292_1.xmi;1;1;1;1;1;1;1;1;1;1;1;1;1;1;1;1;1;1;1;1;1;1;1;1;1;1;1;1;1;1;0;0;1;1;1;1;1;1;1;1;0;0;1;1;1;1;1;1;1;1;1
23;293_1.xmi;1;1;1;1;1;1;1;1;1;1;1;1;1;1;1;1;1;1;1;1;1;1;1;1;1;1;0;0;0;0;1;1;1;1;1;1;1;1;1;1;1;1;1;1;1;1;1;1;1;1;1
24;294_1.xmi;1;1;1;1;1;1;1;1;1;0;0;0;0;1;1;1;1;1;1;1;1;1;1;1;1;1;1;1;1;1;1;1;1;1;1;1;1;1;1;1;1;1;1;1;1;1;1;1;1;1;1
25;295_1.xmi;1;1;1;1;1;1;1;1;1;1;1;1;1;1;1;1;1;1;1;1;1;1;1;1;1;1;0;1;1;1;1;1;1;1;1;1;1;1;1;1;1;1;1;1;1;1;1;1;1;1;1
26;296_1.xmi;1;1;1;1;1;1;1;1;1;1;1;1;1;1;1;1;1;1;0;0;0;1;1;1;1;1;0;1;1;1;1;1;1;1;1;1;1;1;1;1;1;1;1;1;1;1;1;1;1;1;1
27;297_1.xmi;1;1;1;1;1;1;1;1;1;1;1;1;1;1;1;1;1;1;1;1;1;1;1;1;1;1;1;1;1;1;1;1;1;1;1;1;1;1;1;1;1;1;1;1;0;1;1;1;1;1;1
28;298_1.xmi;1;1;1;1;1;1;1;1;1;1;1;1;1;1;1;1;1;1;1;1;1;1;1;1;1;1;1;1;1;1;1;1;1;1;1;1;1;1;1;1;1;1;1;1;1;1;0;1;1;1;1
29;299_1.xmi;1;1;1;1;1;1;1;1;1;1;1;1;1;1;1;1;1;1;1;1;1;1;1;1;1;1;1;1;1;1;1;1;1;1;1;1;1;1;1;1;1;1;1;1;1;1;1;1;1;1;1
30;300_1.xmi;1;1;1;1;1;1;1;1;1;1;1;1;1;1;1;1;1;1;1;1;1;1;1;1;1;1;0;1;1;1;0;0;1;1;1;1;1;1;1;1;1;1;1;1;1;1;1;1;1;1;1
Round no.;File;StateInRegion_M1;StateInRegion_M2;choiceHasNoIncoming_M1;choiceHasNoIncoming_M2;choiceHasNoIncoming_M3;choiceHasNoIncoming_M4;choiceHasNoIncoming_M5;choiceHasNoIncoming_M6;choiceHasNoOutgoing_M1;choiceHasNoOutgoing_M2;choiceHasNoOutgoing_M3;choiceHasNoOutgoing_M4;choiceHasNoOutgoing_M5;choiceHasNoOutgoing_M6;entryInRegion_M1;entryInRegion_M2;incomingToEntry_1;incomingToEntry_2;incomingToEntry_3;incomingToEntry_4;incomingToEntry_5;multipleEntryInRegion_M1;multipleEntryInRegion_M2;multipleEntryInRegion_M3;multipleEntryInRegion_M4;multipleEntryInRegion_M5;multipleTransitionFromEntry_M1;multipleTransitionFromEntry_M2;multipleTransitionFromEntry_M3;multipleTransitionFromEntry_M4;noEntryInRegion_M1;noEntryInRegion_M2;noEntryInRegion_M3;noEntryInRegion_M4;noEntryInRegion_M5;noOutgoingTransitionFromEntry_M1;noOutgoingTransitionFromEntry_M2;noOutgoingTransitionFromEntry_M3;noOutgoingTransitionFromEntry_M4;noOutgoingTransitionFromEntry_M5;noStateInRegion_M1;noStateInRegion_M2;noStateInRegion_M3;outgoingFromExit_M1;outgoingFromExit_M2;outgoingFromFinal_M1;outgoingFromFinal_M2;transition_M1;transition_M2;transition_M3;transition_M4
1;301_1.xmi;1;1;1;1;1;1;1;1;1;1;1;1;1;1;1;0;1;0;0;0;0;0;0;0;0;0;0;0;0;0;1;1;1;1;1;1;0;0;0;0;1;1;1;1;1;1;1;1;1;1;1
2;302_1.xmi;1;1;1;1;1;1;1;1;1;1;1;1;1;1;1;1;1;1;1;1;1;1;1;1;1;1;0;1;1;1;0;0;1;1;1;1;1;1;1;1;1;1;1;1;1;1;1;1;1;1;1
3;303_1.xmi;1;1;1;1;1;1;1;1;1;1;1;1;1;1;1;1;1;1;1;1;1;1;1;1;1;1;0;1;1;1;1;1;1;1;1;1;1;1;1;1;1;1;1;1;1;1;1;1;1;1;1
4;304_1.xmi;1;1;1;1;1;1;1;1;1;1;1;1;1;1;1;1;1;1;1;1;1;1;1;1;1;1;1;1;1;1;1;1;1;1;1;1;0;0;0;0;1;1;1;1;1;1;1;1;1;1;1
5;305_1.xmi;1;1;1;1;1;1;1;1;1;1;1;1;1;1;1;1;1;1;1;1;1;1;1;1;1;1;0;1;1;1;1;1;1;1;1;1;1;1;1;1;1;1;1;1;1;1;1;1;1;1;1
6;306_1.xmi;1;1;1;1;1;1;1;1;1;1;1;1;1;1;1;1;1;1;1;1;1;1;1;1;1;1;1;1;1;1;1;1;1;1;1;1;1;1;1;1;1;1;1;1;1;1;1;1;1;1;1
7;307_1.xmi;1;1;1;1;1;1;1;1;1;1;1;1;1;1;1;0;1;0;0;0;0;0;0;0;0;0;0;0;0;0;1;1;1;1;1;1;0;0;0;0;1;1;1;1;1;1;1;1;1;1;1
8;308_1.xmi;1;1;1;1;1;1;1;1;1;1;1;1;1;1;1;1;1;1;1;1;1;1;1;1;1;1;0;1;1;1;0;0;1;1;1;1;1;1;1;1;0;0;1;1;1;1;1;1;1;1;1
9;309_1.xmi;1;1;1;1;1;1;1;1;1;1;1;1;1;1;1;1;1;1;0;0;0;1;1;1;1;1;0;1;1;1;1;1;1;1;1;1;1;1;1;1;1;1;1;1;1;1;1;1;1;1;1
10;310_1.xmi;1;1;1;1;1;1;1;1;1;1;1;1;1;1;1;1;1;1;1;1;1;1;1;1;1;1;1;1;1;1;1;1;1;1;1;1;1;1;1;1;1;1;1;1;1;1;1;1;1;1;1
11;311_1.xmi;1;1;1;1;1;1;1;1;1;1;1;1;1;1;1;1;1;1;1;1;1;1;1;1;1;1;1;1;1;1;1;1;1;1;1;1;1;1;1;1;1;1;1;1;1;1;1;1;1;1;1
12;312_1.xmi;1;1;1;1;1;1;1;1;1;1;1;1;1;1;1;1;1;1;1;1;1;1;1;1;1;1;1;1;1;1;1;1;1;1;1;1;1;1;1;1;1;1;1;1;1;1;1;1;1;1;1
13;313_1.xmi;1;1;1;1;1;1;1;1;1;0;0;0;0;1;1;1;1;1;1;1;1;1;1;1;1;1;1;1;1;1;1;1;1;1;1;1;1;1;1;1;1;1;1;1;1;1;1;1;1;1;1
14;314_1.xmi;1;1;1;0;0;0;0;1;1;1;1;1;1;1;1;1;1;1;1;1;1;1;1;1;1;1;1;1;1;1;1;1;1;1;1;1;1;1;1;1;1;1;1;1;1;1;1;1;1;1;1
15;315_1.xmi;1;1;1;1;1;1;1;1;1;1;1;1;1;1;1;1;1;1;1;1;1;1;1;1;1;1;1;1;1;1;1;1;1;1;1;1;1;1;1;1;1;1;1;1;1;1;1;1;1;1;1
16;316_1.xmi;1;1;1;1;1;1;1;1;1;1;1;1;1;1;1;1;1;1;1;1;1;1;1;1;1;1;0;0;0;0;1;1;1;1;1;1;1;1;1;1;1;1;1;1;1;1;1;1;1;1;1
17;317_1.xmi;1;1;1;1;1;1;1;1;1;1;1;1;1;1;1;1;1;1;0;0;0;1;1;1;1;1;0;1;1;1;1;1;1;1;1;1;1;1;1;1;1;1;1;1;1;1;1;1;1;1;1
18;318_1.xmi;1;1;1;0;0;0;0;0;1;0;0;0;0;0;1;1;1;1;1;1;1;1;1;1;1;1;0;1;1;1;1;1;1;1;1;1;1;1;1;1;1;1;1;1;1;1;1;1;1;1;1
19;319_1.xmi;1;1;1;0;0;0;0;1;1;0;0;0;0;1;1;1;1;1;1;1;1;1;1;1;1;1;1;1;1;1;1;1;1;1;1;1;1;1;1;1;1;1;1;1;1;1;1;1;1;1;1
20;320_1.xmi;1;1;1;1;1;1;1;1;1;1;1;1;1;1;1;1;1;1;1;1;1;1;1;1;1;1;1;1;1;1;1;1;1;1;1;1;1;1;1;1;1;1;1;1;1;1;1;1;1;1;1
21;321_1.xmi;1;1;1;1;1;1;1;1;1;1;1;1;1;1;1;1;1;1;0;0;0;0;0;0;0;1;0;0;0;0;1;1;1;1;1;1;1;1;1;1;1;1;1;1;1;1;1;1;1;1;1
22;322_1.xmi;1;1;1;0;0;0;0;1;1;0;0;0;0;1;1;1;1;1;1;1;1;1;1;1;1;1;1;1;1;1;1;1;1;1;1;1;1;1;1;1;1;1;1;1;1;1;1;1;1;1;1
23;323_1.xmi;1;1;1;1;1;1;1;1;1;1;1;1;1;1;1;1;1;1;1;1;1;1;1;1;1;1;0;1;1;1;1;1;1;1;1;1;1;1;1;1;1;1;1;1;1;1;1;1;1;1;1
24;324_1.xmi;1;1;1;1;1;1;1;1;1;1;1;1;1;1;1;1;1;1;1;1;1;1;1;1;1;1;0;1;1;1;1;1;1;1;1;1;1;1;1;1;1;1;1;1;1;1;1;1;1;1;1
25;325_1.xmi;1;1;1;1;1;1;1;1;1;1;1;1;1;1;1;1;1;1;0;0;0;1;0;1;0;1;0;0;0;0;1;1;1;1;1;1;1;1;1;1;1;1;1;1;1;1;1;1;1;1;1
26;326_1.xmi;1;1;1;1;1;1;1;1;1;1;1;1;1;1;1;1;1;1;1;1;1;1;1;1;1;1;1;1;1;1;1;1;1;1;1;1;1;1;1;1;1;1;1;1;1;1;1;1;1;1;1
27;327_1.xmi;1;1;1;1;1;1;1;1;1;1;1;1;1;1;1;1;1;1;0;0;0;1;1;1;1;1;0;0;0;0;1;1;1;1;1;1;1;1;1;1;1;1;1;1;1;1;1;1;1;1;1
28;328_1.xmi;1;1;1;1;1;1;1;1;1;1;1;1;1;1;1;1;1;1;1;1;1;1;1;1;1;1;1;1;1;1;0;0;1;1;1;1;1;1;1;1;0;0;1;1;1;1;1;1;1;1;1
29;329_1.xmi;1;0;1;0;0;0;0;1;1;0;0;0;0;1;1;1;1;1;1;1;1;1;1;1;1;1;1;1;1;1;0;0;1;1;1;1;1;1;1;1;1;1;1;1;1;1;1;1;1;1;1
30;330_1.xmi;1;1;1;1;1;1;1;1;1;1;1;1;1;1;1;1;1;1;1;1;1;1;1;1;1;1;0;1;1;1;1;1;1;1;1;1;1;1;1;1;1;1;1;1;1;1;1;1;1;1;1
Round no.;File;StateInRegion_M1;StateInRegion_M2;choiceHasNoIncoming_M1;choiceHasNoIncoming_M2;choiceHasNoIncoming_M3;choiceHasNoIncoming_M4;choiceHasNoIncoming_M5;choiceHasNoIncoming_M6;choiceHasNoOutgoing_M1;choiceHasNoOutgoing_M2;choiceHasNoOutgoing_M3;choiceHasNoOutgoing_M4;choiceHasNoOutgoing_M5;choiceHasNoOutgoing_M6;entryInRegion_M1;entryInRegion_M2;incomingToEntry_1;incomingToEntry_2;incomingToEntry_3;incomingToEntry_4;incomingToEntry_5;multipleEntryInRegion_M1;multipleEntryInRegion_M2;multipleEntryInRegion_M3;multipleEntryInRegion_M4;multipleEntryInRegion_M5;multipleTransitionFromEntry_M1;multipleTransitionFromEntry_M2;multipleTransitionFromEntry_M3;multipleTransitionFromEntry_M4;noEntryInRegion_M1;noEntryInRegion_M2;noEntryInRegion_M3;noEntryInRegion_M4;noEntryInRegion_M5;noOutgoingTransitionFromEntry_M1;noOutgoingTransitionFromEntry_M2;noOutgoingTransitionFromEntry_M3;noOutgoingTransitionFromEntry_M4;noOutgoingTransitionFromEntry_M5;noStateInRegion_M1;noStateInRegion_M2;noStateInRegion_M3;outgoingFromExit_M1;outgoingFromExit_M2;outgoingFromFinal_M1;outgoingFromFinal_M2;transition_M1;transition_M2;transition_M3;transition_M4
1;331_1.xmi;1;1;1;1;1;1;1;1;1;1;1;1;1;1;1;1;1;1;0;0;0;1;1;1;1;1;1;1;1;1;1;1;1;1;1;1;1;1;1;1;1;1;1;1;1;1;1;1;1;1;1
2;332_1.xmi;1;1;1;1;1;1;1;1;1;1;1;1;1;1;1;1;1;1;1;1;1;1;1;1;1;1;1;1;1;1;1;1;1;1;1;1;1;1;1;1;1;1;1;1;1;1;1;1;1;1;1
3;333_1.xmi;1;1;1;1;1;1;1;1;1;1;1;1;1;1;1;1;1;1;1;1;1;1;1;1;1;1;0;0;0;0;1;1;1;1;1;1;1;1;1;1;1;1;1;1;1;1;1;1;1;1;1
4;334_1.xmi;1;1;1;1;1;1;1;1;1;0;0;0;0;1;1;1;1;1;1;1;1;1;1;1;1;1;0;1;1;1;1;1;1;1;1;1;1;1;1;1;1;1;1;1;1;1;0;1;1;1;1
5;335_1.xmi;1;1;1;1;1;1;1;1;1;1;1;1;1;1;1;1;1;1;1;1;1;1;1;1;1;1;0;1;1;1;1;1;1;1;1;1;1;1;1;1;1;1;1;1;1;1;1;1;1;1;1
6;336_1.xmi;1;1;1;1;1;1;1;1;1;1;1;1;1;1;1;1;1;1;1;1;1;1;1;1;1;1;0;0;0;0;1;1;1;1;1;1;1;1;1;1;1;1;1;1;1;1;1;1;1;1;1
7;337_1.xmi;1;1;1;1;1;1;1;1;1;1;1;1;1;1;1;1;1;1;1;1;1;1;1;1;1;1;1;1;1;1;0;0;1;1;1;1;0;0;0;0;1;1;1;1;1;1;1;1;1;1;1
8;338_1.xmi;1;1;1;1;1;1;1;1;1;1;1;1;1;1;1;1;1;1;1;1;1;1;1;1;1;1;1;1;1;1;1;1;1;1;1;1;1;1;1;1;1;1;1;1;1;1;1;1;1;1;1
9;339_1.xmi;1;1;1;1;1;1;1;1;1;1;1;1;1;1;1;1;1;1;0;0;0;1;1;1;1;1;0;0;0;0;1;1;1;1;1;1;1;1;1;1;1;1;1;1;1;1;1;1;1;1;1
10;340_1.xmi;1;1;1;1;1;1;1;1;1;1;1;1;1;1;1;1;1;1;1;1;1;1;1;1;1;1;1;1;1;1;1;1;1;1;1;1;1;1;1;1;1;1;1;1;1;1;1;1;1;1;1
11;341_1.xmi;1;1;1;1;1;1;1;1;1;1;1;1;1;1;1;1;1;1;1;1;1;1;1;1;1;1;1;1;1;1;1;1;1;1;1;1;1;1;1;1;1;1;1;1;1;1;1;1;1;1;1
12;342_1.xmi;1;1;1;1;1;1;1;1;1;1;1;1;1;1;1;1;1;1;0;0;0;1;1;1;1;1;0;0;0;0;1;1;1;1;1;1;1;1;1;1;1;1;1;1;1;1;1;1;1;1;1
13;343_1.xmi;1;1;1;1;1;1;1;1;1;1;1;1;1;1;1;1;1;1;1;1;1;1;1;1;1;1;1;1;1;1;1;1;1;1;1;1;1;1;1;1;1;1;1;1;1;1;1;1;1;1;1
14;344_1.xmi;1;1;1;1;1;1;1;1;1;1;1;1;1;1;1;1;1;1;1;1;1;1;1;1;1;1;0;1;1;1;1;1;1;1;1;1;1;1;1;1;1;1;1;1;1;1;1;1;1;1;1
15;345_1.xmi;1;1;1;0;0;0;0;0;1;0;0;0;0;0;1;1;1;1;1;1;1;1;1;1;1;1;0;0;0;0;1;1;1;1;1;1;1;1;1;1;1;1;1;1;1;1;1;1;1;1;1
16;346_1.xmi;1;1;1;1;1;1;1;1;1;1;1;1;1;1;1;1;1;1;1;1;1;1;1;1;1;1;0;0;0;0;1;1;1;1;1;1;1;1;1;1;1;1;1;1;1;1;1;1;1;1;1
17;347_1.xmi;1;1;1;1;1;1;1;1;1;1;1;1;1;1;1;1;1;1;1;1;1;1;1;1;1;1;0;1;1;1;1;1;1;1;1;1;1;1;1;1;1;1;1;1;1;1;1;1;1;1;1
18;348_1.xmi;1;1;1;1;1;1;1;1;1;1;1;1;1;1;1;1;1;1;1;1;1;1;1;1;1;1;1;1;1;1;0;0;1;1;1;1;0;0;0;0;0;0;1;1;1;1;1;1;1;1;1
19;349_1.xmi;1;1;1;0;0;0;0;1;1;0;0;0;0;1;1;1;1;1;1;1;1;1;1;1;1;1;0;1;1;1;1;1;1;1;1;1;1;1;1;1;1;1;1;1;1;1;1;1;1;1;1
20;350_1.xmi;1;1;1;1;1;1;1;1;1;1;1;1;1;1;1;1;1;1;1;1;1;1;1;1;1;1;0;1;1;1;0;0;1;1;1;1;1;1;1;1;1;1;1;1;1;1;1;1;1;1;1
21;351_1.xmi;1;1;1;1;1;1;1;1;1;0;0;0;0;1;1;1;1;1;1;1;1;1;1;1;1;1;0;1;1;1;1;1;1;1;1;1;1;1;1;1;0;0;1;1;1;1;1;1;1;1;1
22;352_1.xmi;1;1;1;1;1;1;1;1;1;1;1;1;1;1;1;1;1;1;1;1;1;1;1;1;1;1;0;0;0;0;1;1;1;1;1;1;1;1;1;1;1;1;1;1;1;1;1;1;1;1;1
23;353_1.xmi;1;1;1;1;1;1;1;1;1;1;1;1;1;1;1;1;1;1;1;1;1;1;1;1;1;1;0;1;1;1;1;1;1;1;1;1;1;1;1;1;1;1;1;1;1;1;1;1;1;1;1
24;354_1.xmi;1;1;1;0;0;0;0;1;1;1;1;1;1;1;1;1;1;1;1;1;1;1;1;1;1;1;1;1;1;1;1;1;1;1;1;1;0;0;0;0;1;1;1;1;1;1;1;1;1;1;1
25;355_1.xmi;1;1;1;0;0;0;0;1;1;0;0;0;0;1;1;1;1;1;1;1;1;1;1;1;1;1;0;1;1;1;1;1;1;1;1;1;1;1;1;1;1;1;1;1;1;1;1;1;1;1;1
26;356_1.xmi;1;1;1;1;1;1;1;1;1;1;1;1;1;1;1;1;1;1;1;1;1;1;1;1;1;1;1;1;1;1;1;1;1;1;1;1;1;1;1;1;1;1;1;1;1;1;1;1;1;1;1
27;357_1.xmi;1;1;1;1;1;1;1;1;1;1;1;1;1;1;1;1;1;1;1;1;1;1;1;1;1;1;0;1;1;1;1;1;1;1;1;1;0;0;0;0;1;1;1;1;0;1;1;1;1;1;1
28;358_1.xmi;1;1;1;1;1;1;1;1;1;1;1;1;1;1;1;1;1;1;1;1;1;1;1;1;1;1;0;1;1;1;1;1;1;1;1;1;1;1;1;1;1;1;1;1;1;1;1;1;1;1;1
29;359_1.xmi;1;1;1;0;0;0;0;1;1;1;1;1;1;1;1;1;1;1;1;1;1;1;1;1;1;1;1;1;1;1;1;1;1;1;1;1;1;1;1;1;0;0;1;1;1;1;1;1;1;1;1
30;360_1.xmi;1;1;1;1;1;1;1;1;1;1;1;1;1;1;1;1;1;1;1;1;1;1;1;1;1;1;0;1;1;1;0;0;1;1;1;1;1;1;1;1;1;1;1;1;1;1;1;1;1;1;1
Round no.;File;StateInRegion_M1;StateInRegion_M2;choiceHasNoIncoming_M1;choiceHasNoIncoming_M2;choiceHasNoIncoming_M3;choiceHasNoIncoming_M4;choiceHasNoIncoming_M5;choiceHasNoIncoming_M6;choiceHasNoOutgoing_M1;choiceHasNoOutgoing_M2;choiceHasNoOutgoing_M3;choiceHasNoOutgoing_M4;choiceHasNoOutgoing_M5;choiceHasNoOutgoing_M6;entryInRegion_M1;entryInRegion_M2;incomingToEntry_1;incomingToEntry_2;incomingToEntry_3;incomingToEntry_4;incomingToEntry_5;multipleEntryInRegion_M1;multipleEntryInRegion_M2;multipleEntryInRegion_M3;multipleEntryInRegion_M4;multipleEntryInRegion_M5;multipleTransitionFromEntry_M1;multipleTransitionFromEntry_M2;multipleTransitionFromEntry_M3;multipleTransitionFromEntry_M4;noEntryInRegion_M1;noEntryInRegion_M2;noEntryInRegion_M3;noEntryInRegion_M4;noEntryInRegion_M5;noOutgoingTransitionFromEntry_M1;noOutgoingTransitionFromEntry_M2;noOutgoingTransitionFromEntry_M3;noOutgoingTransitionFromEntry_M4;noOutgoingTransitionFromEntry_M5;noStateInRegion_M1;noStateInRegion_M2;noStateInRegion_M3;outgoingFromExit_M1;outgoingFromExit_M2;outgoingFromFinal_M1;outgoingFromFinal_M2;transition_M1;transition_M2;transition_M3;transition_M4
1;361_1.xmi;1;1;1;0;0;0;0;1;1;1;1;1;1;1;1;1;1;1;0;0;0;1;0;1;0;1;0;1;1;1;1;1;1;1;1;1;0;0;0;0;1;1;1;1;1;1;1;1;1;1;1
2;362_1.xmi;1;1;1;1;1;1;1;1;1;1;1;1;1;1;1;1;1;1;0;0;0;1;1;1;1;1;0;0;0;0;1;1;1;1;1;1;1;1;1;1;1;1;1;1;1;1;1;1;1;1;1
3;363_1.xmi;1;1;1;1;1;1;1;1;1;1;1;1;1;1;1;1;1;1;1;1;1;1;1;1;1;1;0;1;1;1;1;1;1;1;1;1;1;1;1;1;1;1;1;1;1;1;0;1;1;1;1
4;364_1.xmi;1;1;1;1;1;1;1;1;1;1;1;1;1;1;1;1;1;1;0;0;0;1;0;1;0;1;0;0;0;0;1;1;1;1;1;1;1;1;1;1;1;1;1;1;1;1;1;1;1;1;1
5;365_1.xmi;1;1;1;1;1;1;1;1;1;1;1;1;1;1;1;1;1;1;0;0;0;1;1;1;1;1;0;0;0;0;1;1;1;1;1;1;1;1;1;1;1;1;1;1;1;1;1;1;1;1;1
6;366_1.xmi;1;1;1;1;1;1;1;1;1;1;1;1;1;1;1;1;1;1;1;1;1;1;1;1;1;1;0;1;1;1;1;1;1;1;1;1;1;1;1;1;1;1;1;1;1;1;1;1;1;1;1
7;367_1.xmi;1;1;1;1;1;1;1;1;1;1;1;1;1;1;1;1;1;1;1;1;1;1;1;1;1;1;0;1;1;1;1;1;1;1;1;1;1;1;1;1;0;0;1;1;1;1;0;1;1;1;1
8;368_1.xmi;1;1;1;0;0;0;0;1;1;0;0;0;0;1;1;1;1;1;1;1;1;1;1;1;1;1;0;1;1;1;0;0;1;1;1;1;1;1;1;1;1;1;1;1;1;1;1;1;1;1;1
9;369_1.xmi;1;1;1;1;1;1;1;1;1;1;1;1;1;1;1;1;1;1;1;1;1;1;1;1;1;1;0;0;0;0;1;1;1;1;1;1;1;1;1;1;1;1;1;1;1;1;1;1;1;1;1
10;370_1.xmi;1;0;1;1;1;1;1;1;1;1;1;1;1;1;1;1;1;1;1;1;1;1;1;1;1;1;1;1;1;1;1;1;1;1;1;1;1;1;1;1;1;1;1;1;1;1;1;1;1;1;1
11;371_1.xmi;1;1;1;1;1;1;1;1;1;1;1;1;1;1;1;1;1;1;0;0;0;1;1;1;1;1;0;1;1;1;1;1;1;1;1;1;1;1;1;1;1;1;1;1;1;1;1;1;1;1;1
12;372_1.xmi;1;1;1;1;1;1;1;1;1;1;1;1;1;1;1;1;1;1;1;1;1;1;1;1;1;1;1;1;1;1;1;1;1;1;1;1;1;1;1;1;1;1;1;1;1;1;1;1;1;1;1
13;373_1.xmi;1;1;1;1;1;1;1;1;1;1;1;1;1;1;1;1;1;1;1;1;1;1;1;1;1;1;0;1;1;1;1;1;1;1;1;1;1;1;1;1;1;1;1;1;1;1;1;1;1;1;1
14;374_1.xmi;1;1;1;1;1;1;1;1;1;1;1;1;1;1;1;1;1;1;1;1;1;1;1;1;1;1;0;0;0;0;1;1;1;1;1;1;1;1;1;1;1;1;1;1;1;1;1;1;1;1;1
15;375_1.xmi;1;1;1;1;1;1;1;1;1;1;1;1;1;1;1;1;1;1;0;0;0;1;1;1;1;1;0;0;0;0;1;1;1;1;1;1;1;1;1;1;1;1;1;1;1;1;1;1;1;1;1
16;376_1.xmi;1;1;1;1;1;1;1;1;1;1;1;1;1;1;1;1;1;1;1;1;1;1;1;1;1;1;0;1;1;1;1;1;1;1;1;1;1;1;1;1;1;1;1;1;1;1;1;1;1;1;1
17;377_1.xmi;1;1;1;1;1;1;1;1;1;1;1;1;1;1;1;1;1;1;1;1;1;1;1;1;1;1;1;1;1;1;1;1;1;1;1;1;1;1;1;1;1;1;1;1;1;1;1;1;1;1;1
18;378_1.xmi;1;1;1;0;0;0;0;0;1;0;0;0;0;0;1;1;1;1;1;1;1;1;1;1;1;1;1;1;1;1;1;1;1;1;1;1;1;1;1;1;1;1;1;1;1;1;1;1;1;1;1
19;379_1.xmi;1;1;1;1;1;1;1;1;1;1;1;1;1;1;1;1;1;1;0;0;0;1;0;1;0;1;0;0;0;0;1;1;1;1;1;1;1;1;1;1;0;0;1;1;1;1;1;1;1;1;1
20;380_1.xmi;1;1;1;1;1;1;1;1;1;1;1;1;1;1;1;0;1;0;0;0;0;0;0;0;0;0;0;0;0;0;1;1;1;1;1;1;0;0;0;0;1;1;1;1;1;1;1;1;1;1;1
21;381_1.xmi;1;1;1;1;1;1;1;1;1;1;1;1;1;1;1;1;1;1;0;0;0;1;1;1;1;1;0;0;0;0;1;1;1;1;1;1;1;1;1;1;1;1;1;1;1;1;1;1;1;1;1
22;382_1.xmi;1;1;1;1;1;1;1;1;1;1;1;1;1;1;1;1;1;1;1;1;1;1;1;1;1;1;1;1;1;1;1;1;1;1;1;1;1;1;1;1;1;1;1;1;1;1;1;1;1;1;1
23;383_1.xmi;1;1;1;1;1;1;1;1;1;1;1;1;1;1;1;1;1;1;1;1;1;1;1;1;1;1;1;1;1;1;0;0;1;1;1;1;1;1;1;1;1;1;1;1;1;1;1;1;1;1;1
24;384_1.xmi;1;1;1;1;1;1;1;1;1;1;1;1;1;1;1;1;1;1;1;1;1;1;1;1;1;1;0;0;0;0;1;1;1;1;1;1;1;1;1;1;1;1;1;1;1;1;1;1;1;1;1
25;385_1.xmi;1;1;1;1;1;1;1;1;1;1;1;1;1;1;1;1;1;1;1;1;1;1;1;1;1;1;1;1;1;1;1;1;1;1;1;1;0;0;0;0;0;0;1;1;1;1;1;1;1;1;1
26;386_1.xmi;1;1;1;0;0;0;0;1;1;1;1;1;1;1;1;1;1;1;1;1;1;1;1;1;1;1;0;1;1;1;1;1;1;1;1;1;1;1;1;1;1;1;1;1;1;1;1;1;1;1;1
27;387_1.xmi;1;1;1;1;1;1;1;1;1;1;1;1;1;1;1;1;1;1;1;1;1;1;1;1;1;1;0;1;1;1;1;1;1;1;1;1;1;1;1;1;1;1;1;1;1;1;1;1;1;1;1
28;388_1.xmi;1;1;1;1;1;1;1;1;1;1;1;1;1;1;1;1;1;1;1;1;1;1;0;1;0;1;0;0;0;0;1;1;1;1;1;1;1;1;1;1;1;1;1;1;1;1;1;1;1;1;1
29;389_1.xmi;1;1;1;1;1;1;1;1;1;1;1;1;1;1;1;1;1;1;1;1;1;1;1;1;1;1;1;1;1;1;1;1;1;1;1;1;1;1;1;1;1;1;1;1;1;1;1;1;1;1;1
30;390_1.xmi;1;1;1;1;1;1;1;1;1;0;0;0;0;1;1;1;1;1;0;0;0;1;0;1;0;1;0;0;0;0;1;1;1;1;1;1;1;1;1;1;1;1;1;1;1;1;1;1;1;1;1
Round no.;File;StateInRegion_M1;StateInRegion_M2;choiceHasNoIncoming_M1;choiceHasNoIncoming_M2;choiceHasNoIncoming_M3;choiceHasNoIncoming_M4;choiceHasNoIncoming_M5;choiceHasNoIncoming_M6;choiceHasNoOutgoing_M1;choiceHasNoOutgoing_M2;choiceHasNoOutgoing_M3;choiceHasNoOutgoing_M4;choiceHasNoOutgoing_M5;choiceHasNoOutgoing_M6;entryInRegion_M1;entryInRegion_M2;incomingToEntry_1;incomingToEntry_2;incomingToEntry_3;incomingToEntry_4;incomingToEntry_5;multipleEntryInRegion_M1;multipleEntryInRegion_M2;multipleEntryInRegion_M3;multipleEntryInRegion_M4;multipleEntryInRegion_M5;multipleTransitionFromEntry_M1;multipleTransitionFromEntry_M2;multipleTransitionFromEntry_M3;multipleTransitionFromEntry_M4;noEntryInRegion_M1;noEntryInRegion_M2;noEntryInRegion_M3;noEntryInRegion_M4;noEntryInRegion_M5;noOutgoingTransitionFromEntry_M1;noOutgoingTransitionFromEntry_M2;noOutgoingTransitionFromEntry_M3;noOutgoingTransitionFromEntry_M4;noOutgoingTransitionFromEntry_M5;noStateInRegion_M1;noStateInRegion_M2;noStateInRegion_M3;outgoingFromExit_M1;outgoingFromExit_M2;outgoingFromFinal_M1;outgoingFromFinal_M2;transition_M1;transition_M2;transition_M3;transition_M4
1;181_1.xmi;1;1;1;1;1;1;1;1;1;1;1;1;1;1;1;1;1;1;1;1;1;1;1;1;1;1;0;1;1;1;1;1;1;1;1;1;1;1;1;1;1;1;1;1;1;1;1;1;1;1;1
2;182_1.xmi;1;1;1;1;1;1;1;1;1;1;1;1;1;1;1;1;1;1;1;1;1;1;1;1;1;1;1;1;1;1;1;1;1;1;1;1;1;1;1;1;1;1;1;1;1;1;1;1;1;1;1
3;183_1.xmi;1;1;1;1;1;1;1;1;1;1;1;1;1;1;1;1;1;1;1;1;1;1;1;1;1;1;1;1;1;1;1;1;1;1;1;1;1;1;1;1;1;1;1;1;1;1;1;1;1;1;1
4;184_1.xmi;1;1;1;1;1;1;1;1;1;1;1;1;1;1;1;0;1;0;0;0;0;0;0;0;0;0;0;0;0;0;1;1;1;1;1;1;0;0;0;0;1;1;1;1;1;1;1;1;1;1;1
5;185_1.xmi;1;0;1;1;1;1;1;1;1;1;1;1;1;1;1;1;1;1;0;0;0;1;1;1;1;1;0;1;1;1;1;1;1;1;1;1;1;1;1;1;1;1;1;1;1;1;1;1;1;1;1
6;186_1.xmi;1;1;1;1;1;1;1;1;1;1;1;1;1;1;1;1;1;1;0;0;0;1;0;1;0;1;0;0;0;0;1;1;1;1;1;1;1;1;1;1;1;1;1;1;1;1;1;1;1;1;1
7;187_1.xmi;1;1;1;1;1;1;1;1;1;1;1;1;1;1;1;1;1;1;1;1;1;1;1;1;1;1;0;0;0;0;1;1;1;1;1;1;1;1;1;1;1;1;1;1;1;1;1;1;1;1;1
8;188_1.xmi;1;1;1;1;1;1;1;1;1;1;1;1;1;1;1;1;1;1;0;0;0;1;1;1;1;1;0;1;1;1;1;1;1;1;1;1;1;1;1;1;1;1;1;1;1;1;1;1;1;1;1
9;189_1.xmi;1;1;1;1;1;1;1;1;1;1;1;1;1;1;1;1;1;1;1;1;1;1;1;1;1;1;0;1;1;1;1;1;1;1;1;1;1;1;1;1;1;1;1;1;1;1;1;1;1;1;1
10;190_1.xmi;1;1;1;1;1;1;1;1;1;1;1;1;1;1;1;1;1;1;1;1;1;1;1;1;1;1;1;1;1;1;1;1;1;1;1;1;1;1;1;1;1;1;1;1;1;1;1;1;1;1;1
11;191_1.xmi;1;1;1;1;1;1;1;1;1;1;1;1;1;1;1;1;1;1;1;1;1;1;1;1;1;1;1;1;1;1;1;1;1;1;1;1;1;1;1;1;1;1;1;1;1;1;1;1;1;1;1
12;192_1.xmi;1;1;1;1;1;1;1;1;1;1;1;1;1;1;1;1;1;1;1;1;1;1;1;1;1;1;1;1;1;1;0;0;1;1;1;1;1;1;1;1;1;1;1;1;0;1;1;1;1;1;1
13;193_1.xmi;1;1;1;1;1;1;1;1;1;1;1;1;1;1;1;1;1;1;1;1;1;1;1;1;1;1;0;1;1;1;0;0;1;1;1;1;0;0;0;0;0;0;1;1;1;1;1;1;1;1;1
14;194_1.xmi;1;1;1;1;1;1;1;1;1;0;0;0;0;1;1;1;1;1;1;1;1;1;1;1;1;1;1;1;1;1;0;0;1;1;1;1;1;1;1;1;1;1;1;1;1;1;1;1;1;1;1
15;195_1.xmi;1;1;1;1;1;1;1;1;1;0;0;0;0;1;1;1;1;1;1;1;1;1;1;1;1;1;1;1;1;1;1;1;1;1;1;1;1;1;1;1;1;1;1;1;1;1;1;1;1;1;1
16;196_1.xmi;1;1;1;1;1;1;1;1;1;1;1;1;1;1;1;1;1;1;0;0;0;1;0;1;0;1;0;1;1;1;1;1;1;1;1;1;0;0;0;0;1;1;1;1;1;1;1;1;1;1;1
17;197_1.xmi;1;0;1;0;0;0;0;1;1;0;0;0;0;1;1;1;1;1;1;1;1;1;1;1;1;1;1;1;1;1;0;0;1;1;1;1;1;1;1;1;1;1;1;1;1;1;1;1;1;1;1
18;198_1.xmi;1;1;1;1;1;1;1;1;1;1;1;1;1;1;1;1;1;1;1;1;1;1;0;1;0;1;0;1;1;1;1;1;1;1;1;1;0;0;0;0;1;1;1;1;1;1;1;1;1;1;1
19;199_1.xmi;1;1;1;1;1;1;1;1;1;1;1;1;1;1;1;1;1;1;1;1;1;1;1;1;1;1;0;1;1;1;1;1;1;1;1;1;1;1;1;1;1;1;1;1;1;1;1;1;1;1;1
20;200_1.xmi;1;1;1;1;1;1;1;1;1;1;1;1;1;1;1;1;1;1;1;1;1;1;1;1;1;1;0;1;1;1;1;1;1;1;1;1;1;1;1;1;1;1;1;1;1;1;1;1;1;1;1
21;391_1.xmi;1;1;1;1;1;1;1;1;1;0;0;0;0;1;1;1;1;1;1;1;1;1;1;1;1;1;0;1;1;1;1;1;1;1;1;1;1;1;1;1;1;1;1;1;1;1;1;1;1;1;1
22;392_1.xmi;1;1;1;1;1;1;1;1;1;1;1;1;1;1;1;1;1;1;1;1;1;1;1;1;1;1;0;1;1;1;1;1;1;1;1;1;1;1;1;1;1;1;1;1;1;1;1;1;1;1;1
23;393_1.xmi;1;1;1;0;0;0;0;1;1;0;0;0;0;1;1;1;1;1;1;1;1;1;1;1;1;1;1;1;1;1;1;1;1;1;1;1;0;0;0;0;1;1;1;1;1;1;1;1;1;1;1
24;394_1.xmi;1;1;1;1;1;1;1;1;1;1;1;1;1;1;1;1;1;1;1;1;1;1;1;1;1;1;1;1;1;1;1;1;1;1;1;1;1;1;1;1;1;1;1;1;1;1;1;1;1;1;1
25;395_1.xmi;1;1;1;1;1;1;1;1;1;1;1;1;1;1;1;1;1;1;1;1;1;1;1;1;1;1;0;1;1;1;1;1;1;1;1;1;1;1;1;1;1;1;1;1;1;1;1;1;1;1;1
26;396_1.xmi;1;1;1;1;1;1;1;1;1;1;1;1;1;1;1;1;1;1;1;1;1;1;1;1;1;1;0;1;1;1;1;1;1;1;1;1;1;1;1;1;1;1;1;1;1;1;1;1;1;1;1
27;397_1.xmi;1;1;1;0;0;0;0;1;1;0;0;0;0;1;1;1;1;1;1;1;1;1;0;1;0;1;1;1;1;1;1;1;1;1;1;1;0;0;0;0;1;1;1;1;1;1;1;1;1;1;1
28;398_1.xmi;1;1;1;1;1;1;1;1;1;1;1;1;1;1;1;1;1;1;0;0;0;1;1;1;1;1;0;1;1;1;1;1;1;1;1;1;1;1;1;1;0;0;1;1;0;1;1;1;1;1;1
29;399_1.xmi;1;1;1;0;0;0;0;1;1;1;1;1;1;1;1;1;1;1;1;1;1;1;0;1;0;1;0;1;1;1;1;1;1;1;1;1;0;0;0;0;1;1;1;1;1;1;1;1;1;1;1
30;400_1.xmi;1;1;1;1;1;1;1;1;1;0;0;0;0;1;1;1;1;1;1;1;1;1;1;1;1;1;0;1;1;1;1;1;1;1;1;1;1;1;1;1;1;1;1;1;1;1;1;1;1;1;1
Round no.;File;StateInRegion_M1;StateInRegion_M2;choiceHasNoIncoming_M1;choiceHasNoIncoming_M2;choiceHasNoIncoming_M3;choiceHasNoIncoming_M4;choiceHasNoIncoming_M5;choiceHasNoIncoming_M6;choiceHasNoOutgoing_M1;choiceHasNoOutgoing_M2;choiceHasNoOutgoing_M3;choiceHasNoOutgoing_M4;choiceHasNoOutgoing_M5;choiceHasNoOutgoing_M6;entryInRegion_M1;entryInRegion_M2;incomingToEntry_1;incomingToEntry_2;incomingToEntry_3;incomingToEntry_4;incomingToEntry_5;multipleEntryInRegion_M1;multipleEntryInRegion_M2;multipleEntryInRegion_M3;multipleEntryInRegion_M4;multipleEntryInRegion_M5;multipleTransitionFromEntry_M1;multipleTransitionFromEntry_M2;multipleTransitionFromEntry_M3;multipleTransitionFromEntry_M4;noEntryInRegion_M1;noEntryInRegion_M2;noEntryInRegion_M3;noEntryInRegion_M4;noEntryInRegion_M5;noOutgoingTransitionFromEntry_M1;noOutgoingTransitionFromEntry_M2;noOutgoingTransitionFromEntry_M3;noOutgoingTransitionFromEntry_M4;noOutgoingTransitionFromEntry_M5;noStateInRegion_M1;noStateInRegion_M2;noStateInRegion_M3;outgoingFromExit_M1;outgoingFromExit_M2;outgoingFromFinal_M1;outgoingFromFinal_M2;transition_M1;transition_M2;transition_M3;transition_M4
1;1_1.xmi;1;1;1;1;1;1;1;1;1;1;1;1;1;1;1;1;1;1;1;1;1;1;1;1;1;1;1;1;1;1;0;0;1;1;1;1;1;1;1;1;1;1;1;1;1;1;1;1;1;1;1
2;2_1.xmi;1;1;1;1;1;1;1;1;1;1;1;1;1;1;1;1;1;1;1;1;1;1;1;1;1;1;1;1;1;1;1;1;1;1;1;1;1;1;1;1;1;1;1;1;1;1;1;1;1;1;1
3;3_1.xmi;1;1;1;1;1;1;1;1;1;1;1;1;1;1;1;1;1;1;1;1;1;1;1;1;1;1;1;1;1;1;1;1;1;1;1;1;0;0;0;0;1;1;1;1;1;1;1;1;1;1;1
4;4_1.xmi;1;1;1;1;1;1;1;1;1;1;1;1;1;1;1;1;1;1;1;1;1;1;1;1;1;1;1;1;1;1;1;1;1;1;1;1;0;0;0;0;1;1;1;1;1;1;1;1;1;1;1
5;5_1.xmi;1;1;1;1;1;1;1;1;1;1;1;1;1;1;1;1;1;1;1;1;1;1;1;1;1;1;0;1;1;1;1;1;1;1;1;1;1;1;1;1;1;1;1;1;1;1;1;1;1;1;1
6;6_1.xmi;1;1;1;1;1;1;1;1;1;1;1;1;1;1;1;1;1;1;1;1;1;1;1;1;1;1;1;1;1;1;0;0;1;1;1;1;1;1;1;1;1;1;1;1;1;1;1;1;1;1;1
7;7_1.xmi;1;1;1;0;0;0;0;1;1;1;1;1;1;1;1;1;1;1;1;1;1;1;1;1;1;1;1;1;1;1;1;1;1;1;1;1;1;1;1;1;1;1;1;1;1;1;1;1;1;1;1
8;8_1.xmi;1;1;1;0;0;0;0;1;1;1;1;1;1;1;1;1;1;1;1;1;1;1;0;1;0;1;0;0;0;0;1;1;1;1;1;1;1;1;1;1;1;1;1;1;1;1;1;1;1;1;1
9;9_1.xmi;1;1;1;1;1;1;1;1;1;1;1;1;1;1;1;1;1;1;1;1;1;1;1;1;1;1;0;0;0;0;1;1;1;1;1;1;1;1;1;1;1;1;1;1;1;1;1;1;1;1;1
10;10_1.xmi;1;1;1;0;0;0;0;1;1;1;1;1;1;1;1;1;1;1;1;1;1;1;1;1;1;1;1;1;1;1;1;1;1;1;1;1;1;1;1;1;1;1;1;1;1;1;0;1;1;1;1
11;11_1.xmi;1;1;1;1;1;1;1;1;1;1;1;1;1;1;1;0;1;0;0;0;0;0;0;0;0;0;0;0;0;0;1;1;1;1;1;1;0;0;0;0;1;1;1;1;1;1;1;1;1;1;1
12;12_1.xmi;1;1;1;1;1;1;1;1;1;1;1;1;1;1;1;1;1;1;1;1;1;1;1;1;1;1;0;1;1;1;1;1;1;1;1;1;1;1;1;1;0;0;1;1;1;1;1;1;1;1;1
13;13_1.xmi;1;1;1;1;1;1;1;1;1;1;1;1;1;1;1;1;1;1;1;1;1;1;1;1;1;1;0;1;1;1;1;1;1;1;1;1;1;1;1;1;1;1;1;1;1;1;1;1;1;1;1
14;14_1.xmi;1;1;1;0;0;0;0;1;1;1;1;1;1;1;1;1;1;1;1;1;1;1;1;1;1;1;0;0;0;0;1;1;1;1;1;1;1;1;1;1;1;1;1;1;1;1;1;1;1;1;1
15;15_1.xmi;1;1;1;1;1;1;1;1;1;1;1;1;1;1;1;1;1;1;1;1;1;1;1;1;1;1;0;1;1;1;1;1;1;1;1;1;1;1;1;1;1;1;1;1;1;1;1;1;1;1;1
16;16_1.xmi;1;1;1;1;1;1;1;1;1;1;1;1;1;1;1;1;1;1;1;1;1;1;1;1;1;1;1;1;1;1;1;1;1;1;1;1;1;1;1;1;1;1;1;1;1;1;1;1;1;1;1
17;17_1.xmi;1;1;1;1;1;1;1;1;1;1;1;1;1;1;1;1;1;1;1;1;1;1;1;1;1;1;1;1;1;1;1;1;1;1;1;1;1;1;1;1;1;1;1;1;1;1;0;1;1;1;1
18;18_1.xmi;1;1;1;1;1;1;1;1;1;1;1;1;1;1;1;1;1;1;1;1;1;1;1;1;1;1;1;1;1;1;0;0;1;1;1;1;1;1;1;1;1;1;1;1;1;1;1;1;1;1;1
19;19_1.xmi;1;1;1;0;0;0;0;1;1;1;1;1;1;1;1;1;1;1;1;1;1;1;0;1;0;1;1;1;1;1;0;0;1;1;1;1;0;0;0;0;0;0;1;1;1;1;1;1;1;1;1
20;20_1.xmi;1;1;1;1;1;1;1;1;1;1;1;1;1;1;1;1;1;1;1;1;1;1;1;1;1;1;0;1;1;1;1;1;1;1;1;1;1;1;1;1;1;1;1;1;1;1;1;1;1;1;1
21;21_1.xmi;1;1;1;0;0;0;0;1;1;1;1;1;1;1;1;1;1;1;1;1;1;1;1;1;1;1;1;1;1;1;1;1;1;1;1;1;1;1;1;1;1;1;1;1;1;1;1;1;1;1;1
22;22_1.xmi;1;1;1;0;0;0;0;1;1;1;1;1;1;1;1;1;1;1;1;1;1;1;1;1;1;1;1;1;1;1;0;0;1;1;1;1;1;1;1;1;1;1;1;1;1;1;1;1;1;1;1
23;23_1.xmi;1;1;1;1;1;1;1;1;1;1;1;1;1;1;1;1;1;1;0;0;0;1;1;1;1;1;0;0;0;0;1;1;1;1;1;1;1;1;1;1;1;1;1;1;1;1;1;1;1;1;1
24;24_1.xmi;1;1;1;1;1;1;1;1;1;1;1;1;1;1;1;1;1;1;1;1;1;1;1;1;1;1;0;1;1;1;1;1;1;1;1;1;1;1;1;1;1;1;1;1;1;1;1;1;1;1;1
25;25_1.xmi;1;1;1;0;0;0;0;1;1;0;0;0;0;1;1;1;1;1;1;1;1;1;0;1;0;1;1;1;1;1;1;1;1;1;1;1;0;0;0;0;1;1;1;1;1;1;1;1;1;1;1
26;26_1.xmi;1;1;1;1;1;1;1;1;1;1;1;1;1;1;1;1;1;1;1;1;1;1;1;1;1;1;0;1;1;1;1;1;1;1;1;1;1;1;1;1;1;1;1;1;1;1;1;1;1;1;1
27;27_1.xmi;1;1;1;1;1;1;1;1;1;1;1;1;1;1;1;1;1;1;1;1;1;1;1;1;1;1;1;1;1;1;1;1;1;1;1;1;1;1;1;1;1;1;1;1;1;1;1;1;1;1;1
28;28_1.xmi;1;1;1;0;0;0;0;1;1;0;0;0;0;1;1;1;1;1;1;1;1;1;1;1;1;1;1;1;1;1;1;1;1;1;1;1;0;0;0;0;0;0;1;1;1;1;1;1;1;1;1
29;29_1.xmi;1;1;1;1;1;1;1;1;1;1;1;1;1;1;1;1;1;1;1;1;1;1;1;1;1;1;0;0;0;0;1;1;1;1;1;1;1;1;1;1;1;1;1;1;1;1;1;1;1;1;1
30;30_1.xmi;1;1;1;1;1;1;1;1;1;1;1;1;1;1;1;1;1;1;1;1;1;1;1;1;1;1;0;1;1;1;1;1;1;1;1;1;1;1;1;1;1;1;1;1;1;1;1;1;1;1;1
Round no.;File;StateInRegion_M1;StateInRegion_M2;choiceHasNoIncoming_M1;choiceHasNoIncoming_M2;choiceHasNoIncoming_M3;choiceHasNoIncoming_M4;choiceHasNoIncoming_M5;choiceHasNoIncoming_M6;choiceHasNoOutgoing_M1;choiceHasNoOutgoing_M2;choiceHasNoOutgoing_M3;choiceHasNoOutgoing_M4;choiceHasNoOutgoing_M5;choiceHasNoOutgoing_M6;entryInRegion_M1;entryInRegion_M2;incomingToEntry_1;incomingToEntry_2;incomingToEntry_3;incomingToEntry_4;incomingToEntry_5;multipleEntryInRegion_M1;multipleEntryInRegion_M2;multipleEntryInRegion_M3;multipleEntryInRegion_M4;multipleEntryInRegion_M5;multipleTransitionFromEntry_M1;multipleTransitionFromEntry_M2;multipleTransitionFromEntry_M3;multipleTransitionFromEntry_M4;noEntryInRegion_M1;noEntryInRegion_M2;noEntryInRegion_M3;noEntryInRegion_M4;noEntryInRegion_M5;noOutgoingTransitionFromEntry_M1;noOutgoingTransitionFromEntry_M2;noOutgoingTransitionFromEntry_M3;noOutgoingTransitionFromEntry_M4;noOutgoingTransitionFromEntry_M5;noStateInRegion_M1;noStateInRegion_M2;noStateInRegion_M3;outgoingFromExit_M1;outgoingFromExit_M2;outgoingFromFinal_M1;outgoingFromFinal_M2;transition_M1;transition_M2;transition_M3;transition_M4
1;31_1.xmi;1;1;1;1;1;1;1;1;1;1;1;1;1;1;1;1;1;1;0;0;0;1;1;1;1;1;0;1;1;1;1;1;1;1;1;1;1;1;1;1;1;1;1;1;1;1;1;1;1;1;1
2;32_1.xmi;1;1;1;1;1;1;1;1;1;1;1;1;1;1;1;1;1;1;1;1;1;1;1;1;1;1;0;1;1;1;1;1;1;1;1;1;1;1;1;1;1;1;1;1;1;1;1;1;1;1;1
3;33_1.xmi;1;1;1;1;1;1;1;1;1;1;1;1;1;1;1;1;1;1;1;1;1;1;1;1;1;1;0;0;0;0;1;1;1;1;1;1;1;1;1;1;1;1;1;1;1;1;1;1;1;1;1
4;34_1.xmi;1;1;1;1;1;1;1;1;1;1;1;1;1;1;1;1;1;1;0;0;0;1;0;1;0;1;0;0;0;0;1;1;1;1;1;1;1;1;1;1;1;1;1;1;1;1;1;1;1;1;1
5;35_1.xmi;1;1;1;1;1;1;1;1;1;1;1;1;1;1;1;0;1;0;0;0;0;0;0;0;0;0;0;0;0;0;1;1;1;1;1;1;0;0;0;0;1;1;1;1;1;1;1;1;1;1;1
6;36_1.xmi;1;1;1;1;1;1;1;1;1;1;1;1;1;1;1;1;1;1;1;1;1;1;1;1;1;1;0;1;1;1;1;1;1;1;1;1;1;1;1;1;1;1;1;1;1;1;1;1;1;1;1
7;37_1.xmi;1;1;1;0;0;0;0;1;1;1;1;1;1;1;1;1;1;1;1;1;1;1;1;1;1;1;0;0;0;0;1;1;1;1;1;1;1;1;1;1;1;1;1;1;1;1;1;1;1;1;1
8;38_1.xmi;1;1;1;1;1;1;1;1;1;1;1;1;1;1;1;1;1;1;1;1;1;1;1;1;1;1;1;1;1;1;1;1;1;1;1;1;1;1;1;1;1;1;1;1;1;1;1;1;1;1;1
9;39_1.xmi;1;0;1;1;1;1;1;1;1;1;1;1;1;1;1;1;1;1;1;1;1;1;1;1;1;1;1;1;1;1;0;0;1;1;1;1;1;1;1;1;1;1;1;1;1;1;1;1;1;1;1
10;40_1.xmi;1;1;1;1;1;1;1;1;1;1;1;1;1;1;1;1;1;1;1;1;1;1;1;1;1;1;0;1;1;1;1;1;1;1;1;1;1;1;1;1;1;1;1;1;1;1;1;1;1;1;1
11;41_1.xmi;1;1;1;1;1;1;1;1;1;1;1;1;1;1;1;0;1;0;0;0;0;0;0;0;0;0;0;0;0;0;1;1;1;1;1;1;0;0;0;0;1;1;1;1;1;1;1;1;1;1;1
12;42_1.xmi;1;1;1;1;1;1;1;1;1;1;1;1;1;1;1;1;1;1;0;0;0;1;1;1;1;1;0;1;1;1;1;1;1;1;1;1;1;1;1;1;1;1;1;1;1;1;1;1;1;1;1
13;43_1.xmi;1;1;1;1;1;1;1;1;1;1;1;1;1;1;1;1;1;1;1;1;1;1;1;1;1;1;0;1;1;1;0;0;1;1;1;1;1;1;1;1;1;1;1;1;1;1;1;1;1;1;1
14;44_1.xmi;1;1;1;1;1;1;1;1;1;1;1;1;1;1;1;1;1;1;1;1;1;1;1;1;1;1;0;1;1;1;0;0;1;1;1;1;1;1;1;1;1;1;1;1;1;1;1;1;1;1;1
15;45_1.xmi;1;1;1;1;1;1;1;1;1;1;1;1;1;1;1;1;1;1;1;1;1;1;1;1;1;1;1;1;1;1;1;1;1;1;1;1;1;1;1;1;0;0;1;1;1;1;1;1;1;1;1
16;46_1.xmi;1;1;1;1;1;1;1;1;1;1;1;1;1;1;1;1;1;1;0;0;0;1;1;1;1;1;0;1;1;1;1;1;1;1;1;1;1;1;1;1;1;1;1;1;1;1;1;1;1;1;1
17;47_1.xmi;1;1;1;1;1;1;1;1;1;1;1;1;1;1;1;1;1;1;0;0;0;1;1;1;1;1;0;0;0;0;1;1;1;1;1;1;1;1;1;1;1;1;1;1;1;1;1;1;1;1;1
18;48_1.xmi;1;1;1;1;1;1;1;1;1;1;1;1;1;1;1;1;1;1;0;0;0;1;1;1;1;1;0;0;0;0;1;1;1;1;1;1;1;1;1;1;1;1;1;1;1;1;1;1;1;1;1
19;49_1.xmi;1;1;1;1;1;1;1;1;1;0;0;0;0;1;1;1;1;1;1;1;1;1;1;1;1;1;0;1;1;1;1;1;1;1;1;1;1;1;1;1;1;1;1;1;1;1;1;1;1;1;1
20;50_1.xmi;1;1;1;1;1;1;1;1;1;1;1;1;1;1;1;1;1;1;1;1;1;1;1;1;1;1;1;1;1;1;0;0;1;1;1;1;1;1;1;1;1;1;1;1;1;1;1;1;1;1;1
21;51_1.xmi;1;1;1;1;1;1;1;1;1;1;1;1;1;1;1;1;1;1;1;1;1;1;1;1;1;1;1;1;1;1;1;1;1;1;1;1;1;1;1;1;1;1;1;1;1;1;0;1;1;1;1
22;52_1.xmi;1;1;1;1;1;1;1;1;1;1;1;1;1;1;1;1;1;1;1;1;1;1;0;1;0;1;1;1;1;1;1;1;1;1;1;1;0;0;0;0;1;1;1;1;1;1;1;1;1;1;1
23;53_1.xmi;1;1;1;1;1;1;1;1;1;1;1;1;1;1;1;1;1;1;1;1;1;1;1;1;1;1;0;0;0;0;1;1;1;1;1;1;1;1;1;1;1;1;1;1;1;1;1;1;1;1;1
24;54_1.xmi;1;1;1;0;0;0;0;1;1;0;0;0;0;1;1;1;1;1;1;1;1;1;1;1;1;1;0;1;1;1;1;1;1;1;1;1;1;1;1;1;1;1;1;1;1;1;1;1;1;1;1
25;55_1.xmi;1;1;1;0;0;0;0;1;1;1;1;1;1;1;1;0;1;0;0;0;0;0;0;0;0;0;0;0;0;0;1;1;1;1;1;1;0;0;0;0;1;1;1;1;1;1;1;1;1;1;1
26;56_1.xmi;1;1;1;1;1;1;1;1;1;1;1;1;1;1;1;1;1;1;0;0;0;1;0;1;0;1;0;1;1;1;1;1;1;1;1;1;0;0;0;0;1;1;1;1;1;1;1;1;1;1;1
27;57_1.xmi;1;1;1;1;1;1;1;1;1;1;1;1;1;1;1;1;1;1;0;0;0;1;1;1;1;1;0;0;0;0;1;1;1;1;1;1;1;1;1;1;1;1;1;1;1;1;1;1;1;1;1
28;58_1.xmi;1;1;1;1;1;1;1;1;1;1;1;1;1;1;1;1;1;1;1;1;1;1;1;1;1;1;0;1;1;1;1;1;1;1;1;1;1;1;1;1;1;1;1;1;1;1;1;1;1;1;1
29;59_1.xmi;1;1;1;1;1;1;1;1;1;1;1;1;1;1;1;1;1;1;1;1;1;1;1;1;1;1;1;1;1;1;0;0;1;1;1;1;1;1;1;1;1;1;1;1;1;1;1;1;1;1;1
30;60_1.xmi;1;1;1;1;1;1;1;1;1;1;1;1;1;1;1;1;1;1;1;1;1;1;1;1;1;1;1;1;1;1;1;1;1;1;1;1;1;1;1;1;1;1;1;1;1;1;1;1;1;1;1
Round no.;File;StateInRegion_M1;StateInRegion_M2;choiceHasNoIncoming_M1;choiceHasNoIncoming_M2;choiceHasNoIncoming_M3;choiceHasNoIncoming_M4;choiceHasNoIncoming_M5;choiceHasNoIncoming_M6;choiceHasNoOutgoing_M1;choiceHasNoOutgoing_M2;choiceHasNoOutgoing_M3;choiceHasNoOutgoing_M4;choiceHasNoOutgoing_M5;choiceHasNoOutgoing_M6;entryInRegion_M1;entryInRegion_M2;incomingToEntry_1;incomingToEntry_2;incomingToEntry_3;incomingToEntry_4;incomingToEntry_5;multipleEntryInRegion_M1;multipleEntryInRegion_M2;multipleEntryInRegion_M3;multipleEntryInRegion_M4;multipleEntryInRegion_M5;multipleTransitionFromEntry_M1;multipleTransitionFromEntry_M2;multipleTransitionFromEntry_M3;multipleTransitionFromEntry_M4;noEntryInRegion_M1;noEntryInRegion_M2;noEntryInRegion_M3;noEntryInRegion_M4;noEntryInRegion_M5;noOutgoingTransitionFromEntry_M1;noOutgoingTransitionFromEntry_M2;noOutgoingTransitionFromEntry_M3;noOutgoingTransitionFromEntry_M4;noOutgoingTransitionFromEntry_M5;noStateInRegion_M1;noStateInRegion_M2;noStateInRegion_M3;outgoingFromExit_M1;outgoingFromExit_M2;outgoingFromFinal_M1;outgoingFromFinal_M2;transition_M1;transition_M2;transition_M3;transition_M4
1;61_1.xmi;1;1;1;1;1;1;1;1;1;1;1;1;1;1;1;1;1;1;1;1;1;1;1;1;1;1;1;1;1;1;1;1;1;1;1;1;1;1;1;1;1;1;1;1;1;1;1;1;1;1;1
2;62_1.xmi;1;1;1;1;1;1;1;1;1;1;1;1;1;1;1;1;1;1;1;1;1;1;1;1;1;1;0;1;1;1;0;0;1;1;1;1;1;1;1;1;1;1;1;1;1;1;1;1;1;1;1
3;63_1.xmi;1;1;1;1;1;1;1;1;1;1;1;1;1;1;1;1;1;1;1;1;1;1;0;1;0;1;0;0;0;0;1;1;1;1;1;1;1;1;1;1;1;1;1;1;1;1;1;1;1;1;1
4;64_1.xmi;1;1;1;1;1;1;1;1;1;1;1;1;1;1;1;1;1;1;1;1;1;1;1;1;1;1;0;1;1;1;1;1;1;1;1;1;1;1;1;1;1;1;1;1;1;1;1;1;1;1;1
5;65_1.xmi;1;1;1;0;0;0;0;1;1;0;0;0;0;1;1;1;1;1;1;1;1;1;1;1;1;1;0;1;1;1;1;1;1;1;1;1;1;1;1;1;1;1;1;1;1;1;1;1;1;1;1
6;66_1.xmi;1;1;1;1;1;1;1;1;1;1;1;1;1;1;1;1;1;1;1;1;1;1;1;1;1;1;1;1;1;1;1;1;1;1;1;1;1;1;1;1;1;1;1;1;1;1;1;1;1;1;1
7;67_1.xmi;1;0;1;1;1;1;1;1;1;1;1;1;1;1;1;1;1;1;1;1;1;1;1;1;1;1;1;1;1;1;0;0;1;1;1;1;1;1;1;1;1;1;1;1;1;1;1;1;1;1;1
8;68_1.xmi;1;1;1;1;1;1;1;1;1;1;1;1;1;1;1;1;1;1;1;1;1;1;0;1;0;1;0;0;0;0;1;1;1;1;1;1;1;1;1;1;1;1;1;1;1;1;1;1;1;1;1
9;69_1.xmi;1;1;1;0;0;0;0;1;1;1;1;1;1;1;1;1;1;1;1;1;1;1;1;1;1;1;1;1;1;1;1;1;1;1;1;1;1;1;1;1;0;0;1;1;1;1;1;1;1;1;1
10;70_1.xmi;1;1;1;1;1;1;1;1;1;1;1;1;1;1;1;1;1;1;0;0;0;1;0;1;0;1;0;1;1;1;1;1;1;1;1;1;0;0;0;0;1;1;1;1;1;1;1;1;1;1;1
11;71_1.xmi;1;1;1;1;1;1;1;1;1;1;1;1;1;1;1;1;1;1;1;1;1;1;1;1;1;1;0;1;1;1;1;1;1;1;1;1;0;0;0;0;1;1;1;1;1;1;1;1;1;1;1
12;72_1.xmi;1;1;1;0;0;0;0;1;1;0;0;0;0;1;1;1;1;1;1;1;1;1;1;1;1;1;1;1;1;1;0;0;1;1;1;1;1;1;1;1;0;0;1;1;1;1;1;1;1;1;1
13;73_1.xmi;1;1;1;0;0;0;0;1;1;1;1;1;1;1;1;1;1;1;1;1;1;1;1;1;1;1;1;1;1;1;0;0;1;1;1;1;1;1;1;1;0;0;1;1;1;1;1;1;1;1;1
14;74_1.xmi;1;1;1;1;1;1;1;1;1;1;1;1;1;1;1;1;1;1;1;1;1;1;1;1;1;1;1;1;1;1;1;1;1;1;1;1;1;1;1;1;1;1;1;1;1;1;1;1;1;1;1
15;75_1.xmi;1;1;1;1;1;1;1;1;1;1;1;1;1;1;1;1;1;1;1;1;1;1;1;1;1;1;0;1;1;1;0;0;1;1;1;1;1;1;1;1;1;1;1;1;1;1;1;1;1;1;1
16;76_1.xmi;1;1;1;0;0;0;0;1;1;1;1;1;1;1;1;1;1;1;1;1;1;1;1;1;1;1;1;1;1;1;1;1;1;1;1;1;1;1;1;1;1;1;1;1;1;1;1;1;1;1;1
17;77_1.xmi;1;1;1;0;0;0;0;1;1;0;0;0;0;1;1;1;1;1;1;1;1;1;1;1;1;1;0;1;1;1;1;1;1;1;1;1;1;1;1;1;1;1;1;1;1;1;1;1;1;1;1
18;78_1.xmi;1;1;1;0;0;0;0;0;1;0;0;0;0;0;1;1;1;1;1;1;1;1;1;1;1;1;1;1;1;1;1;1;1;1;1;1;0;0;0;0;1;1;1;1;1;1;1;1;1;1;1
19;79_1.xmi;1;1;1;1;1;1;1;1;1;1;1;1;1;1;1;1;1;1;1;1;1;1;1;1;1;1;1;1;1;1;1;1;1;1;1;1;1;1;1;1;1;1;1;1;1;1;1;1;1;1;1
20;80_1.xmi;1;1;1;1;1;1;1;1;1;1;1;1;1;1;1;1;1;1;1;1;1;1;1;1;1;1;1;1;1;1;0;0;1;1;1;1;0;0;0;0;1;1;1;1;1;1;1;1;1;1;1
21;81_1.xmi;1;1;1;1;1;1;1;1;1;1;1;1;1;1;1;1;1;1;0;0;0;1;1;1;1;1;0;0;0;0;1;1;1;1;1;1;1;1;1;1;1;1;1;1;1;1;1;1;1;1;1
22;82_1.xmi;1;1;1;1;1;1;1;1;1;1;1;1;1;1;1;1;1;1;1;1;1;1;1;1;1;1;0;1;1;1;1;1;1;1;1;1;1;1;1;1;1;1;1;1;1;1;1;1;1;1;1
23;83_1.xmi;1;1;1;1;1;1;1;1;1;1;1;1;1;1;1;1;1;1;1;1;1;1;1;1;1;1;1;1;1;1;1;1;1;1;1;1;1;1;1;1;1;1;1;1;1;1;1;1;1;1;1
24;84_1.xmi;1;1;1;0;0;0;0;1;1;1;1;1;1;1;1;1;1;1;1;1;1;1;1;1;1;1;1;1;1;1;0;0;1;1;1;1;1;1;1;1;1;1;1;1;1;1;1;1;1;1;1
25;85_1.xmi;1;1;1;0;0;0;0;0;1;0;0;0;0;0;1;1;1;1;0;0;0;1;1;1;1;1;0;0;0;0;1;1;1;1;1;1;1;1;1;1;1;1;1;1;1;1;1;1;1;1;1
26;86_1.xmi;1;1;1;0;0;0;0;1;1;1;1;1;1;1;1;1;1;1;1;1;1;1;0;1;0;1;0;1;1;1;1;1;1;1;1;1;0;0;0;0;1;1;1;1;1;1;1;1;1;1;1
27;87_1.xmi;1;1;1;1;1;1;1;1;1;1;1;1;1;1;1;1;1;1;0;0;0;1;1;1;1;1;0;1;1;1;0;0;1;1;1;1;1;1;1;1;0;0;1;1;1;1;1;1;1;1;1
28;88_1.xmi;1;1;1;1;1;1;1;1;1;1;1;1;1;1;1;1;1;1;1;1;1;1;1;1;1;1;1;1;1;1;1;1;1;1;1;1;1;1;1;1;1;1;1;1;1;1;0;1;1;1;1
29;89_1.xmi;1;1;1;1;1;1;1;1;1;1;1;1;1;1;1;1;1;1;0;0;0;1;1;1;1;1;1;1;1;1;1;1;1;1;1;1;1;1;1;1;1;1;1;1;1;1;1;1;1;1;1
30;90_1.xmi;1;1;1;1;1;1;1;1;1;1;1;1;1;1;1;1;1;1;1;1;1;1;1;1;1;1;0;0;0;0;1;1;1;1;1;1;1;1;1;1;1;1;1;1;1;1;1;1;1;1;1
Round no.;File;StateInRegion_M1;StateInRegion_M2;choiceHasNoIncoming_M1;choiceHasNoIncoming_M2;choiceHasNoIncoming_M3;choiceHasNoIncoming_M4;choiceHasNoIncoming_M5;choiceHasNoIncoming_M6;choiceHasNoOutgoing_M1;choiceHasNoOutgoing_M2;choiceHasNoOutgoing_M3;choiceHasNoOutgoing_M4;choiceHasNoOutgoing_M5;choiceHasNoOutgoing_M6;entryInRegion_M1;entryInRegion_M2;incomingToEntry_1;incomingToEntry_2;incomingToEntry_3;incomingToEntry_4;incomingToEntry_5;multipleEntryInRegion_M1;multipleEntryInRegion_M2;multipleEntryInRegion_M3;multipleEntryInRegion_M4;multipleEntryInRegion_M5;multipleTransitionFromEntry_M1;multipleTransitionFromEntry_M2;multipleTransitionFromEntry_M3;multipleTransitionFromEntry_M4;noEntryInRegion_M1;noEntryInRegion_M2;noEntryInRegion_M3;noEntryInRegion_M4;noEntryInRegion_M5;noOutgoingTransitionFromEntry_M1;noOutgoingTransitionFromEntry_M2;noOutgoingTransitionFromEntry_M3;noOutgoingTransitionFromEntry_M4;noOutgoingTransitionFromEntry_M5;noStateInRegion_M1;noStateInRegion_M2;noStateInRegion_M3;outgoingFromExit_M1;outgoingFromExit_M2;outgoingFromFinal_M1;outgoingFromFinal_M2;transition_M1;transition_M2;transition_M3;transition_M4
1;91_1.xmi;1;1;1;1;1;1;1;1;1;1;1;1;1;1;1;1;1;1;1;1;1;1;1;1;1;1;0;0;0;0;1;1;1;1;1;1;1;1;1;1;1;1;1;1;1;1;1;1;1;1;1
2;92_1.xmi;1;1;1;1;1;1;1;1;1;1;1;1;1;1;1;1;1;1;0;0;0;1;1;1;1;1;0;1;1;1;1;1;1;1;1;1;1;1;1;1;0;0;1;1;0;1;1;1;1;1;1
3;93_1.xmi;1;1;1;0;0;0;0;1;1;1;1;1;1;1;1;1;1;1;1;1;1;1;1;1;1;1;0;1;1;1;1;1;1;1;1;1;1;1;1;1;1;1;1;1;1;1;1;1;1;1;1
4;94_1.xmi;1;1;1;1;1;1;1;1;1;1;1;1;1;1;1;1;1;1;1;1;1;1;1;1;1;1;0;1;1;1;1;1;1;1;1;1;1;1;1;1;1;1;1;1;1;1;1;1;1;1;1
5;95_1.xmi;1;1;1;1;1;1;1;1;1;1;1;1;1;1;1;1;1;1;0;0;0;1;1;1;1;1;0;0;0;0;1;1;1;1;1;1;1;1;1;1;1;1;1;1;0;1;1;1;1;1;1
6;96_1.xmi;1;1;1;1;1;1;1;1;1;1;1;1;1;1;1;1;1;1;0;0;0;1;1;1;1;1;0;0;0;0;1;1;1;1;1;1;1;1;1;1;1;1;1;1;1;1;1;1;1;1;1
7;97_1.xmi;1;1;1;1;1;1;1;1;1;1;1;1;1;1;1;1;1;1;0;0;0;1;1;1;1;1;0;1;1;1;1;1;1;1;1;1;1;1;1;1;1;1;1;1;1;1;1;1;1;1;1
8;98_1.xmi;1;1;1;0;0;0;0;1;1;1;1;1;1;1;1;1;1;1;1;1;1;1;1;1;1;1;1;1;1;1;0;0;1;1;1;1;1;1;1;1;1;1;1;1;1;1;1;1;1;1;1
9;99_1.xmi;1;1;1;1;1;1;1;1;1;1;1;1;1;1;1;1;1;1;1;1;1;1;0;1;0;1;0;1;1;1;1;1;1;1;1;1;0;0;0;0;1;1;1;1;1;1;1;1;1;1;1
10;100_1.xmi;1;1;1;1;1;1;1;1;1;1;1;1;1;1;1;1;1;1;1;1;1;1;1;1;1;1;0;1;1;1;1;1;1;1;1;1;1;1;1;1;1;1;1;1;1;1;1;1;1;1;1
11;101_1.xmi;1;1;1;1;1;1;1;1;1;0;0;0;0;1;1;1;1;1;1;1;1;1;1;1;1;1;0;1;1;1;1;1;1;1;1;1;1;1;1;1;1;1;1;1;1;1;1;1;1;1;1
12;102_1.xmi;1;1;1;1;1;1;1;1;1;1;1;1;1;1;1;1;1;1;1;1;1;1;1;1;1;1;0;1;1;1;1;1;1;1;1;1;1;1;1;1;1;1;1;1;1;1;1;1;1;1;1
13;103_1.xmi;1;1;1;1;1;1;1;1;1;1;1;1;1;1;1;1;1;1;1;1;1;1;1;1;1;1;0;1;1;1;1;1;1;1;1;1;1;1;1;1;1;1;1;1;1;1;1;1;1;1;1
14;104_1.xmi;1;1;1;1;1;1;1;1;1;1;1;1;1;1;1;1;1;1;1;1;1;1;0;1;0;1;0;1;1;1;1;1;1;1;1;1;0;0;0;0;1;1;1;1;1;1;1;1;1;1;1
15;105_1.xmi;1;1;1;1;1;1;1;1;1;1;1;1;1;1;1;1;1;1;1;1;1;1;1;1;1;1;0;1;1;1;1;1;1;1;1;1;1;1;1;1;1;1;1;1;1;1;1;1;1;1;1
16;106_1.xmi;1;1;1;0;0;0;0;1;1;1;1;1;1;1;1;1;1;1;1;1;1;1;1;1;1;1;1;1;1;1;1;1;1;1;1;1;1;1;1;1;0;0;1;1;1;1;1;1;1;1;1
17;107_1.xmi;1;1;1;1;1;1;1;1;1;1;1;1;1;1;1;1;1;1;1;1;1;1;1;1;1;1;0;0;0;0;1;1;1;1;1;1;1;1;1;1;1;1;1;1;1;1;1;1;1;1;1
18;108_1.xmi;1;1;1;1;1;1;1;1;1;1;1;1;1;1;1;1;1;1;1;1;1;1;1;1;1;1;1;1;1;1;1;1;1;1;1;1;1;1;1;1;1;1;1;1;1;1;1;1;1;1;1
19;109_1.xmi;1;1;1;1;1;1;1;1;1;1;1;1;1;1;1;1;1;1;1;1;1;1;1;1;1;1;0;0;0;0;1;1;1;1;1;1;1;1;1;1;1;1;1;1;1;1;1;1;1;1;1
20;110_1.xmi;1;1;1;1;1;1;1;1;1;1;1;1;1;1;1;1;1;1;1;1;1;1;1;1;1;1;1;1;1;1;1;1;1;1;1;1;1;1;1;1;1;1;1;1;1;1;1;1;1;1;1
21;111_1.xmi;1;1;1;1;1;1;1;1;1;1;1;1;1;1;1;1;1;1;0;0;0;1;1;1;1;1;0;1;1;1;1;1;1;1;1;1;1;1;1;1;1;1;1;1;1;1;1;1;1;1;1
22;112_1.xmi;1;1;1;0;0;0;0;0;1;0;0;0;0;0;1;1;1;1;1;1;1;1;1;1;1;1;1;1;1;1;1;1;1;1;1;1;1;1;1;1;1;1;1;1;1;1;1;1;1;1;1
23;113_1.xmi;1;1;1;1;1;1;1;1;1;1;1;1;1;1;1;1;1;1;1;1;1;1;1;1;1;1;0;1;1;1;0;0;1;1;1;1;1;1;1;1;1;1;1;1;1;1;1;1;1;1;1
24;114_1.xmi;1;1;1;0;0;0;0;1;1;1;1;1;1;1;1;1;1;1;1;1;1;1;1;1;1;1;1;1;1;1;1;1;1;1;1;1;1;1;1;1;1;1;1;1;1;1;1;1;1;1;1
25;115_1.xmi;1;1;1;1;1;1;1;1;1;1;1;1;1;1;1;1;1;1;1;1;1;1;1;1;1;1;0;1;1;1;1;1;1;1;1;1;1;1;1;1;1;1;1;1;1;1;1;1;1;1;1
26;116_1.xmi;1;1;1;1;1;1;1;1;1;1;1;1;1;1;1;1;1;1;1;1;1;1;1;1;1;1;0;0;0;0;1;1;1;1;1;1;1;1;1;1;1;1;1;1;1;1;1;1;1;1;1
27;117_1.xmi;1;1;1;0;0;0;0;1;1;1;1;1;1;1;1;1;1;1;1;1;1;1;1;1;1;1;0;0;0;0;1;1;1;1;1;1;1;1;1;1;1;1;1;1;0;1;1;1;1;1;1
28;118_1.xmi;1;1;1;1;1;1;1;1;1;1;1;1;1;1;1;1;1;1;1;1;1;1;0;1;0;1;0;0;0;0;1;1;1;1;1;1;1;1;1;1;1;1;1;1;1;1;1;1;1;1;1
29;119_1.xmi;1;1;1;1;1;1;1;1;1;1;1;1;1;1;1;1;1;1;1;1;1;1;1;1;1;1;0;1;1;1;0;0;1;1;1;1;1;1;1;1;1;1;1;1;1;1;1;1;1;1;1
30;120_1.xmi;1;1;1;1;1;1;1;1;1;1;1;1;1;1;1;1;1;1;0;0;0;1;1;1;1;1;0;1;1;1;1;1;1;1;1;1;1;1;1;1;1;1;1;1;1;1;1;1;1;1;1
Round no.;File;StateInRegion_M1;StateInRegion_M2;choiceHasNoIncoming_M1;choiceHasNoIncoming_M2;choiceHasNoIncoming_M3;choiceHasNoIncoming_M4;choiceHasNoIncoming_M5;choiceHasNoIncoming_M6;choiceHasNoOutgoing_M1;choiceHasNoOutgoing_M2;choiceHasNoOutgoing_M3;choiceHasNoOutgoing_M4;choiceHasNoOutgoing_M5;choiceHasNoOutgoing_M6;entryInRegion_M1;entryInRegion_M2;incomingToEntry_1;incomingToEntry_2;incomingToEntry_3;incomingToEntry_4;incomingToEntry_5;multipleEntryInRegion_M1;multipleEntryInRegion_M2;multipleEntryInRegion_M3;multipleEntryInRegion_M4;multipleEntryInRegion_M5;multipleTransitionFromEntry_M1;multipleTransitionFromEntry_M2;multipleTransitionFromEntry_M3;multipleTransitionFromEntry_M4;noEntryInRegion_M1;noEntryInRegion_M2;noEntryInRegion_M3;noEntryInRegion_M4;noEntryInRegion_M5;noOutgoingTransitionFromEntry_M1;noOutgoingTransitionFromEntry_M2;noOutgoingTransitionFromEntry_M3;noOutgoingTransitionFromEntry_M4;noOutgoingTransitionFromEntry_M5;noStateInRegion_M1;noStateInRegion_M2;noStateInRegion_M3;outgoingFromExit_M1;outgoingFromExit_M2;outgoingFromFinal_M1;outgoingFromFinal_M2;transition_M1;transition_M2;transition_M3;transition_M4
1;121_1.xmi;1;1;1;1;1;1;1;1;1;1;1;1;1;1;1;1;1;1;1;1;1;1;1;1;1;1;1;1;1;1;1;1;1;1;1;1;1;1;1;1;1;1;1;1;1;1;1;1;1;1;1
2;122_1.xmi;1;1;1;1;1;1;1;1;1;1;1;1;1;1;1;1;1;1;1;1;1;1;1;1;1;1;0;0;0;0;1;1;1;1;1;1;1;1;1;1;1;1;1;1;1;1;1;1;1;1;1
3;123_1.xmi;1;1;1;1;1;1;1;1;1;1;1;1;1;1;1;1;1;1;1;1;1;1;1;1;1;1;1;1;1;1;1;1;1;1;1;1;1;1;1;1;1;1;1;1;0;1;1;1;1;1;1
4;124_1.xmi;1;1;1;1;1;1;1;1;1;1;1;1;1;1;1;1;1;1;0;0;0;1;1;1;1;1;0;0;0;0;1;1;1;1;1;1;1;1;1;1;1;1;1;1;1;1;1;1;1;1;1
5;125_1.xmi;1;1;1;1;1;1;1;1;1;1;1;1;1;1;1;1;1;1;0;0;0;1;1;1;1;1;1;1;1;1;1;1;1;1;1;1;1;1;1;1;1;1;1;1;1;1;1;1;1;1;1
6;126_1.xmi;1;1;1;1;1;1;1;1;1;1;1;1;1;1;1;1;1;1;1;1;1;1;1;1;1;1;0;1;1;1;1;1;1;1;1;1;1;1;1;1;1;1;1;1;0;1;1;1;1;1;1
7;127_1.xmi;1;1;1;1;1;1;1;1;1;1;1;1;1;1;1;1;1;1;1;1;1;1;1;1;1;1;0;1;1;1;1;1;1;1;1;1;1;1;1;1;1;1;1;1;1;1;1;1;1;1;1
8;128_1.xmi;1;1;1;1;1;1;1;1;1;1;1;1;1;1;1;1;1;1;1;1;1;1;0;1;0;1;1;1;1;1;1;1;1;1;1;1;0;0;0;0;1;1;1;1;1;1;0;1;1;1;1
9;129_1.xmi;1;1;1;1;1;1;1;1;1;1;1;1;1;1;1;1;1;1;1;1;1;1;1;1;1;1;0;0;0;0;1;1;1;1;1;1;1;1;1;1;1;1;1;1;1;1;1;1;1;1;1
10;130_1.xmi;1;1;1;0;0;0;0;1;1;1;1;1;1;1;1;1;1;1;1;1;1;1;1;1;1;1;1;1;1;1;0;0;1;1;1;1;1;1;1;1;1;1;1;1;1;1;1;1;1;1;1
11;131_1.xmi;1;1;1;1;1;1;1;1;1;1;1;1;1;1;1;1;1;1;1;1;1;1;1;1;1;1;1;1;1;1;1;1;1;1;1;1;1;1;1;1;1;1;1;1;1;1;1;1;1;1;1
12;132_1.xmi;1;1;1;1;1;1;1;1;1;1;1;1;1;1;1;1;1;1;1;1;1;1;1;1;1;1;0;0;0;0;1;1;1;1;1;1;1;1;1;1;1;1;1;1;1;1;1;1;1;1;1
13;133_1.xmi;1;1;1;1;1;1;1;1;1;1;1;1;1;1;1;1;1;1;1;1;1;1;1;1;1;1;0;1;1;1;1;1;1;1;1;1;1;1;1;1;1;1;1;1;1;1;1;1;1;1;1
14;134_1.xmi;1;1;1;1;1;1;1;1;1;1;1;1;1;1;1;1;1;1;0;0;0;1;1;1;1;1;0;1;1;1;1;1;1;1;1;1;1;1;1;1;1;1;1;1;1;1;1;1;1;1;1
15;135_1.xmi;1;1;1;1;1;1;1;1;1;1;1;1;1;1;1;1;1;1;1;1;1;1;1;1;1;1;1;1;1;1;1;1;1;1;1;1;0;0;0;0;1;1;1;1;1;1;1;1;1;1;1
16;136_1.xmi;1;1;1;1;1;1;1;1;1;1;1;1;1;1;1;1;1;1;1;1;1;1;1;1;1;1;1;1;1;1;0;0;1;1;1;1;1;1;1;1;1;1;1;1;1;1;1;1;1;1;1
17;137_1.xmi;1;1;1;1;1;1;1;1;1;1;1;1;1;1;1;1;1;1;1;1;1;1;1;1;1;1;1;1;1;1;1;1;1;1;1;1;1;1;1;1;1;1;1;1;1;1;1;1;1;1;1
18;138_1.xmi;1;1;1;1;1;1;1;1;1;1;1;1;1;1;1;1;1;1;1;1;1;1;1;1;1;1;0;0;0;0;1;1;1;1;1;1;1;1;1;1;1;1;1;1;0;1;1;1;1;1;1
19;139_1.xmi;1;1;1;1;1;1;1;1;1;1;1;1;1;1;1;1;1;1;1;1;1;1;1;1;1;1;0;1;1;1;1;1;1;1;1;1;1;1;1;1;1;1;1;1;1;1;1;1;1;1;1
20;140_1.xmi;1;1;1;1;1;1;1;1;1;1;1;1;1;1;1;1;1;1;1;1;1;1;1;1;1;1;0;0;0;0;1;1;1;1;1;1;1;1;1;1;1;1;1;1;1;1;1;1;1;1;1
21;141_1.xmi;1;1;1;1;1;1;1;1;1;1;1;1;1;1;1;1;1;1;1;1;1;1;1;1;1;1;0;1;1;1;1;1;1;1;1;1;1;1;1;1;1;1;1;1;1;1;1;1;1;1;1
22;142_1.xmi;1;1;1;1;1;1;1;1;1;1;1;1;1;1;1;1;1;1;1;1;1;1;1;1;1;1;1;1;1;1;1;1;1;1;1;1;0;0;0;0;1;1;1;1;1;1;1;1;1;1;1
23;143_1.xmi;1;1;1;1;1;1;1;1;1;1;1;1;1;1;1;1;1;1;0;0;0;1;1;1;1;1;0;1;1;1;1;1;1;1;1;1;1;1;1;1;1;1;1;1;1;1;1;1;1;1;1
24;144_1.xmi;1;1;1;1;1;1;1;1;1;1;1;1;1;1;1;1;1;1;0;0;0;1;1;1;1;1;0;0;0;0;1;1;1;1;1;1;1;1;1;1;1;1;1;1;1;1;1;1;1;1;1
25;145_1.xmi;1;1;1;1;1;1;1;1;1;1;1;1;1;1;1;1;1;1;1;1;1;1;1;1;1;1;0;1;1;1;1;1;1;1;1;1;0;0;0;0;1;1;1;1;1;1;1;1;1;1;1
26;146_1.xmi;1;1;1;1;1;1;1;1;1;1;1;1;1;1;1;1;1;1;1;1;1;1;1;1;1;1;0;1;1;1;1;1;1;1;1;1;1;1;1;1;1;1;1;1;1;1;1;1;1;1;1
27;147_1.xmi;1;1;1;1;1;1;1;1;1;1;1;1;1;1;1;1;1;1;1;1;1;1;1;1;1;1;0;1;1;1;1;1;1;1;1;1;0;0;0;0;1;1;1;1;1;1;1;1;1;1;1
28;148_1.xmi;1;1;1;1;1;1;1;1;1;1;1;1;1;1;1;1;1;1;1;1;1;1;1;1;1;1;0;1;1;1;1;1;1;1;1;1;1;1;1;1;1;1;1;1;1;1;1;1;1;1;1
29;149_1.xmi;1;1;1;1;1;1;1;1;1;1;1;1;1;1;1;1;1;1;1;1;1;1;1;1;1;1;0;1;1;1;0;0;1;1;1;1;1;1;1;1;1;1;1;1;1;1;1;1;1;1;1
30;150_1.xmi;1;1;1;1;1;1;1;1;1;1;1;1;1;1;1;1;1;1;1;1;1;1;1;1;1;1;0;1;1;1;1;1;1;1;1;1;1;1;1;1;1;1;1;1;1;1;1;1;1;1;1
Round no.;File;StateInRegion_M1;StateInRegion_M2;choiceHasNoIncoming_M1;choiceHasNoIncoming_M2;choiceHasNoIncoming_M3;choiceHasNoIncoming_M4;choiceHasNoIncoming_M5;choiceHasNoIncoming_M6;choiceHasNoOutgoing_M1;choiceHasNoOutgoing_M2;choiceHasNoOutgoing_M3;choiceHasNoOutgoing_M4;choiceHasNoOutgoing_M5;choiceHasNoOutgoing_M6;entryInRegion_M1;entryInRegion_M2;incomingToEntry_1;incomingToEntry_2;incomingToEntry_3;incomingToEntry_4;incomingToEntry_5;multipleEntryInRegion_M1;multipleEntryInRegion_M2;multipleEntryInRegion_M3;multipleEntryInRegion_M4;multipleEntryInRegion_M5;multipleTransitionFromEntry_M1;multipleTransitionFromEntry_M2;multipleTransitionFromEntry_M3;multipleTransitionFromEntry_M4;noEntryInRegion_M1;noEntryInRegion_M2;noEntryInRegion_M3;noEntryInRegion_M4;noEntryInRegion_M5;noOutgoingTransitionFromEntry_M1;noOutgoingTransitionFromEntry_M2;noOutgoingTransitionFromEntry_M3;noOutgoingTransitionFromEntry_M4;noOutgoingTransitionFromEntry_M5;noStateInRegion_M1;noStateInRegion_M2;noStateInRegion_M3;outgoingFromExit_M1;outgoingFromExit_M2;outgoingFromFinal_M1;outgoingFromFinal_M2;transition_M1;transition_M2;transition_M3;transition_M4
1;151_1.xmi;1;1;1;1;1;1;1;1;1;1;1;1;1;1;1;1;1;1;0;0;0;1;1;1;1;1;1;1;1;1;1;1;1;1;1;1;1;1;1;1;1;1;1;1;1;1;1;1;1;1;1
2;152_1.xmi;1;1;1;1;1;1;1;1;1;1;1;1;1;1;1;0;1;0;0;0;0;0;0;0;0;0;0;0;0;0;1;1;1;1;1;1;0;0;0;0;1;1;1;1;1;1;1;1;1;1;1
3;153_1.xmi;1;1;1;1;1;1;1;1;1;1;1;1;1;1;1;1;1;1;1;1;1;1;1;1;1;1;1;1;1;1;1;1;1;1;1;1;1;1;1;1;1;1;1;1;1;1;1;1;1;1;1
4;154_1.xmi;1;1;1;1;1;1;1;1;1;1;1;1;1;1;1;1;1;1;1;1;1;1;1;1;1;1;1;1;1;1;0;0;1;1;1;1;0;0;0;0;1;1;1;1;1;1;1;1;1;1;1
5;155_1.xmi;1;1;1;1;1;1;1;1;1;1;1;1;1;1;1;1;1;1;1;1;1;1;1;1;1;1;1;1;1;1;1;1;1;1;1;1;1;1;1;1;1;1;1;1;1;1;1;1;1;1;1
6;156_1.xmi;1;1;1;1;1;1;1;1;1;1;1;1;1;1;1;1;1;1;1;1;1;1;1;1;1;1;0;0;0;0;1;1;1;1;1;1;1;1;1;1;1;1;1;1;1;1;1;1;1;1;1
7;157_1.xmi;1;1;1;0;0;0;0;1;1;0;0;0;0;1;1;1;1;1;1;1;1;1;1;1;1;1;1;1;1;1;1;1;1;1;1;1;0;0;0;0;1;1;1;1;1;1;1;1;1;1;1
8;158_1.xmi;1;1;1;1;1;1;1;1;1;1;1;1;1;1;1;1;1;1;1;1;1;1;1;1;1;1;0;1;1;1;1;1;1;1;1;1;0;0;0;0;1;1;1;1;1;1;0;1;1;1;1
9;159_1.xmi;1;1;1;1;1;1;1;1;1;1;1;1;1;1;1;1;1;1;1;1;1;1;1;1;1;1;1;1;1;1;0;0;1;1;1;1;1;1;1;1;1;1;1;1;1;1;1;1;1;1;1
10;160_1.xmi;1;1;1;1;1;1;1;1;1;1;1;1;1;1;1;1;1;1;1;1;1;1;1;1;1;1;0;1;1;1;1;1;1;1;1;1;1;1;1;1;1;1;1;1;1;1;1;1;1;1;1
11;161_1.xmi;1;1;1;1;1;1;1;1;1;1;1;1;1;1;1;1;1;1;1;1;1;1;1;1;1;1;1;1;1;1;1;1;1;1;1;1;1;1;1;1;1;1;1;1;1;1;1;1;1;1;1
12;162_1.xmi;1;0;1;0;0;0;0;1;1;1;1;1;1;1;1;1;1;1;1;1;1;1;1;1;1;1;1;1;1;1;1;1;1;1;1;1;0;0;0;0;1;1;1;1;1;1;1;1;1;1;1
13;163_1.xmi;1;1;1;1;1;1;1;1;1;1;1;1;1;1;1;1;1;1;0;0;0;1;0;1;0;1;0;1;1;1;1;1;1;1;1;1;0;0;0;0;1;1;1;1;1;1;1;1;1;1;1
14;164_1.xmi;1;1;1;1;1;1;1;1;1;1;1;1;1;1;1;1;1;1;1;1;1;1;1;1;1;1;0;0;0;0;1;1;1;1;1;1;1;1;1;1;1;1;1;1;1;1;1;1;1;1;1
15;165_1.xmi;1;1;1;1;1;1;1;1;1;0;0;0;0;1;1;1;1;1;1;1;1;1;1;1;1;1;0;0;0;0;1;1;1;1;1;1;1;1;1;1;1;1;1;1;1;1;1;1;1;1;1
16;166_1.xmi;1;1;1;1;1;1;1;1;1;1;1;1;1;1;1;1;1;1;1;1;1;1;1;1;1;1;0;0;0;0;1;1;1;1;1;1;1;1;1;1;1;1;1;1;1;1;1;1;1;1;1
17;167_1.xmi;1;1;1;1;1;1;1;1;1;1;1;1;1;1;1;1;1;1;1;1;1;1;1;1;1;1;0;1;1;1;0;0;1;1;1;1;1;1;1;1;1;1;1;1;1;1;1;1;1;1;1
18;168_1.xmi;1;1;1;1;1;1;1;1;1;1;1;1;1;1;1;0;1;0;0;0;0;0;0;0;0;0;0;0;0;0;1;1;1;1;1;1;0;0;0;0;1;1;1;1;1;1;1;1;1;1;1
19;169_1.xmi;1;1;1;1;1;1;1;1;1;1;1;1;1;1;1;1;1;1;1;1;1;1;1;1;1;1;1;1;1;1;1;1;1;1;1;1;1;1;1;1;1;1;1;1;1;1;1;1;1;1;1
20;170_1.xmi;1;1;1;1;1;1;1;1;1;1;1;1;1;1;1;1;1;1;1;1;1;1;1;1;1;1;0;1;1;1;1;1;1;1;1;1;1;1;1;1;1;1;1;1;1;1;0;1;1;1;1
21;171_1.xmi;1;1;1;1;1;1;1;1;1;1;1;1;1;1;1;1;1;1;1;1;1;1;1;1;1;1;1;1;1;1;0;0;1;1;1;1;0;0;0;0;0;0;1;1;1;1;1;1;1;1;1
22;172_1.xmi;1;1;1;1;1;1;1;1;1;0;0;0;0;1;1;1;1;1;1;1;1;1;1;1;1;1;1;1;1;1;1;1;1;1;1;1;1;1;1;1;1;1;1;1;1;1;1;1;1;1;1
23;173_1.xmi;1;1;1;1;1;1;1;1;1;1;1;1;1;1;1;1;1;1;1;1;1;1;1;1;1;1;0;0;0;0;1;1;1;1;1;1;1;1;1;1;1;1;1;1;1;1;1;1;1;1;1
24;174_1.xmi;1;1;1;0;0;0;0;1;1;1;1;1;1;1;1;1;1;1;1;1;1;1;1;1;1;1;0;1;1;1;1;1;1;1;1;1;1;1;1;1;1;1;1;1;1;1;1;1;1;1;1
25;175_1.xmi;1;0;1;1;1;1;1;1;1;1;1;1;1;1;1;1;1;1;1;1;1;1;1;1;1;1;0;1;1;1;1;1;1;1;1;1;1;1;1;1;1;1;1;1;1;1;1;1;1;1;1
26;176_1.xmi;1;1;1;1;1;1;1;1;1;1;1;1;1;1;1;1;1;1;0;0;0;1;0;1;0;1;0;1;1;1;1;1;1;1;1;1;0;0;0;0;1;1;1;1;1;1;1;1;1;1;1
27;177_1.xmi;1;1;1;1;1;1;1;1;1;1;1;1;1;1;1;1;1;1;0;0;0;1;1;1;1;1;0;1;1;1;1;1;1;1;1;1;1;1;1;1;1;1;1;1;1;1;1;1;1;1;1
28;178_1.xmi;1;1;1;1;1;1;1;1;1;1;1;1;1;1;1;1;1;1;1;1;1;1;1;1;1;1;1;1;1;1;1;1;1;1;1;1;1;1;1;1;1;1;1;1;1;1;0;1;1;1;1
29;179_1.xmi;1;0;1;1;1;1;1;1;1;1;1;1;1;1;1;1;1;1;0;0;0;1;0;1;0;1;0;1;1;1;1;1;1;1;1;1;0;0;0;0;1;1;1;1;1;1;1;1;1;1;1
30;180_1.xmi;1;1;1;1;1;1;1;1;1;1;1;1;1;1;1;1;1;1;1;1;1;1;1;1;1;1;0;1;1;1;1;1;1;1;1;1;1;1;1;1;1;1;1;1;1;1;1;1;1;1;1
