Round no.;File;StateInRegion_M1;StateInRegion_M2;choiceHasNoIncoming_M1;choiceHasNoIncoming_M2;choiceHasNoIncoming_M3;choiceHasNoIncoming_M4;choiceHasNoIncoming_M5;choiceHasNoIncoming_M6;choiceHasNoOutgoing_M1;choiceHasNoOutgoing_M2;choiceHasNoOutgoing_M3;choiceHasNoOutgoing_M4;choiceHasNoOutgoing_M5;choiceHasNoOutgoing_M6;entryInRegion_M1;entryInRegion_M2;incomingToEntry_1;incomingToEntry_2;incomingToEntry_3;incomingToEntry_4;incomingToEntry_5;multipleEntryInRegion_M1;multipleEntryInRegion_M2;multipleEntryInRegion_M3;multipleEntryInRegion_M4;multipleEntryInRegion_M5;multipleTransitionFromEntry_M1;multipleTransitionFromEntry_M2;multipleTransitionFromEntry_M3;multipleTransitionFromEntry_M4;noEntryInRegion_M1;noEntryInRegion_M2;noEntryInRegion_M3;noEntryInRegion_M4;noEntryInRegion_M5;noOutgoingTransitionFromEntry_M1;noOutgoingTransitionFromEntry_M2;noOutgoingTransitionFromEntry_M3;noOutgoingTransitionFromEntry_M4;noOutgoingTransitionFromEntry_M5;noStateInRegion_M1;noStateInRegion_M2;noStateInRegion_M3;outgoingFromExit_M1;outgoingFromExit_M2;outgoingFromFinal_M1;outgoingFromFinal_M2;transition_M1;transition_M2;transition_M3;transition_M4
1;1_1.xmi;1;1;1;1;1;1;1;1;1;1;1;1;1;1;1;1;1;1;1;1;1;1;0;1;0;1;0;0;0;0;1;1;1;1;1;1;1;1;1;1;1;1;1;1;0;1;1;1;1;1;1
2;1_2.xmi;1;1;1;0;0;0;0;0;1;0;0;0;0;0;1;0;0;0;0;0;0;0;0;0;0;0;0;0;0;0;1;1;1;1;1;1;0;0;0;0;1;1;1;0;0;0;0;0;0;0;0
3;1_3.xmi;1;0;0;0;0;0;0;0;0;0;0;0;0;0;1;1;1;1;1;1;1;0;0;0;0;1;1;1;1;1;0;0;1;1;1;0;0;0;0;0;1;1;1;1;0;1;0;1;1;1;1
4;1_4.xmi;0;0;0;0;0;0;0;0;0;0;0;0;0;0;0;0;0;0;0;0;0;0;0;0;0;0;0;0;0;0;1;1;1;1;1;0;0;0;0;0;1;1;1;0;0;0;0;0;0;0;0
5;1_5.xmi;1;1;1;0;0;0;0;0;1;0;0;0;0;0;1;0;1;0;0;0;0;0;0;0;0;0;0;0;0;0;1;1;1;1;1;1;0;0;0;0;1;1;1;1;0;1;1;1;1;1;1
6;1_6.xmi;1;0;1;0;0;0;0;0;1;0;0;0;0;0;1;1;0;0;0;0;0;0;0;0;0;1;0;0;0;0;1;1;1;1;1;1;1;1;1;1;1;1;1;0;0;0;0;0;0;0;0
7;1_7.xmi;1;0;1;1;1;1;1;1;1;1;1;1;1;1;1;0;0;0;0;0;0;0;0;0;0;0;0;0;0;0;1;1;1;1;1;1;0;0;0;0;1;1;1;0;0;0;0;0;0;0;0
8;1_8.xmi;1;0;1;0;0;0;0;0;1;0;0;0;0;0;1;0;0;0;0;0;0;0;0;0;0;0;0;0;0;0;1;1;1;1;1;1;0;0;0;0;1;1;1;0;0;0;0;0;0;0;0
9;1_9.xmi;1;0;1;0;0;0;0;0;1;0;0;0;0;0;1;0;0;0;0;0;0;0;0;0;0;0;0;0;0;0;1;1;1;1;1;1;0;0;0;0;1;1;1;0;0;0;0;0;0;0;0
10;1_10.xmi;1;1;1;0;0;0;0;0;1;0;0;0;0;0;1;0;0;0;0;0;0;0;0;0;0;0;0;0;0;0;1;1;1;1;1;1;0;0;0;0;1;1;1;0;0;0;0;0;0;0;0
11;1_11.xmi;1;1;1;0;0;0;0;0;1;0;0;0;0;0;1;0;0;0;0;0;0;0;0;0;0;0;0;0;0;0;1;1;1;1;1;1;0;0;0;0;1;1;1;0;0;0;0;0;0;0;0
12;1_12.xmi;1;0;1;0;0;0;0;0;1;0;0;0;0;0;1;1;0;0;0;0;0;0;0;0;0;1;0;0;0;0;1;1;1;1;1;1;1;1;1;1;1;1;1;0;0;0;0;0;0;0;0
13;1_13.xmi;1;0;1;1;1;1;1;1;1;1;1;1;1;1;1;0;0;0;0;0;0;0;0;0;0;0;0;0;0;0;1;1;1;1;1;1;0;0;0;0;1;1;1;0;0;0;0;0;0;0;0
14;1_14.xmi;1;0;1;0;0;0;0;0;1;0;0;0;0;0;1;0;0;0;0;0;0;0;0;0;0;0;0;0;0;0;1;1;1;1;1;1;0;0;0;0;1;1;1;0;0;0;0;0;0;0;0
15;1_15.xmi;1;0;1;0;0;0;0;0;1;0;0;0;0;0;1;0;0;0;0;0;0;0;0;0;0;0;0;0;0;0;1;1;1;1;1;1;0;0;0;0;1;1;1;0;0;0;0;0;0;0;0
16;1_16.xmi;1;1;1;0;0;0;0;0;1;0;0;0;0;0;1;0;0;0;0;0;0;0;0;0;0;0;0;0;0;0;1;1;1;1;1;1;0;0;0;0;1;1;1;0;0;0;0;0;0;0;0
17;1_17.xmi;1;1;1;0;0;0;0;0;1;0;0;0;0;0;1;0;0;0;0;0;0;0;0;0;0;0;0;0;0;0;1;1;1;1;1;1;0;0;0;0;1;1;1;0;0;0;0;0;0;0;0
18;1_18.xmi;1;0;1;0;0;0;0;0;1;0;0;0;0;0;1;1;0;0;0;0;0;1;1;1;1;1;0;0;0;0;1;1;1;1;1;1;1;1;1;1;1;1;1;0;0;0;0;0;0;0;0
19;1_19.xmi;1;0;1;1;1;1;1;1;1;1;1;1;1;1;1;1;0;0;0;0;0;1;0;1;0;1;0;0;0;0;1;1;1;1;1;1;1;1;1;1;1;1;1;0;0;0;0;0;0;0;0
20;1_20.xmi;1;0;1;0;0;0;0;0;1;0;0;0;0;0;1;1;0;0;0;0;0;1;0;1;0;1;0;0;0;0;1;1;1;1;1;1;1;1;1;1;1;1;1;0;0;0;0;0;0;0;0
21;1_21.xmi;1;0;1;1;1;1;1;1;1;1;1;1;1;1;1;0;0;0;0;0;0;0;0;0;0;0;0;0;0;0;1;1;1;1;1;1;0;0;0;0;1;1;1;0;0;0;0;0;0;0;0
22;1_22.xmi;1;0;1;0;0;0;0;0;1;0;0;0;0;0;1;1;0;0;0;0;0;1;0;1;0;1;0;0;0;0;1;1;1;1;1;1;1;1;1;1;1;1;1;0;0;0;0;0;0;0;0
23;1_23.xmi;1;0;1;1;1;1;1;1;1;1;1;1;1;1;1;1;0;0;0;0;0;1;0;1;0;1;0;0;0;0;1;1;1;1;1;1;1;1;1;1;1;1;1;0;0;0;0;0;0;0;0
24;1_24.xmi;1;0;1;1;1;1;1;1;1;1;1;1;1;1;1;0;0;0;0;0;0;0;0;0;0;0;0;0;0;0;1;1;1;1;1;1;0;0;0;0;1;1;1;0;0;0;0;0;0;0;0
25;1_25.xmi;1;0;1;0;0;0;0;0;1;0;0;0;0;0;1;0;0;0;0;0;0;0;0;0;0;0;0;0;0;0;1;1;1;1;1;1;0;0;0;0;1;1;1;0;0;0;0;0;0;0;0
26;1_26.xmi;1;0;1;1;1;1;1;1;1;1;1;1;1;1;1;0;0;0;0;0;0;0;0;0;0;0;0;0;0;0;1;1;1;1;1;1;0;0;0;0;1;1;1;0;0;0;0;0;0;0;0
27;1_27.xmi;1;0;1;1;1;1;1;1;1;1;1;1;1;1;1;0;0;0;0;0;0;0;0;0;0;0;0;0;0;0;1;1;1;1;1;1;0;0;0;0;1;1;1;0;0;0;0;0;0;0;0
28;1_28.xmi;1;0;1;0;0;0;0;0;1;0;0;0;0;0;1;1;0;0;0;0;0;1;0;1;0;1;0;0;0;0;1;1;1;1;1;1;1;1;1;1;1;1;1;0;0;0;0;0;0;0;0
29;1_29.xmi;1;0;1;0;0;0;0;0;1;0;0;0;0;0;1;0;0;0;0;0;0;0;0;0;0;0;0;0;0;0;1;1;1;1;1;1;0;0;0;0;1;1;1;0;0;0;0;0;0;0;0
30;1_30.xmi;1;0;1;0;0;0;0;0;1;0;0;0;0;0;1;0;0;0;0;0;0;0;0;0;0;0;0;0;0;0;1;1;1;1;1;1;0;0;0;0;1;1;1;0;0;0;0;0;0;0;0
Round no.;File;StateInRegion_M1;StateInRegion_M2;choiceHasNoIncoming_M1;choiceHasNoIncoming_M2;choiceHasNoIncoming_M3;choiceHasNoIncoming_M4;choiceHasNoIncoming_M5;choiceHasNoIncoming_M6;choiceHasNoOutgoing_M1;choiceHasNoOutgoing_M2;choiceHasNoOutgoing_M3;choiceHasNoOutgoing_M4;choiceHasNoOutgoing_M5;choiceHasNoOutgoing_M6;entryInRegion_M1;entryInRegion_M2;incomingToEntry_1;incomingToEntry_2;incomingToEntry_3;incomingToEntry_4;incomingToEntry_5;multipleEntryInRegion_M1;multipleEntryInRegion_M2;multipleEntryInRegion_M3;multipleEntryInRegion_M4;multipleEntryInRegion_M5;multipleTransitionFromEntry_M1;multipleTransitionFromEntry_M2;multipleTransitionFromEntry_M3;multipleTransitionFromEntry_M4;noEntryInRegion_M1;noEntryInRegion_M2;noEntryInRegion_M3;noEntryInRegion_M4;noEntryInRegion_M5;noOutgoingTransitionFromEntry_M1;noOutgoingTransitionFromEntry_M2;noOutgoingTransitionFromEntry_M3;noOutgoingTransitionFromEntry_M4;noOutgoingTransitionFromEntry_M5;noStateInRegion_M1;noStateInRegion_M2;noStateInRegion_M3;outgoingFromExit_M1;outgoingFromExit_M2;outgoingFromFinal_M1;outgoingFromFinal_M2;transition_M1;transition_M2;transition_M3;transition_M4
1;2_1.xmi;1;1;1;0;0;0;0;0;1;0;0;0;0;0;1;1;1;1;0;0;0;1;1;1;1;1;0;1;1;1;1;1;1;1;1;1;0;0;0;0;1;1;1;1;0;1;1;1;1;1;1
2;2_2.xmi;1;1;1;0;0;0;0;0;1;0;0;0;0;0;1;1;1;1;0;0;0;1;0;1;0;1;0;0;0;0;1;1;1;1;1;1;1;1;1;1;1;1;1;1;0;1;1;1;1;1;1
3;2_3.xmi;1;0;1;0;0;0;0;0;1;0;0;0;0;0;1;1;1;1;0;0;0;1;0;1;0;1;0;0;0;1;1;1;1;1;1;1;0;0;0;0;1;1;1;1;0;1;1;1;1;1;1
4;2_4.xmi;0;0;0;0;0;0;0;0;0;0;0;0;0;0;0;0;0;0;0;0;0;0;0;0;0;0;0;0;0;0;1;1;1;1;1;0;0;0;0;0;1;1;1;0;0;0;0;0;0;0;0
5;2_5.xmi;1;0;1;0;0;0;0;0;1;0;0;0;0;0;1;0;0;0;0;0;0;0;0;0;0;0;0;0;0;0;1;1;1;1;1;1;0;0;0;0;1;1;1;0;0;0;0;0;0;0;0
6;2_6.xmi;1;0;1;0;0;0;0;0;1;0;0;0;0;0;1;1;0;0;0;0;0;0;0;0;0;1;0;0;0;0;1;1;1;1;1;1;1;1;1;1;1;1;1;0;0;0;0;0;0;0;0
7;2_7.xmi;1;0;1;1;1;1;1;1;1;1;1;1;1;1;1;0;0;0;0;0;0;0;0;0;0;0;0;0;0;0;1;1;1;1;1;1;0;0;0;0;1;1;1;0;0;0;0;0;0;0;0
8;2_8.xmi;1;0;1;0;0;0;0;0;1;0;0;0;0;0;1;0;0;0;0;0;0;0;0;0;0;0;0;0;0;0;1;1;1;1;1;1;0;0;0;0;1;1;1;0;0;0;0;0;0;0;0
9;2_9.xmi;1;1;1;0;0;0;0;0;1;0;0;0;0;0;1;0;0;0;0;0;0;0;0;0;0;0;0;0;0;0;1;1;1;1;1;1;0;0;0;0;1;1;1;0;0;0;0;0;0;0;0
10;2_10.xmi;1;1;1;0;0;0;0;0;1;0;0;0;0;0;1;0;0;0;0;0;0;0;0;0;0;0;0;0;0;0;1;1;1;1;1;1;0;0;0;0;1;1;1;0;0;0;0;0;0;0;0
11;2_11.xmi;1;0;1;0;0;0;0;0;1;0;0;0;0;0;1;1;0;0;0;0;0;0;0;0;0;1;0;0;0;0;1;1;1;1;1;1;1;1;1;1;1;1;1;0;0;0;0;0;0;0;0
12;2_12.xmi;1;0;1;1;1;1;1;1;1;1;1;1;1;1;1;0;0;0;0;0;0;0;0;0;0;0;0;0;0;0;1;1;1;1;1;1;0;0;0;0;1;1;1;0;0;0;0;0;0;0;0
13;2_13.xmi;1;0;1;0;0;0;0;0;1;0;0;0;0;0;1;0;0;0;0;0;0;0;0;0;0;0;0;0;0;0;1;1;1;1;1;1;0;0;0;0;1;1;1;0;0;0;0;0;0;0;0
14;2_14.xmi;1;0;1;0;0;0;0;0;1;0;0;0;0;0;1;0;0;0;0;0;0;0;0;0;0;0;0;0;0;0;1;1;1;1;1;1;0;0;0;0;1;1;1;0;0;0;0;0;0;0;0
15;2_15.xmi;1;1;1;0;0;0;0;0;1;0;0;0;0;0;1;0;0;0;0;0;0;0;0;0;0;0;0;0;0;0;1;1;1;1;1;1;0;0;0;0;1;1;1;0;0;0;0;0;0;0;0
16;2_16.xmi;1;1;1;0;0;0;0;0;1;0;0;0;0;0;1;0;0;0;0;0;0;0;0;0;0;0;0;0;0;0;1;1;1;1;1;1;0;0;0;0;1;1;1;0;0;0;0;0;0;0;0
17;2_17.xmi;1;1;1;0;0;0;0;0;1;0;0;0;0;0;1;1;0;0;0;0;0;1;0;1;0;1;0;0;0;0;1;1;1;1;1;1;1;1;1;1;1;1;1;0;0;0;0;0;0;0;0
18;2_18.xmi;1;0;1;0;0;0;0;0;1;0;0;0;0;0;1;1;0;0;0;0;0;1;1;1;1;1;0;0;0;0;1;1;1;1;1;1;1;1;1;1;1;1;1;0;0;0;0;0;0;0;0
19;2_19.xmi;1;0;1;1;1;1;1;1;1;1;1;1;1;1;1;1;0;0;0;0;0;1;0;1;0;1;0;0;0;0;1;1;1;1;1;1;1;1;1;1;1;1;1;0;0;0;0;0;0;0;0
20;2_20.xmi;1;0;1;0;0;0;0;0;1;0;0;0;0;0;1;1;0;0;0;0;0;1;0;1;0;1;0;0;0;0;1;1;1;1;1;1;1;1;1;1;1;1;1;0;0;0;0;0;0;0;0
21;2_21.xmi;1;0;1;1;1;1;1;1;1;1;1;1;1;1;1;0;0;0;0;0;0;0;0;0;0;0;0;0;0;0;1;1;1;1;1;1;0;0;0;0;1;1;1;0;0;0;0;0;0;0;0
22;2_22.xmi;1;0;1;0;0;0;0;0;1;0;0;0;0;0;1;1;0;0;0;0;0;1;0;1;0;1;0;0;0;0;1;1;1;1;1;1;1;1;1;1;1;1;1;0;0;0;0;0;0;0;0
23;2_23.xmi;1;0;1;1;1;1;1;1;1;1;1;1;1;1;1;1;0;0;0;0;0;1;0;1;0;1;0;0;0;0;1;1;1;1;1;1;1;1;1;1;1;1;1;0;0;0;0;0;0;0;0
24;2_24.xmi;1;0;1;1;1;1;1;1;1;1;1;1;1;1;1;0;0;0;0;0;0;0;0;0;0;0;0;0;0;0;1;1;1;1;1;1;0;0;0;0;1;1;1;0;0;0;0;0;0;0;0
25;2_25.xmi;1;0;1;0;0;0;0;0;1;0;0;0;0;0;1;0;0;0;0;0;0;0;0;0;0;0;0;0;0;0;1;1;1;1;1;1;0;0;0;0;1;1;1;0;0;0;0;0;0;0;0
26;2_26.xmi;1;0;1;1;1;1;1;1;1;1;1;1;1;1;1;0;0;0;0;0;0;0;0;0;0;0;0;0;0;0;1;1;1;1;1;1;0;0;0;0;1;1;1;0;0;0;0;0;0;0;0
27;2_27.xmi;1;0;1;1;1;1;1;1;1;1;1;1;1;1;1;0;0;0;0;0;0;0;0;0;0;0;0;0;0;0;1;1;1;1;1;1;0;0;0;0;1;1;1;0;0;0;0;0;0;0;0
28;2_28.xmi;1;0;1;0;0;0;0;0;1;0;0;0;0;0;1;1;0;0;0;0;0;1;0;1;0;1;0;0;0;0;1;1;1;1;1;1;1;1;1;1;1;1;1;0;0;0;0;0;0;0;0
29;2_29.xmi;1;0;1;0;0;0;0;0;1;0;0;0;0;0;1;0;0;0;0;0;0;0;0;0;0;0;0;0;0;0;1;1;1;1;1;1;0;0;0;0;1;1;1;0;0;0;0;0;0;0;0
30;2_30.xmi;1;0;1;0;0;0;0;0;1;0;0;0;0;0;1;0;0;0;0;0;0;0;0;0;0;0;0;0;0;0;1;1;1;1;1;1;0;0;0;0;1;1;1;0;0;0;0;0;0;0;0
Round no.;File;StateInRegion_M1;StateInRegion_M2;choiceHasNoIncoming_M1;choiceHasNoIncoming_M2;choiceHasNoIncoming_M3;choiceHasNoIncoming_M4;choiceHasNoIncoming_M5;choiceHasNoIncoming_M6;choiceHasNoOutgoing_M1;choiceHasNoOutgoing_M2;choiceHasNoOutgoing_M3;choiceHasNoOutgoing_M4;choiceHasNoOutgoing_M5;choiceHasNoOutgoing_M6;entryInRegion_M1;entryInRegion_M2;incomingToEntry_1;incomingToEntry_2;incomingToEntry_3;incomingToEntry_4;incomingToEntry_5;multipleEntryInRegion_M1;multipleEntryInRegion_M2;multipleEntryInRegion_M3;multipleEntryInRegion_M4;multipleEntryInRegion_M5;multipleTransitionFromEntry_M1;multipleTransitionFromEntry_M2;multipleTransitionFromEntry_M3;multipleTransitionFromEntry_M4;noEntryInRegion_M1;noEntryInRegion_M2;noEntryInRegion_M3;noEntryInRegion_M4;noEntryInRegion_M5;noOutgoingTransitionFromEntry_M1;noOutgoingTransitionFromEntry_M2;noOutgoingTransitionFromEntry_M3;noOutgoingTransitionFromEntry_M4;noOutgoingTransitionFromEntry_M5;noStateInRegion_M1;noStateInRegion_M2;noStateInRegion_M3;outgoingFromExit_M1;outgoingFromExit_M2;outgoingFromFinal_M1;outgoingFromFinal_M2;transition_M1;transition_M2;transition_M3;transition_M4
1;3_1.xmi;1;1;1;1;1;1;1;1;1;1;1;1;1;1;1;1;1;1;0;0;0;1;0;1;0;1;0;0;0;0;1;1;1;1;1;1;1;1;1;1;1;1;1;1;0;1;1;1;1;1;1
2;3_2.xmi;1;1;1;0;0;0;0;0;1;0;0;0;0;0;1;1;1;1;0;0;0;1;1;1;1;1;1;1;1;1;1;1;1;1;1;1;1;1;1;1;1;1;1;1;0;1;1;1;1;1;1
3;3_3.xmi;1;1;1;0;0;0;0;0;1;0;0;0;0;0;1;1;1;1;1;1;1;1;1;1;1;1;0;1;1;1;1;1;1;1;1;1;1;1;1;1;1;1;1;1;0;1;1;1;1;1;1
4;3_4.xmi;0;0;0;0;0;0;0;0;0;0;0;0;0;0;0;0;0;0;0;0;0;0;0;0;0;0;0;0;0;0;1;1;1;1;1;0;0;0;0;0;1;1;1;0;0;0;0;0;0;0;0
5;3_5.xmi;1;1;1;0;0;0;0;0;1;0;0;0;0;0;1;0;0;0;0;0;0;0;0;0;0;0;0;0;0;0;1;1;1;1;1;1;0;0;0;0;1;1;1;0;0;0;0;0;0;0;0
6;3_6.xmi;1;0;1;0;0;0;0;0;1;0;0;0;0;0;1;1;0;0;0;0;0;0;0;0;0;1;0;0;0;0;1;1;1;1;1;1;1;1;1;1;1;1;1;0;0;0;0;0;0;0;0
7;3_7.xmi;1;0;1;1;1;1;1;1;1;1;1;1;1;1;1;0;0;0;0;0;0;0;0;0;0;0;0;0;0;0;1;1;1;1;1;1;0;0;0;0;1;1;1;0;0;0;0;0;0;0;0
8;3_8.xmi;1;0;1;0;0;0;0;0;1;0;0;0;0;0;1;0;0;0;0;0;0;0;0;0;0;0;0;0;0;0;1;1;1;1;1;1;0;0;0;0;1;1;1;0;0;0;0;0;0;0;0
9;3_9.xmi;1;0;1;0;0;0;0;0;1;0;0;0;0;0;1;0;0;0;0;0;0;0;0;0;0;0;0;0;0;0;1;1;1;1;1;1;0;0;0;0;1;1;1;0;0;0;0;0;0;0;0
10;3_10.xmi;1;1;1;0;0;0;0;0;1;0;0;0;0;0;1;0;0;0;0;0;0;0;0;0;0;0;0;0;0;0;1;1;1;1;1;1;0;0;0;0;1;1;1;0;0;0;0;0;0;0;0
11;3_11.xmi;1;0;1;0;0;0;0;0;1;0;0;0;0;0;1;1;0;0;0;0;0;0;0;0;0;1;0;0;0;0;1;1;1;1;1;1;1;1;1;1;1;1;1;0;0;0;0;0;0;0;0
12;3_12.xmi;1;0;1;1;1;1;1;1;1;1;1;1;1;1;1;0;0;0;0;0;0;0;0;0;0;0;0;0;0;0;1;1;1;1;1;1;0;0;0;0;1;1;1;0;0;0;0;0;0;0;0
13;3_13.xmi;1;0;1;0;0;0;0;0;1;0;0;0;0;0;1;0;0;0;0;0;0;0;0;0;0;0;0;0;0;0;1;1;1;1;1;1;0;0;0;0;1;1;1;0;0;0;0;0;0;0;0
14;3_14.xmi;1;0;1;0;0;0;0;0;1;0;0;0;0;0;1;0;0;0;0;0;0;0;0;0;0;0;0;0;0;0;1;1;1;1;1;1;0;0;0;0;1;1;1;0;0;0;0;0;0;0;0
15;3_15.xmi;1;1;1;0;0;0;0;0;1;0;0;0;0;0;1;0;0;0;0;0;0;0;0;0;0;0;0;0;0;0;1;1;1;1;1;1;0;0;0;0;1;1;1;0;0;0;0;0;0;0;0
16;3_16.xmi;1;1;1;0;0;0;0;0;1;0;0;0;0;0;1;0;0;0;0;0;0;0;0;0;0;0;0;0;0;0;1;1;1;1;1;1;0;0;0;0;1;1;1;0;0;0;0;0;0;0;0
17;3_17.xmi;1;1;1;0;0;0;0;0;1;0;0;0;0;0;1;1;0;0;0;0;0;1;0;1;0;1;0;0;0;0;1;1;1;1;1;1;1;1;1;1;1;1;1;0;0;0;0;0;0;0;0
18;3_18.xmi;1;0;1;0;0;0;0;0;1;0;0;0;0;0;1;1;0;0;0;0;0;1;1;1;1;1;0;0;0;0;1;1;1;1;1;1;1;1;1;1;1;1;1;0;0;0;0;0;0;0;0
19;3_19.xmi;1;0;1;1;1;1;1;1;1;1;1;1;1;1;1;1;0;0;0;0;0;1;0;1;0;1;0;0;0;0;1;1;1;1;1;1;1;1;1;1;1;1;1;0;0;0;0;0;0;0;0
20;3_20.xmi;1;0;1;0;0;0;0;0;1;0;0;0;0;0;1;1;0;0;0;0;0;1;0;1;0;1;0;0;0;0;1;1;1;1;1;1;1;1;1;1;1;1;1;0;0;0;0;0;0;0;0
21;3_21.xmi;1;0;1;1;1;1;1;1;1;1;1;1;1;1;1;0;0;0;0;0;0;0;0;0;0;0;0;0;0;0;1;1;1;1;1;1;0;0;0;0;1;1;1;0;0;0;0;0;0;0;0
22;3_22.xmi;1;0;1;0;0;0;0;0;1;0;0;0;0;0;1;1;0;0;0;0;0;1;0;1;0;1;0;0;0;0;1;1;1;1;1;1;1;1;1;1;1;1;1;0;0;0;0;0;0;0;0
23;3_23.xmi;1;0;1;1;1;1;1;1;1;1;1;1;1;1;1;1;0;0;0;0;0;1;0;1;0;1;0;0;0;0;1;1;1;1;1;1;1;1;1;1;1;1;1;0;0;0;0;0;0;0;0
24;3_24.xmi;1;0;1;1;1;1;1;1;1;1;1;1;1;1;1;0;0;0;0;0;0;0;0;0;0;0;0;0;0;0;1;1;1;1;1;1;0;0;0;0;1;1;1;0;0;0;0;0;0;0;0
25;3_25.xmi;1;0;1;0;0;0;0;0;1;0;0;0;0;0;1;0;0;0;0;0;0;0;0;0;0;0;0;0;0;0;1;1;1;1;1;1;0;0;0;0;1;1;1;0;0;0;0;0;0;0;0
26;3_26.xmi;1;0;1;1;1;1;1;1;1;1;1;1;1;1;1;0;0;0;0;0;0;0;0;0;0;0;0;0;0;0;1;1;1;1;1;1;0;0;0;0;1;1;1;0;0;0;0;0;0;0;0
27;3_27.xmi;1;0;1;1;1;1;1;1;1;1;1;1;1;1;1;0;0;0;0;0;0;0;0;0;0;0;0;0;0;0;1;1;1;1;1;1;0;0;0;0;1;1;1;0;0;0;0;0;0;0;0
28;3_28.xmi;1;0;1;0;0;0;0;0;1;0;0;0;0;0;1;1;0;0;0;0;0;1;0;1;0;1;0;0;0;0;1;1;1;1;1;1;1;1;1;1;1;1;1;0;0;0;0;0;0;0;0
29;3_29.xmi;1;0;1;0;0;0;0;0;1;0;0;0;0;0;1;0;0;0;0;0;0;0;0;0;0;0;0;0;0;0;1;1;1;1;1;1;0;0;0;0;1;1;1;0;0;0;0;0;0;0;0
30;3_30.xmi;1;0;1;0;0;0;0;0;1;0;0;0;0;0;1;0;0;0;0;0;0;0;0;0;0;0;0;0;0;0;1;1;1;1;1;1;0;0;0;0;1;1;1;0;0;0;0;0;0;0;0
Round no.;File;StateInRegion_M1;StateInRegion_M2;choiceHasNoIncoming_M1;choiceHasNoIncoming_M2;choiceHasNoIncoming_M3;choiceHasNoIncoming_M4;choiceHasNoIncoming_M5;choiceHasNoIncoming_M6;choiceHasNoOutgoing_M1;choiceHasNoOutgoing_M2;choiceHasNoOutgoing_M3;choiceHasNoOutgoing_M4;choiceHasNoOutgoing_M5;choiceHasNoOutgoing_M6;entryInRegion_M1;entryInRegion_M2;incomingToEntry_1;incomingToEntry_2;incomingToEntry_3;incomingToEntry_4;incomingToEntry_5;multipleEntryInRegion_M1;multipleEntryInRegion_M2;multipleEntryInRegion_M3;multipleEntryInRegion_M4;multipleEntryInRegion_M5;multipleTransitionFromEntry_M1;multipleTransitionFromEntry_M2;multipleTransitionFromEntry_M3;multipleTransitionFromEntry_M4;noEntryInRegion_M1;noEntryInRegion_M2;noEntryInRegion_M3;noEntryInRegion_M4;noEntryInRegion_M5;noOutgoingTransitionFromEntry_M1;noOutgoingTransitionFromEntry_M2;noOutgoingTransitionFromEntry_M3;noOutgoingTransitionFromEntry_M4;noOutgoingTransitionFromEntry_M5;noStateInRegion_M1;noStateInRegion_M2;noStateInRegion_M3;outgoingFromExit_M1;outgoingFromExit_M2;outgoingFromFinal_M1;outgoingFromFinal_M2;transition_M1;transition_M2;transition_M3;transition_M4
1;4_1.xmi;1;1;1;1;1;1;1;1;1;1;1;1;1;1;1;1;1;1;1;1;1;1;0;1;0;1;0;1;1;1;1;1;1;1;1;1;0;0;0;0;1;1;1;1;0;1;1;1;1;1;1
2;4_2.xmi;1;1;1;0;0;0;0;0;1;0;0;0;0;0;1;1;1;1;0;0;0;1;0;1;0;1;0;0;0;0;1;1;1;1;1;1;1;1;1;1;1;1;1;1;0;1;1;1;1;1;1
3;4_3.xmi;1;0;1;0;0;0;0;0;1;0;0;0;0;0;1;0;0;0;0;0;0;0;0;0;0;0;0;0;0;0;1;1;1;1;1;1;0;0;0;0;1;1;1;0;0;0;0;0;0;0;0
4;4_4.xmi;1;1;1;0;0;0;0;0;1;0;0;0;0;0;1;1;1;1;1;1;1;1;0;1;0;1;1;1;1;1;1;1;1;1;1;1;0;0;0;0;1;1;1;1;0;1;1;1;1;1;1
5;4_5.xmi;0;0;0;0;0;0;0;0;0;0;0;0;0;0;0;0;0;0;0;0;0;0;0;0;0;0;0;0;0;0;1;1;1;1;1;0;0;0;0;0;1;1;1;0;0;0;0;0;0;0;0
6;4_6.xmi;1;0;1;0;0;0;0;0;1;0;0;0;0;0;1;0;0;0;0;0;0;0;0;0;0;0;0;0;0;0;1;1;1;1;1;1;0;0;0;0;1;1;1;0;0;0;0;0;0;0;0
7;4_7.xmi;1;0;1;0;0;0;0;0;1;0;0;0;0;0;1;1;0;0;0;0;0;0;0;0;0;1;0;0;0;0;1;1;1;1;1;1;1;1;1;1;1;1;1;0;0;0;0;0;0;0;0
8;4_8.xmi;1;0;1;1;1;1;1;1;1;1;1;1;1;1;1;0;0;0;0;0;0;0;0;0;0;0;0;0;0;0;1;1;1;1;1;1;0;0;0;0;1;1;1;0;0;0;0;0;0;0;0
9;4_9.xmi;1;0;1;0;0;0;0;0;1;0;0;0;0;0;1;0;0;0;0;0;0;0;0;0;0;0;0;0;0;0;1;1;1;1;1;1;0;0;0;0;1;1;1;0;0;0;0;0;0;0;0
10;4_10.xmi;1;1;1;0;0;0;0;0;1;0;0;0;0;0;1;0;0;0;0;0;0;0;0;0;0;0;0;0;0;0;1;1;1;1;1;1;0;0;0;0;1;1;1;0;0;0;0;0;0;0;0
11;4_11.xmi;1;1;1;0;0;0;0;0;1;0;0;0;0;0;1;0;0;0;0;0;0;0;0;0;0;0;0;0;0;0;1;1;1;1;1;1;0;0;0;0;1;1;1;0;0;0;0;0;0;0;0
12;4_12.xmi;1;0;1;0;0;0;0;0;1;0;0;0;0;0;1;1;0;0;0;0;0;0;0;0;0;1;0;0;0;0;1;1;1;1;1;1;1;1;1;1;1;1;1;0;0;0;0;0;0;0;0
13;4_13.xmi;1;0;1;1;1;1;1;1;1;1;1;1;1;1;1;0;0;0;0;0;0;0;0;0;0;0;0;0;0;0;1;1;1;1;1;1;0;0;0;0;1;1;1;0;0;0;0;0;0;0;0
14;4_14.xmi;1;0;1;0;0;0;0;0;1;0;0;0;0;0;1;0;0;0;0;0;0;0;0;0;0;0;0;0;0;0;1;1;1;1;1;1;0;0;0;0;1;1;1;0;0;0;0;0;0;0;0
15;4_15.xmi;1;0;1;0;0;0;0;0;1;0;0;0;0;0;1;0;0;0;0;0;0;0;0;0;0;0;0;0;0;0;1;1;1;1;1;1;0;0;0;0;1;1;1;0;0;0;0;0;0;0;0
16;4_16.xmi;1;1;1;0;0;0;0;0;1;0;0;0;0;0;1;0;0;0;0;0;0;0;0;0;0;0;0;0;0;0;1;1;1;1;1;1;0;0;0;0;1;1;1;0;0;0;0;0;0;0;0
17;4_17.xmi;1;1;1;0;0;0;0;0;1;0;0;0;0;0;1;0;0;0;0;0;0;0;0;0;0;0;0;0;0;0;1;1;1;1;1;1;0;0;0;0;1;1;1;0;0;0;0;0;0;0;0
18;4_18.xmi;1;0;1;0;0;0;0;0;1;0;0;0;0;0;1;1;0;0;0;0;0;1;1;1;1;1;0;0;0;0;1;1;1;1;1;1;1;1;1;1;1;1;1;0;0;0;0;0;0;0;0
19;4_19.xmi;1;0;1;1;1;1;1;1;1;1;1;1;1;1;1;1;0;0;0;0;0;1;0;1;0;1;0;0;0;0;1;1;1;1;1;1;1;1;1;1;1;1;1;0;0;0;0;0;0;0;0
20;4_20.xmi;1;0;1;0;0;0;0;0;1;0;0;0;0;0;1;1;0;0;0;0;0;1;0;1;0;1;0;0;0;0;1;1;1;1;1;1;1;1;1;1;1;1;1;0;0;0;0;0;0;0;0
21;4_21.xmi;1;0;1;1;1;1;1;1;1;1;1;1;1;1;1;0;0;0;0;0;0;0;0;0;0;0;0;0;0;0;1;1;1;1;1;1;0;0;0;0;1;1;1;0;0;0;0;0;0;0;0
22;4_22.xmi;1;0;1;0;0;0;0;0;1;0;0;0;0;0;1;1;0;0;0;0;0;1;0;1;0;1;0;0;0;0;1;1;1;1;1;1;1;1;1;1;1;1;1;0;0;0;0;0;0;0;0
23;4_23.xmi;1;0;1;1;1;1;1;1;1;1;1;1;1;1;1;1;0;0;0;0;0;1;0;1;0;1;0;0;0;0;1;1;1;1;1;1;1;1;1;1;1;1;1;0;0;0;0;0;0;0;0
24;4_24.xmi;1;0;1;1;1;1;1;1;1;1;1;1;1;1;1;0;0;0;0;0;0;0;0;0;0;0;0;0;0;0;1;1;1;1;1;1;0;0;0;0;1;1;1;0;0;0;0;0;0;0;0
25;4_25.xmi;1;0;1;0;0;0;0;0;1;0;0;0;0;0;1;0;0;0;0;0;0;0;0;0;0;0;0;0;0;0;1;1;1;1;1;1;0;0;0;0;1;1;1;0;0;0;0;0;0;0;0
26;4_26.xmi;1;0;1;1;1;1;1;1;1;1;1;1;1;1;1;0;0;0;0;0;0;0;0;0;0;0;0;0;0;0;1;1;1;1;1;1;0;0;0;0;1;1;1;0;0;0;0;0;0;0;0
27;4_27.xmi;1;0;1;1;1;1;1;1;1;1;1;1;1;1;1;0;0;0;0;0;0;0;0;0;0;0;0;0;0;0;1;1;1;1;1;1;0;0;0;0;1;1;1;0;0;0;0;0;0;0;0
28;4_28.xmi;1;0;1;0;0;0;0;0;1;0;0;0;0;0;1;1;0;0;0;0;0;1;0;1;0;1;0;0;0;0;1;1;1;1;1;1;1;1;1;1;1;1;1;0;0;0;0;0;0;0;0
29;4_29.xmi;1;0;1;0;0;0;0;0;1;0;0;0;0;0;1;0;0;0;0;0;0;0;0;0;0;0;0;0;0;0;1;1;1;1;1;1;0;0;0;0;1;1;1;0;0;0;0;0;0;0;0
30;4_30.xmi;1;0;1;0;0;0;0;0;1;0;0;0;0;0;1;0;0;0;0;0;0;0;0;0;0;0;0;0;0;0;1;1;1;1;1;1;0;0;0;0;1;1;1;0;0;0;0;0;0;0;0
Round no.;File;StateInRegion_M1;StateInRegion_M2;choiceHasNoIncoming_M1;choiceHasNoIncoming_M2;choiceHasNoIncoming_M3;choiceHasNoIncoming_M4;choiceHasNoIncoming_M5;choiceHasNoIncoming_M6;choiceHasNoOutgoing_M1;choiceHasNoOutgoing_M2;choiceHasNoOutgoing_M3;choiceHasNoOutgoing_M4;choiceHasNoOutgoing_M5;choiceHasNoOutgoing_M6;entryInRegion_M1;entryInRegion_M2;incomingToEntry_1;incomingToEntry_2;incomingToEntry_3;incomingToEntry_4;incomingToEntry_5;multipleEntryInRegion_M1;multipleEntryInRegion_M2;multipleEntryInRegion_M3;multipleEntryInRegion_M4;multipleEntryInRegion_M5;multipleTransitionFromEntry_M1;multipleTransitionFromEntry_M2;multipleTransitionFromEntry_M3;multipleTransitionFromEntry_M4;noEntryInRegion_M1;noEntryInRegion_M2;noEntryInRegion_M3;noEntryInRegion_M4;noEntryInRegion_M5;noOutgoingTransitionFromEntry_M1;noOutgoingTransitionFromEntry_M2;noOutgoingTransitionFromEntry_M3;noOutgoingTransitionFromEntry_M4;noOutgoingTransitionFromEntry_M5;noStateInRegion_M1;noStateInRegion_M2;noStateInRegion_M3;outgoingFromExit_M1;outgoingFromExit_M2;outgoingFromFinal_M1;outgoingFromFinal_M2;transition_M1;transition_M2;transition_M3;transition_M4
1;5_1.xmi;1;1;1;0;0;0;0;0;1;0;0;0;0;0;1;0;1;0;0;0;0;0;0;0;0;0;0;0;0;0;1;1;1;1;1;1;0;0;0;0;1;1;1;1;0;1;1;1;1;1;1
2;5_2.xmi;1;1;1;0;0;0;0;0;1;0;0;0;0;0;1;0;1;0;0;0;0;0;0;0;0;0;0;0;0;0;1;1;1;1;1;1;0;0;0;0;1;1;1;1;0;1;1;1;1;1;1
3;5_3.xmi;0;0;0;0;0;0;0;0;0;0;0;0;0;0;0;0;0;0;0;0;0;0;0;0;0;0;0;0;0;0;1;1;1;1;1;0;0;0;0;0;1;1;1;0;0;0;0;0;0;0;0
4;5_4.xmi;1;0;1;0;0;0;0;0;1;0;0;0;0;0;1;0;0;0;0;0;0;0;0;0;0;0;0;0;0;0;1;1;1;1;1;1;0;0;0;0;1;1;1;0;0;0;0;0;0;0;0
5;5_5.xmi;1;0;1;0;0;0;0;0;1;0;0;0;0;0;1;1;0;0;0;0;0;0;0;0;0;1;0;0;0;0;1;1;1;1;1;1;1;1;1;1;1;1;1;0;0;0;0;0;0;0;0
6;5_6.xmi;1;0;1;1;1;1;1;1;1;1;1;1;1;1;1;0;0;0;0;0;0;0;0;0;0;0;0;0;0;0;1;1;1;1;1;1;0;0;0;0;1;1;1;0;0;0;0;0;0;0;0
7;5_7.xmi;1;0;1;0;0;0;0;0;1;0;0;0;0;0;1;0;0;0;0;0;0;0;0;0;0;0;0;0;0;0;1;1;1;1;1;1;0;0;0;0;1;1;1;0;0;0;0;0;0;0;0
8;5_8.xmi;1;1;1;0;0;0;0;0;1;0;0;0;0;0;1;0;0;0;0;0;0;0;0;0;0;0;0;0;0;0;1;1;1;1;1;1;0;0;0;0;1;1;1;0;0;0;0;0;0;0;0
9;5_9.xmi;1;1;1;0;0;0;0;0;1;0;0;0;0;0;1;0;0;0;0;0;0;0;0;0;0;0;0;0;0;0;1;1;1;1;1;1;0;0;0;0;1;1;1;0;0;0;0;0;0;0;0
10;5_10.xmi;1;0;1;0;0;0;0;0;1;0;0;0;0;0;1;1;0;0;0;0;0;0;0;0;0;1;0;0;0;0;1;1;1;1;1;1;1;1;1;1;1;1;1;0;0;0;0;0;0;0;0
11;5_11.xmi;1;0;1;1;1;1;1;1;1;1;1;1;1;1;1;0;0;0;0;0;0;0;0;0;0;0;0;0;0;0;1;1;1;1;1;1;0;0;0;0;1;1;1;0;0;0;0;0;0;0;0
12;5_12.xmi;1;0;1;0;0;0;0;0;1;0;0;0;0;0;1;0;0;0;0;0;0;0;0;0;0;0;0;0;0;0;1;1;1;1;1;1;0;0;0;0;1;1;1;0;0;0;0;0;0;0;0
13;5_13.xmi;1;0;1;0;0;0;0;0;1;0;0;0;0;0;1;0;0;0;0;0;0;0;0;0;0;0;0;0;0;0;1;1;1;1;1;1;0;0;0;0;1;1;1;0;0;0;0;0;0;0;0
14;5_14.xmi;1;1;1;0;0;0;0;0;1;0;0;0;0;0;1;0;0;0;0;0;0;0;0;0;0;0;0;0;0;0;1;1;1;1;1;1;0;0;0;0;1;1;1;0;0;0;0;0;0;0;0
15;5_15.xmi;1;1;1;0;0;0;0;0;1;0;0;0;0;0;1;0;0;0;0;0;0;0;0;0;0;0;0;0;0;0;1;1;1;1;1;1;0;0;0;0;1;1;1;0;0;0;0;0;0;0;0
16;5_16.xmi;1;0;1;0;0;0;0;0;1;0;0;0;0;0;1;1;1;1;1;1;1;1;1;1;1;1;0;0;0;0;0;0;1;1;1;1;1;1;1;1;1;1;1;1;1;1;1;1;1;1;1
17;5_17.xmi;1;0;1;0;0;0;0;0;1;0;0;0;0;0;1;1;0;0;0;0;0;1;1;1;1;1;0;0;0;0;1;1;1;1;1;1;1;1;1;1;1;1;1;0;0;0;0;0;0;0;0
18;5_18.xmi;1;0;1;1;1;1;1;1;1;1;1;1;1;1;1;1;0;0;0;0;0;1;0;1;0;1;0;0;0;0;1;1;1;1;1;1;1;1;1;1;1;1;1;0;0;0;0;0;0;0;0
19;5_19.xmi;1;0;1;0;0;0;0;0;1;0;0;0;0;0;1;1;0;0;0;0;0;1;0;1;0;1;0;0;0;0;1;1;1;1;1;1;1;1;1;1;1;1;1;0;0;0;0;0;0;0;0
20;5_20.xmi;1;0;1;1;1;1;1;1;1;1;1;1;1;1;1;0;0;0;0;0;0;0;0;0;0;0;0;0;0;0;1;1;1;1;1;1;0;0;0;0;1;1;1;0;0;0;0;0;0;0;0
21;5_21.xmi;1;0;1;0;0;0;0;0;1;0;0;0;0;0;1;1;0;0;0;0;0;1;0;1;0;1;0;0;0;0;1;1;1;1;1;1;1;1;1;1;1;1;1;0;0;0;0;0;0;0;0
22;5_22.xmi;1;0;1;1;1;1;1;1;1;1;1;1;1;1;1;1;0;0;0;0;0;1;0;1;0;1;0;0;0;0;1;1;1;1;1;1;1;1;1;1;1;1;1;0;0;0;0;0;0;0;0
23;5_23.xmi;1;0;1;1;1;1;1;1;1;1;1;1;1;1;1;0;0;0;0;0;0;0;0;0;0;0;0;0;0;0;1;1;1;1;1;1;0;0;0;0;1;1;1;0;0;0;0;0;0;0;0
24;5_24.xmi;1;0;1;0;0;0;0;0;1;0;0;0;0;0;1;0;0;0;0;0;0;0;0;0;0;0;0;0;0;0;1;1;1;1;1;1;0;0;0;0;1;1;1;0;0;0;0;0;0;0;0
25;5_25.xmi;1;0;1;1;1;1;1;1;1;1;1;1;1;1;1;0;0;0;0;0;0;0;0;0;0;0;0;0;0;0;1;1;1;1;1;1;0;0;0;0;1;1;1;0;0;0;0;0;0;0;0
26;5_26.xmi;1;0;1;1;1;1;1;1;1;1;1;1;1;1;1;0;0;0;0;0;0;0;0;0;0;0;0;0;0;0;1;1;1;1;1;1;0;0;0;0;1;1;1;0;0;0;0;0;0;0;0
27;5_27.xmi;1;0;1;0;0;0;0;0;1;0;0;0;0;0;1;1;0;0;0;0;0;1;0;1;0;1;0;0;0;0;1;1;1;1;1;1;1;1;1;1;1;1;1;0;0;0;0;0;0;0;0
28;5_28.xmi;1;0;1;0;0;0;0;0;1;0;0;0;0;0;1;0;0;0;0;0;0;0;0;0;0;0;0;0;0;0;1;1;1;1;1;1;0;0;0;0;1;1;1;0;0;0;0;0;0;0;0
29;5_29.xmi;1;0;1;0;0;0;0;0;1;0;0;0;0;0;1;0;0;0;0;0;0;0;0;0;0;0;0;0;0;0;1;1;1;1;1;1;0;0;0;0;1;1;1;0;0;0;0;0;0;0;0
30;5_30.xmi;1;0;1;0;0;0;0;0;1;0;0;0;0;0;1;1;0;0;0;0;0;1;0;1;0;1;0;0;0;0;1;1;1;1;1;1;1;1;1;1;1;1;1;0;0;0;0;0;0;0;0
Round no.;File;StateInRegion_M1;StateInRegion_M2;choiceHasNoIncoming_M1;choiceHasNoIncoming_M2;choiceHasNoIncoming_M3;choiceHasNoIncoming_M4;choiceHasNoIncoming_M5;choiceHasNoIncoming_M6;choiceHasNoOutgoing_M1;choiceHasNoOutgoing_M2;choiceHasNoOutgoing_M3;choiceHasNoOutgoing_M4;choiceHasNoOutgoing_M5;choiceHasNoOutgoing_M6;entryInRegion_M1;entryInRegion_M2;incomingToEntry_1;incomingToEntry_2;incomingToEntry_3;incomingToEntry_4;incomingToEntry_5;multipleEntryInRegion_M1;multipleEntryInRegion_M2;multipleEntryInRegion_M3;multipleEntryInRegion_M4;multipleEntryInRegion_M5;multipleTransitionFromEntry_M1;multipleTransitionFromEntry_M2;multipleTransitionFromEntry_M3;multipleTransitionFromEntry_M4;noEntryInRegion_M1;noEntryInRegion_M2;noEntryInRegion_M3;noEntryInRegion_M4;noEntryInRegion_M5;noOutgoingTransitionFromEntry_M1;noOutgoingTransitionFromEntry_M2;noOutgoingTransitionFromEntry_M3;noOutgoingTransitionFromEntry_M4;noOutgoingTransitionFromEntry_M5;noStateInRegion_M1;noStateInRegion_M2;noStateInRegion_M3;outgoingFromExit_M1;outgoingFromExit_M2;outgoingFromFinal_M1;outgoingFromFinal_M2;transition_M1;transition_M2;transition_M3;transition_M4
1;6_1.xmi;1;1;1;0;0;0;0;0;1;0;0;0;0;0;1;1;1;1;0;0;0;0;0;0;0;1;0;0;0;0;1;1;1;1;1;1;1;1;1;1;1;1;1;1;0;1;1;1;1;1;1
2;6_2.xmi;1;1;1;0;0;0;0;0;1;0;0;0;0;0;1;1;1;1;1;1;1;1;1;1;1;1;0;0;0;0;0;0;1;1;1;1;1;1;1;1;0;0;1;1;0;1;1;1;1;1;1
3;6_3.xmi;0;0;0;0;0;0;0;0;0;0;0;0;0;0;0;0;0;0;0;0;0;0;0;0;0;0;0;0;0;0;1;1;1;1;1;0;0;0;0;0;1;1;1;0;0;0;0;0;0;0;0
4;6_4.xmi;1;1;1;0;0;0;0;0;1;0;0;0;0;0;1;0;0;0;0;0;0;0;0;0;0;0;0;0;0;0;1;1;1;1;1;1;0;0;0;0;0;0;1;0;0;0;0;0;0;0;0
5;6_5.xmi;1;0;1;0;0;0;0;0;1;0;0;0;0;0;1;1;0;0;0;0;0;0;0;0;0;1;0;0;0;0;1;1;1;1;1;1;1;1;1;1;1;1;1;0;0;0;0;0;0;0;0
6;6_6.xmi;1;0;1;1;1;1;1;1;1;1;1;1;1;1;1;0;0;0;0;0;0;0;0;0;0;0;0;0;0;0;1;1;1;1;1;1;0;0;0;0;1;1;1;0;0;0;0;0;0;0;0
7;6_7.xmi;1;0;1;0;0;0;0;0;1;0;0;0;0;0;1;0;0;0;0;0;0;0;0;0;0;0;0;0;0;0;1;1;1;1;1;1;0;0;0;0;1;1;1;0;0;0;0;0;0;0;0
8;6_8.xmi;1;0;1;0;0;0;0;0;1;0;0;0;0;0;1;0;0;0;0;0;0;0;0;0;0;0;0;0;0;0;1;1;1;1;1;1;0;0;0;0;1;1;1;0;0;0;0;0;0;0;0
9;6_9.xmi;1;1;1;0;0;0;0;0;1;0;0;0;0;0;1;0;0;0;0;0;0;0;0;0;0;0;0;0;0;0;1;1;1;1;1;1;0;0;0;0;1;1;1;0;0;0;0;0;0;0;0
10;6_10.xmi;1;1;1;0;0;0;0;0;1;0;0;0;0;0;1;0;0;0;0;0;0;0;0;0;0;0;0;0;0;0;1;1;1;1;1;1;0;0;0;0;1;1;1;0;0;0;0;0;0;0;0
11;6_11.xmi;1;0;1;0;0;0;0;0;1;0;0;0;0;0;1;1;0;0;0;0;0;0;0;0;0;1;0;0;0;0;1;1;1;1;1;1;1;1;1;1;1;1;1;0;0;0;0;0;0;0;0
12;6_12.xmi;1;0;1;1;1;1;1;1;1;1;1;1;1;1;1;0;0;0;0;0;0;0;0;0;0;0;0;0;0;0;1;1;1;1;1;1;0;0;0;0;1;1;1;0;0;0;0;0;0;0;0
13;6_13.xmi;1;0;1;0;0;0;0;0;1;0;0;0;0;0;1;0;0;0;0;0;0;0;0;0;0;0;0;0;0;0;1;1;1;1;1;1;0;0;0;0;1;1;1;0;0;0;0;0;0;0;0
14;6_14.xmi;1;0;1;0;0;0;0;0;1;0;0;0;0;0;1;0;0;0;0;0;0;0;0;0;0;0;0;0;0;0;1;1;1;1;1;1;0;0;0;0;1;1;1;0;0;0;0;0;0;0;0
15;6_15.xmi;1;1;1;0;0;0;0;0;1;0;0;0;0;0;1;0;0;0;0;0;0;0;0;0;0;0;0;0;0;0;1;1;1;1;1;1;0;0;0;0;1;1;1;0;0;0;0;0;0;0;0
16;6_16.xmi;1;1;1;0;0;0;0;0;1;0;0;0;0;0;1;0;0;0;0;0;0;0;0;0;0;0;0;0;0;0;1;1;1;1;1;1;0;0;0;0;1;1;1;0;0;0;0;0;0;0;0
17;6_17.xmi;1;0;1;0;0;0;0;0;1;0;0;0;0;0;1;1;0;0;0;0;0;1;1;1;1;1;0;0;0;0;1;1;1;1;1;1;1;1;1;1;1;1;1;0;0;0;0;0;0;0;0
18;6_18.xmi;1;0;1;1;1;1;1;1;1;1;1;1;1;1;1;1;0;0;0;0;0;1;0;1;0;1;0;0;0;0;1;1;1;1;1;1;1;1;1;1;1;1;1;0;0;0;0;0;0;0;0
19;6_19.xmi;1;0;1;0;0;0;0;0;1;0;0;0;0;0;1;1;0;0;0;0;0;1;0;1;0;1;0;0;0;0;1;1;1;1;1;1;1;1;1;1;1;1;1;0;0;0;0;0;0;0;0
20;6_20.xmi;1;0;1;1;1;1;1;1;1;1;1;1;1;1;1;0;0;0;0;0;0;0;0;0;0;0;0;0;0;0;1;1;1;1;1;1;0;0;0;0;1;1;1;0;0;0;0;0;0;0;0
21;6_21.xmi;1;0;1;0;0;0;0;0;1;0;0;0;0;0;1;1;0;0;0;0;0;1;0;1;0;1;0;0;0;0;1;1;1;1;1;1;1;1;1;1;1;1;1;0;0;0;0;0;0;0;0
22;6_22.xmi;1;0;1;1;1;1;1;1;1;1;1;1;1;1;1;1;0;0;0;0;0;1;0;1;0;1;0;0;0;0;1;1;1;1;1;1;1;1;1;1;1;1;1;0;0;0;0;0;0;0;0
23;6_23.xmi;1;0;1;1;1;1;1;1;1;1;1;1;1;1;1;0;0;0;0;0;0;0;0;0;0;0;0;0;0;0;1;1;1;1;1;1;0;0;0;0;1;1;1;0;0;0;0;0;0;0;0
24;6_24.xmi;1;0;1;0;0;0;0;0;1;0;0;0;0;0;1;0;0;0;0;0;0;0;0;0;0;0;0;0;0;0;1;1;1;1;1;1;0;0;0;0;1;1;1;0;0;0;0;0;0;0;0
25;6_25.xmi;1;0;1;1;1;1;1;1;1;1;1;1;1;1;1;0;0;0;0;0;0;0;0;0;0;0;0;0;0;0;1;1;1;1;1;1;0;0;0;0;1;1;1;0;0;0;0;0;0;0;0
26;6_26.xmi;1;0;1;1;1;1;1;1;1;1;1;1;1;1;1;0;0;0;0;0;0;0;0;0;0;0;0;0;0;0;1;1;1;1;1;1;0;0;0;0;1;1;1;0;0;0;0;0;0;0;0
27;6_27.xmi;1;0;1;0;0;0;0;0;1;0;0;0;0;0;1;1;0;0;0;0;0;1;0;1;0;1;0;0;0;0;1;1;1;1;1;1;1;1;1;1;1;1;1;0;0;0;0;0;0;0;0
28;6_28.xmi;1;0;1;0;0;0;0;0;1;0;0;0;0;0;1;0;0;0;0;0;0;0;0;0;0;0;0;0;0;0;1;1;1;1;1;1;0;0;0;0;1;1;1;0;0;0;0;0;0;0;0
29;6_29.xmi;1;0;1;0;0;0;0;0;1;0;0;0;0;0;1;0;0;0;0;0;0;0;0;0;0;0;0;0;0;0;1;1;1;1;1;1;0;0;0;0;1;1;1;0;0;0;0;0;0;0;0
30;6_30.xmi;1;0;1;0;0;0;0;0;1;0;0;0;0;0;1;1;0;0;0;0;0;1;0;1;0;1;0;0;0;0;1;1;1;1;1;1;1;1;1;1;1;1;1;0;0;0;0;0;0;0;0
Round no.;File;StateInRegion_M1;StateInRegion_M2;choiceHasNoIncoming_M1;choiceHasNoIncoming_M2;choiceHasNoIncoming_M3;choiceHasNoIncoming_M4;choiceHasNoIncoming_M5;choiceHasNoIncoming_M6;choiceHasNoOutgoing_M1;choiceHasNoOutgoing_M2;choiceHasNoOutgoing_M3;choiceHasNoOutgoing_M4;choiceHasNoOutgoing_M5;choiceHasNoOutgoing_M6;entryInRegion_M1;entryInRegion_M2;incomingToEntry_1;incomingToEntry_2;incomingToEntry_3;incomingToEntry_4;incomingToEntry_5;multipleEntryInRegion_M1;multipleEntryInRegion_M2;multipleEntryInRegion_M3;multipleEntryInRegion_M4;multipleEntryInRegion_M5;multipleTransitionFromEntry_M1;multipleTransitionFromEntry_M2;multipleTransitionFromEntry_M3;multipleTransitionFromEntry_M4;noEntryInRegion_M1;noEntryInRegion_M2;noEntryInRegion_M3;noEntryInRegion_M4;noEntryInRegion_M5;noOutgoingTransitionFromEntry_M1;noOutgoingTransitionFromEntry_M2;noOutgoingTransitionFromEntry_M3;noOutgoingTransitionFromEntry_M4;noOutgoingTransitionFromEntry_M5;noStateInRegion_M1;noStateInRegion_M2;noStateInRegion_M3;outgoingFromExit_M1;outgoingFromExit_M2;outgoingFromFinal_M1;outgoingFromFinal_M2;transition_M1;transition_M2;transition_M3;transition_M4
1;7_1.xmi;1;1;1;0;0;0;0;0;1;0;0;0;0;0;1;1;1;1;0;0;0;0;0;0;0;1;0;0;0;0;1;1;1;1;1;1;1;1;1;1;1;1;1;1;0;1;1;1;1;1;1
2;7_2.xmi;1;1;1;0;0;0;0;0;1;0;0;0;0;0;1;1;1;1;0;0;0;1;0;1;0;1;0;0;0;0;1;1;1;1;1;1;1;1;1;1;1;1;1;1;0;1;1;1;1;1;1
3;7_3.xmi;0;0;0;0;0;0;0;0;0;0;0;0;0;0;0;0;0;0;0;0;0;0;0;0;0;0;0;0;0;0;1;1;1;1;1;0;0;0;0;0;1;1;1;0;0;0;0;0;0;0;0
4;7_4.xmi;1;1;1;0;0;0;0;0;1;0;0;0;0;0;1;0;1;0;0;0;0;0;0;0;0;0;0;0;0;0;1;1;1;1;1;1;0;0;0;0;0;0;1;1;0;1;1;1;1;1;1
5;7_5.xmi;1;0;1;0;0;0;0;0;1;0;0;0;0;0;1;1;0;0;0;0;0;0;0;0;0;1;0;0;0;0;1;1;1;1;1;1;1;1;1;1;1;1;1;0;0;0;0;0;0;0;0
6;7_6.xmi;1;0;1;1;1;1;1;1;1;1;1;1;1;1;1;0;0;0;0;0;0;0;0;0;0;0;0;0;0;0;1;1;1;1;1;1;0;0;0;0;1;1;1;0;0;0;0;0;0;0;0
7;7_7.xmi;1;0;1;0;0;0;0;0;1;0;0;0;0;0;1;0;0;0;0;0;0;0;0;0;0;0;0;0;0;0;1;1;1;1;1;1;0;0;0;0;1;1;1;0;0;0;0;0;0;0;0
8;7_8.xmi;1;0;1;0;0;0;0;0;1;0;0;0;0;0;1;0;0;0;0;0;0;0;0;0;0;0;0;0;0;0;1;1;1;1;1;1;0;0;0;0;1;1;1;0;0;0;0;0;0;0;0
9;7_9.xmi;1;1;1;0;0;0;0;0;1;0;0;0;0;0;1;0;0;0;0;0;0;0;0;0;0;0;0;0;0;0;1;1;1;1;1;1;0;0;0;0;1;1;1;0;0;0;0;0;0;0;0
10;7_10.xmi;1;1;1;0;0;0;0;0;1;0;0;0;0;0;1;0;0;0;0;0;0;0;0;0;0;0;0;0;0;0;1;1;1;1;1;1;0;0;0;0;1;1;1;0;0;0;0;0;0;0;0
11;7_11.xmi;1;0;1;0;0;0;0;0;1;0;0;0;0;0;1;1;0;0;0;0;0;0;0;0;0;1;0;0;0;0;1;1;1;1;1;1;1;1;1;1;1;1;1;0;0;0;0;0;0;0;0
12;7_12.xmi;1;0;1;1;1;1;1;1;1;1;1;1;1;1;1;0;0;0;0;0;0;0;0;0;0;0;0;0;0;0;1;1;1;1;1;1;0;0;0;0;1;1;1;0;0;0;0;0;0;0;0
13;7_13.xmi;1;0;1;0;0;0;0;0;1;0;0;0;0;0;1;0;0;0;0;0;0;0;0;0;0;0;0;0;0;0;1;1;1;1;1;1;0;0;0;0;1;1;1;0;0;0;0;0;0;0;0
14;7_14.xmi;1;0;1;0;0;0;0;0;1;0;0;0;0;0;1;0;0;0;0;0;0;0;0;0;0;0;0;0;0;0;1;1;1;1;1;1;0;0;0;0;1;1;1;0;0;0;0;0;0;0;0
15;7_15.xmi;1;1;1;0;0;0;0;0;1;0;0;0;0;0;1;0;0;0;0;0;0;0;0;0;0;0;0;0;0;0;1;1;1;1;1;1;0;0;0;0;1;1;1;0;0;0;0;0;0;0;0
16;7_16.xmi;1;1;1;0;0;0;0;0;1;0;0;0;0;0;1;0;0;0;0;0;0;0;0;0;0;0;0;0;0;0;1;1;1;1;1;1;0;0;0;0;1;1;1;0;0;0;0;0;0;0;0
17;7_17.xmi;1;1;1;0;0;0;0;0;1;0;0;0;0;0;1;1;0;0;0;0;0;1;0;1;0;1;0;0;0;0;1;1;1;1;1;1;1;1;1;1;1;1;1;0;0;0;0;0;0;0;0
18;7_18.xmi;1;0;1;0;0;0;0;0;1;0;0;0;0;0;1;1;0;0;0;0;0;1;1;1;1;1;0;0;0;0;1;1;1;1;1;1;1;1;1;1;1;1;1;0;0;0;0;0;0;0;0
19;7_19.xmi;1;0;1;1;1;1;1;1;1;1;1;1;1;1;1;1;0;0;0;0;0;1;0;1;0;1;0;0;0;0;1;1;1;1;1;1;1;1;1;1;1;1;1;0;0;0;0;0;0;0;0
20;7_20.xmi;1;0;1;0;0;0;0;0;1;0;0;0;0;0;1;1;0;0;0;0;0;1;0;1;0;1;0;0;0;0;1;1;1;1;1;1;1;1;1;1;1;1;1;0;0;0;0;0;0;0;0
21;7_21.xmi;1;0;1;1;1;1;1;1;1;1;1;1;1;1;1;0;0;0;0;0;0;0;0;0;0;0;0;0;0;0;1;1;1;1;1;1;0;0;0;0;1;1;1;0;0;0;0;0;0;0;0
22;7_22.xmi;1;0;1;0;0;0;0;0;1;0;0;0;0;0;1;1;0;0;0;0;0;1;0;1;0;1;0;0;0;0;1;1;1;1;1;1;1;1;1;1;1;1;1;0;0;0;0;0;0;0;0
23;7_23.xmi;1;0;1;1;1;1;1;1;1;1;1;1;1;1;1;1;0;0;0;0;0;1;0;1;0;1;0;0;0;0;1;1;1;1;1;1;1;1;1;1;1;1;1;0;0;0;0;0;0;0;0
24;7_24.xmi;1;0;1;1;1;1;1;1;1;1;1;1;1;1;1;0;0;0;0;0;0;0;0;0;0;0;0;0;0;0;1;1;1;1;1;1;0;0;0;0;1;1;1;0;0;0;0;0;0;0;0
25;7_25.xmi;1;0;1;0;0;0;0;0;1;0;0;0;0;0;1;0;0;0;0;0;0;0;0;0;0;0;0;0;0;0;1;1;1;1;1;1;0;0;0;0;1;1;1;0;0;0;0;0;0;0;0
26;7_26.xmi;1;0;1;1;1;1;1;1;1;1;1;1;1;1;1;0;0;0;0;0;0;0;0;0;0;0;0;0;0;0;1;1;1;1;1;1;0;0;0;0;1;1;1;0;0;0;0;0;0;0;0
27;7_27.xmi;1;0;1;1;1;1;1;1;1;1;1;1;1;1;1;0;0;0;0;0;0;0;0;0;0;0;0;0;0;0;1;1;1;1;1;1;0;0;0;0;1;1;1;0;0;0;0;0;0;0;0
28;7_28.xmi;1;0;1;0;0;0;0;0;1;0;0;0;0;0;1;1;0;0;0;0;0;1;0;1;0;1;0;0;0;0;1;1;1;1;1;1;1;1;1;1;1;1;1;0;0;0;0;0;0;0;0
29;7_29.xmi;1;0;1;0;0;0;0;0;1;0;0;0;0;0;1;0;0;0;0;0;0;0;0;0;0;0;0;0;0;0;1;1;1;1;1;1;0;0;0;0;1;1;1;0;0;0;0;0;0;0;0
30;7_30.xmi;1;0;1;0;0;0;0;0;1;0;0;0;0;0;1;0;0;0;0;0;0;0;0;0;0;0;0;0;0;0;1;1;1;1;1;1;0;0;0;0;1;1;1;0;0;0;0;0;0;0;0
Round no.;File;StateInRegion_M1;StateInRegion_M2;choiceHasNoIncoming_M1;choiceHasNoIncoming_M2;choiceHasNoIncoming_M3;choiceHasNoIncoming_M4;choiceHasNoIncoming_M5;choiceHasNoIncoming_M6;choiceHasNoOutgoing_M1;choiceHasNoOutgoing_M2;choiceHasNoOutgoing_M3;choiceHasNoOutgoing_M4;choiceHasNoOutgoing_M5;choiceHasNoOutgoing_M6;entryInRegion_M1;entryInRegion_M2;incomingToEntry_1;incomingToEntry_2;incomingToEntry_3;incomingToEntry_4;incomingToEntry_5;multipleEntryInRegion_M1;multipleEntryInRegion_M2;multipleEntryInRegion_M3;multipleEntryInRegion_M4;multipleEntryInRegion_M5;multipleTransitionFromEntry_M1;multipleTransitionFromEntry_M2;multipleTransitionFromEntry_M3;multipleTransitionFromEntry_M4;noEntryInRegion_M1;noEntryInRegion_M2;noEntryInRegion_M3;noEntryInRegion_M4;noEntryInRegion_M5;noOutgoingTransitionFromEntry_M1;noOutgoingTransitionFromEntry_M2;noOutgoingTransitionFromEntry_M3;noOutgoingTransitionFromEntry_M4;noOutgoingTransitionFromEntry_M5;noStateInRegion_M1;noStateInRegion_M2;noStateInRegion_M3;outgoingFromExit_M1;outgoingFromExit_M2;outgoingFromFinal_M1;outgoingFromFinal_M2;transition_M1;transition_M2;transition_M3;transition_M4
1;8_1.xmi;1;1;1;0;0;0;0;0;1;0;0;0;0;0;1;0;1;0;0;0;0;0;0;0;0;0;0;0;0;0;1;1;1;1;1;1;0;0;0;0;1;1;1;1;0;1;1;1;1;1;1
2;8_2.xmi;1;0;1;0;0;0;0;0;1;0;0;0;0;0;1;0;0;0;0;0;0;0;0;0;0;0;0;0;0;0;1;1;1;1;1;1;0;0;0;0;1;1;1;0;0;0;0;0;0;0;0
3;8_3.xmi;0;0;0;0;0;0;0;0;0;0;0;0;0;0;0;0;0;0;0;0;0;0;0;0;0;0;0;0;0;0;1;1;1;1;1;0;0;0;0;0;1;1;1;0;0;0;0;0;0;0;0
4;8_4.xmi;1;1;1;0;0;0;0;0;1;0;0;0;0;0;1;0;0;0;0;0;0;0;0;0;0;0;0;0;0;0;1;1;1;1;1;1;0;0;0;0;0;0;1;0;0;0;0;0;0;0;0
5;8_5.xmi;1;0;1;0;0;0;0;0;1;0;0;0;0;0;1;1;0;0;0;0;0;0;0;0;0;1;0;0;0;0;1;1;1;1;1;1;1;1;1;1;1;1;1;0;0;0;0;0;0;0;0
6;8_6.xmi;1;0;1;1;1;1;1;1;1;1;1;1;1;1;1;0;0;0;0;0;0;0;0;0;0;0;0;0;0;0;1;1;1;1;1;1;0;0;0;0;1;1;1;0;0;0;0;0;0;0;0
7;8_7.xmi;1;0;1;0;0;0;0;0;1;0;0;0;0;0;1;0;0;0;0;0;0;0;0;0;0;0;0;0;0;0;1;1;1;1;1;1;0;0;0;0;1;1;1;0;0;0;0;0;0;0;0
8;8_8.xmi;1;0;1;0;0;0;0;0;1;0;0;0;0;0;1;0;0;0;0;0;0;0;0;0;0;0;0;0;0;0;1;1;1;1;1;1;0;0;0;0;1;1;1;0;0;0;0;0;0;0;0
9;8_9.xmi;1;1;1;0;0;0;0;0;1;0;0;0;0;0;1;0;0;0;0;0;0;0;0;0;0;0;0;0;0;0;1;1;1;1;1;1;0;0;0;0;1;1;1;0;0;0;0;0;0;0;0
10;8_10.xmi;1;1;1;0;0;0;0;0;1;0;0;0;0;0;1;0;0;0;0;0;0;0;0;0;0;0;0;0;0;0;1;1;1;1;1;1;0;0;0;0;1;1;1;0;0;0;0;0;0;0;0
11;8_11.xmi;1;0;1;0;0;0;0;0;1;0;0;0;0;0;1;1;0;0;0;0;0;0;0;0;0;1;0;0;0;0;1;1;1;1;1;1;1;1;1;1;1;1;1;0;0;0;0;0;0;0;0
12;8_12.xmi;1;0;1;1;1;1;1;1;1;1;1;1;1;1;1;0;0;0;0;0;0;0;0;0;0;0;0;0;0;0;1;1;1;1;1;1;0;0;0;0;1;1;1;0;0;0;0;0;0;0;0
13;8_13.xmi;1;0;1;0;0;0;0;0;1;0;0;0;0;0;1;0;0;0;0;0;0;0;0;0;0;0;0;0;0;0;1;1;1;1;1;1;0;0;0;0;1;1;1;0;0;0;0;0;0;0;0
14;8_14.xmi;1;0;1;0;0;0;0;0;1;0;0;0;0;0;1;0;0;0;0;0;0;0;0;0;0;0;0;0;0;0;1;1;1;1;1;1;0;0;0;0;1;1;1;0;0;0;0;0;0;0;0
15;8_15.xmi;1;1;1;0;0;0;0;0;1;0;0;0;0;0;1;0;0;0;0;0;0;0;0;0;0;0;0;0;0;0;1;1;1;1;1;1;0;0;0;0;1;1;1;0;0;0;0;0;0;0;0
16;8_16.xmi;1;1;1;0;0;0;0;0;1;0;0;0;0;0;1;0;0;0;0;0;0;0;0;0;0;0;0;0;0;0;1;1;1;1;1;1;0;0;0;0;1;1;1;0;0;0;0;0;0;0;0
17;8_17.xmi;1;0;1;0;0;0;0;0;1;0;0;0;0;0;1;1;0;0;0;0;0;1;1;1;1;1;0;0;0;0;1;1;1;1;1;1;1;1;1;1;1;1;1;0;0;0;0;0;0;0;0
18;8_18.xmi;1;0;1;1;1;1;1;1;1;1;1;1;1;1;1;1;0;0;0;0;0;1;0;1;0;1;0;0;0;0;1;1;1;1;1;1;1;1;1;1;1;1;1;0;0;0;0;0;0;0;0
19;8_19.xmi;1;0;1;0;0;0;0;0;1;0;0;0;0;0;1;1;0;0;0;0;0;1;0;1;0;1;0;0;0;0;1;1;1;1;1;1;1;1;1;1;1;1;1;0;0;0;0;0;0;0;0
20;8_20.xmi;1;0;1;1;1;1;1;1;1;1;1;1;1;1;1;0;0;0;0;0;0;0;0;0;0;0;0;0;0;0;1;1;1;1;1;1;0;0;0;0;1;1;1;0;0;0;0;0;0;0;0
21;8_21.xmi;1;0;1;0;0;0;0;0;1;0;0;0;0;0;1;1;0;0;0;0;0;1;0;1;0;1;0;0;0;0;1;1;1;1;1;1;1;1;1;1;1;1;1;0;0;0;0;0;0;0;0
22;8_22.xmi;1;0;1;1;1;1;1;1;1;1;1;1;1;1;1;1;0;0;0;0;0;1;0;1;0;1;0;0;0;0;1;1;1;1;1;1;1;1;1;1;1;1;1;0;0;0;0;0;0;0;0
23;8_23.xmi;1;0;1;1;1;1;1;1;1;1;1;1;1;1;1;0;0;0;0;0;0;0;0;0;0;0;0;0;0;0;1;1;1;1;1;1;0;0;0;0;1;1;1;0;0;0;0;0;0;0;0
24;8_24.xmi;1;0;1;0;0;0;0;0;1;0;0;0;0;0;1;0;0;0;0;0;0;0;0;0;0;0;0;0;0;0;1;1;1;1;1;1;0;0;0;0;1;1;1;0;0;0;0;0;0;0;0
25;8_25.xmi;1;0;1;1;1;1;1;1;1;1;1;1;1;1;1;0;0;0;0;0;0;0;0;0;0;0;0;0;0;0;1;1;1;1;1;1;0;0;0;0;1;1;1;0;0;0;0;0;0;0;0
26;8_26.xmi;1;0;1;1;1;1;1;1;1;1;1;1;1;1;1;0;0;0;0;0;0;0;0;0;0;0;0;0;0;0;1;1;1;1;1;1;0;0;0;0;1;1;1;0;0;0;0;0;0;0;0
27;8_27.xmi;1;0;1;0;0;0;0;0;1;0;0;0;0;0;1;1;0;0;0;0;0;1;0;1;0;1;0;0;0;0;1;1;1;1;1;1;1;1;1;1;1;1;1;0;0;0;0;0;0;0;0
28;8_28.xmi;1;0;1;0;0;0;0;0;1;0;0;0;0;0;1;0;0;0;0;0;0;0;0;0;0;0;0;0;0;0;1;1;1;1;1;1;0;0;0;0;1;1;1;0;0;0;0;0;0;0;0
29;8_29.xmi;1;0;1;0;0;0;0;0;1;0;0;0;0;0;1;0;0;0;0;0;0;0;0;0;0;0;0;0;0;0;1;1;1;1;1;1;0;0;0;0;1;1;1;0;0;0;0;0;0;0;0
30;8_30.xmi;1;0;1;0;0;0;0;0;1;0;0;0;0;0;1;1;0;0;0;0;0;1;0;1;0;1;0;0;0;0;1;1;1;1;1;1;1;1;1;1;1;1;1;0;0;0;0;0;0;0;0
Round no.;File;StateInRegion_M1;StateInRegion_M2;choiceHasNoIncoming_M1;choiceHasNoIncoming_M2;choiceHasNoIncoming_M3;choiceHasNoIncoming_M4;choiceHasNoIncoming_M5;choiceHasNoIncoming_M6;choiceHasNoOutgoing_M1;choiceHasNoOutgoing_M2;choiceHasNoOutgoing_M3;choiceHasNoOutgoing_M4;choiceHasNoOutgoing_M5;choiceHasNoOutgoing_M6;entryInRegion_M1;entryInRegion_M2;incomingToEntry_1;incomingToEntry_2;incomingToEntry_3;incomingToEntry_4;incomingToEntry_5;multipleEntryInRegion_M1;multipleEntryInRegion_M2;multipleEntryInRegion_M3;multipleEntryInRegion_M4;multipleEntryInRegion_M5;multipleTransitionFromEntry_M1;multipleTransitionFromEntry_M2;multipleTransitionFromEntry_M3;multipleTransitionFromEntry_M4;noEntryInRegion_M1;noEntryInRegion_M2;noEntryInRegion_M3;noEntryInRegion_M4;noEntryInRegion_M5;noOutgoingTransitionFromEntry_M1;noOutgoingTransitionFromEntry_M2;noOutgoingTransitionFromEntry_M3;noOutgoingTransitionFromEntry_M4;noOutgoingTransitionFromEntry_M5;noStateInRegion_M1;noStateInRegion_M2;noStateInRegion_M3;outgoingFromExit_M1;outgoingFromExit_M2;outgoingFromFinal_M1;outgoingFromFinal_M2;transition_M1;transition_M2;transition_M3;transition_M4
1;9_1.xmi;1;1;1;1;1;1;1;1;1;1;1;1;1;1;1;1;1;1;0;0;0;1;0;1;0;1;0;1;1;1;1;1;1;1;1;1;0;0;0;0;1;1;1;1;0;1;1;1;1;1;1
2;9_2.xmi;1;1;1;0;0;0;0;0;1;0;0;0;0;0;1;1;0;0;0;0;0;1;0;1;0;1;0;0;0;0;1;1;1;1;1;1;1;1;1;1;1;1;1;0;0;0;0;0;0;0;0
3;9_3.xmi;0;0;0;0;0;0;0;0;0;0;0;0;0;0;0;0;0;0;0;0;0;0;0;0;0;0;0;0;0;0;1;1;1;1;1;0;0;0;0;0;1;1;1;0;0;0;0;0;0;0;0
4;9_4.xmi;1;1;1;0;0;0;0;0;1;0;0;0;0;0;1;0;1;0;0;0;0;0;0;0;0;0;0;0;0;0;1;1;1;1;1;1;0;0;0;0;1;1;1;1;0;1;1;1;1;1;1
5;9_5.xmi;1;0;1;0;0;0;0;0;1;0;0;0;0;0;1;1;0;0;0;0;0;0;0;0;0;1;0;0;0;0;1;1;1;1;1;1;1;1;1;1;1;1;1;0;0;0;0;0;0;0;0
6;9_6.xmi;1;0;1;1;1;1;1;1;1;1;1;1;1;1;1;0;0;0;0;0;0;0;0;0;0;0;0;0;0;0;1;1;1;1;1;1;0;0;0;0;1;1;1;0;0;0;0;0;0;0;0
7;9_7.xmi;1;0;1;0;0;0;0;0;1;0;0;0;0;0;1;0;0;0;0;0;0;0;0;0;0;0;0;0;0;0;1;1;1;1;1;1;0;0;0;0;1;1;1;0;0;0;0;0;0;0;0
8;9_8.xmi;1;0;1;0;0;0;0;0;1;0;0;0;0;0;1;0;0;0;0;0;0;0;0;0;0;0;0;0;0;0;1;1;1;1;1;1;0;0;0;0;1;1;1;0;0;0;0;0;0;0;0
9;9_9.xmi;1;1;1;0;0;0;0;0;1;0;0;0;0;0;1;0;0;0;0;0;0;0;0;0;0;0;0;0;0;0;1;1;1;1;1;1;0;0;0;0;1;1;1;0;0;0;0;0;0;0;0
10;9_10.xmi;1;1;1;0;0;0;0;0;1;0;0;0;0;0;1;0;0;0;0;0;0;0;0;0;0;0;0;0;0;0;1;1;1;1;1;1;0;0;0;0;1;1;1;0;0;0;0;0;0;0;0
11;9_11.xmi;1;0;1;0;0;0;0;0;1;0;0;0;0;0;1;1;0;0;0;0;0;0;0;0;0;1;0;0;0;0;1;1;1;1;1;1;1;1;1;1;1;1;1;0;0;0;0;0;0;0;0
12;9_12.xmi;1;0;1;1;1;1;1;1;1;1;1;1;1;1;1;0;0;0;0;0;0;0;0;0;0;0;0;0;0;0;1;1;1;1;1;1;0;0;0;0;1;1;1;0;0;0;0;0;0;0;0
13;9_13.xmi;1;0;1;0;0;0;0;0;1;0;0;0;0;0;1;0;0;0;0;0;0;0;0;0;0;0;0;0;0;0;1;1;1;1;1;1;0;0;0;0;1;1;1;0;0;0;0;0;0;0;0
14;9_14.xmi;1;0;1;0;0;0;0;0;1;0;0;0;0;0;1;0;0;0;0;0;0;0;0;0;0;0;0;0;0;0;1;1;1;1;1;1;0;0;0;0;1;1;1;0;0;0;0;0;0;0;0
15;9_15.xmi;1;1;1;0;0;0;0;0;1;0;0;0;0;0;1;0;0;0;0;0;0;0;0;0;0;0;0;0;0;0;1;1;1;1;1;1;0;0;0;0;1;1;1;0;0;0;0;0;0;0;0
16;9_16.xmi;1;1;1;0;0;0;0;0;1;0;0;0;0;0;1;0;0;0;0;0;0;0;0;0;0;0;0;0;0;0;1;1;1;1;1;1;0;0;0;0;1;1;1;0;0;0;0;0;0;0;0
17;9_17.xmi;1;0;1;0;0;0;0;0;1;0;0;0;0;0;1;1;0;0;0;0;0;1;1;1;1;1;0;0;0;0;1;1;1;1;1;1;1;1;1;1;1;1;1;0;0;0;0;0;0;0;0
18;9_18.xmi;1;0;1;1;1;1;1;1;1;1;1;1;1;1;1;1;0;0;0;0;0;1;0;1;0;1;0;0;0;0;1;1;1;1;1;1;1;1;1;1;1;1;1;0;0;0;0;0;0;0;0
19;9_19.xmi;1;0;1;0;0;0;0;0;1;0;0;0;0;0;1;1;0;0;0;0;0;1;0;1;0;1;0;0;0;0;1;1;1;1;1;1;1;1;1;1;1;1;1;0;0;0;0;0;0;0;0
20;9_20.xmi;1;0;1;1;1;1;1;1;1;1;1;1;1;1;1;0;0;0;0;0;0;0;0;0;0;0;0;0;0;0;1;1;1;1;1;1;0;0;0;0;1;1;1;0;0;0;0;0;0;0;0
21;9_21.xmi;1;0;1;0;0;0;0;0;1;0;0;0;0;0;1;1;0;0;0;0;0;1;0;1;0;1;0;0;0;0;1;1;1;1;1;1;1;1;1;1;1;1;1;0;0;0;0;0;0;0;0
22;9_22.xmi;1;0;1;1;1;1;1;1;1;1;1;1;1;1;1;1;0;0;0;0;0;1;0;1;0;1;0;0;0;0;1;1;1;1;1;1;1;1;1;1;1;1;1;0;0;0;0;0;0;0;0
23;9_23.xmi;1;0;1;1;1;1;1;1;1;1;1;1;1;1;1;0;0;0;0;0;0;0;0;0;0;0;0;0;0;0;1;1;1;1;1;1;0;0;0;0;1;1;1;0;0;0;0;0;0;0;0
24;9_24.xmi;1;0;1;0;0;0;0;0;1;0;0;0;0;0;1;0;0;0;0;0;0;0;0;0;0;0;0;0;0;0;1;1;1;1;1;1;0;0;0;0;1;1;1;0;0;0;0;0;0;0;0
25;9_25.xmi;1;0;1;1;1;1;1;1;1;1;1;1;1;1;1;0;0;0;0;0;0;0;0;0;0;0;0;0;0;0;1;1;1;1;1;1;0;0;0;0;1;1;1;0;0;0;0;0;0;0;0
26;9_26.xmi;1;0;1;1;1;1;1;1;1;1;1;1;1;1;1;0;0;0;0;0;0;0;0;0;0;0;0;0;0;0;1;1;1;1;1;1;0;0;0;0;1;1;1;0;0;0;0;0;0;0;0
27;9_27.xmi;1;0;1;0;0;0;0;0;1;0;0;0;0;0;1;1;0;0;0;0;0;1;0;1;0;1;0;0;0;0;1;1;1;1;1;1;1;1;1;1;1;1;1;0;0;0;0;0;0;0;0
28;9_28.xmi;1;0;1;0;0;0;0;0;1;0;0;0;0;0;1;0;0;0;0;0;0;0;0;0;0;0;0;0;0;0;1;1;1;1;1;1;0;0;0;0;1;1;1;0;0;0;0;0;0;0;0
29;9_29.xmi;1;0;1;0;0;0;0;0;1;0;0;0;0;0;1;0;0;0;0;0;0;0;0;0;0;0;0;0;0;0;1;1;1;1;1;1;0;0;0;0;1;1;1;0;0;0;0;0;0;0;0
30;9_30.xmi;1;0;1;0;0;0;0;0;1;0;0;0;0;0;1;1;0;0;0;0;0;1;0;1;0;1;0;0;0;0;1;1;1;1;1;1;1;1;1;1;1;1;1;0;0;0;0;0;0;0;0
Round no.;File;StateInRegion_M1;StateInRegion_M2;choiceHasNoIncoming_M1;choiceHasNoIncoming_M2;choiceHasNoIncoming_M3;choiceHasNoIncoming_M4;choiceHasNoIncoming_M5;choiceHasNoIncoming_M6;choiceHasNoOutgoing_M1;choiceHasNoOutgoing_M2;choiceHasNoOutgoing_M3;choiceHasNoOutgoing_M4;choiceHasNoOutgoing_M5;choiceHasNoOutgoing_M6;entryInRegion_M1;entryInRegion_M2;incomingToEntry_1;incomingToEntry_2;incomingToEntry_3;incomingToEntry_4;incomingToEntry_5;multipleEntryInRegion_M1;multipleEntryInRegion_M2;multipleEntryInRegion_M3;multipleEntryInRegion_M4;multipleEntryInRegion_M5;multipleTransitionFromEntry_M1;multipleTransitionFromEntry_M2;multipleTransitionFromEntry_M3;multipleTransitionFromEntry_M4;noEntryInRegion_M1;noEntryInRegion_M2;noEntryInRegion_M3;noEntryInRegion_M4;noEntryInRegion_M5;noOutgoingTransitionFromEntry_M1;noOutgoingTransitionFromEntry_M2;noOutgoingTransitionFromEntry_M3;noOutgoingTransitionFromEntry_M4;noOutgoingTransitionFromEntry_M5;noStateInRegion_M1;noStateInRegion_M2;noStateInRegion_M3;outgoingFromExit_M1;outgoingFromExit_M2;outgoingFromFinal_M1;outgoingFromFinal_M2;transition_M1;transition_M2;transition_M3;transition_M4
1;10_1.xmi;1;1;1;0;0;0;0;0;1;0;0;0;0;0;1;0;1;0;0;0;0;0;0;0;0;0;0;0;0;0;1;1;1;1;1;1;0;0;0;0;1;1;1;1;0;1;1;1;1;1;1
2;10_2.xmi;1;1;1;0;0;0;0;0;1;0;0;0;0;0;1;1;1;1;1;1;1;1;1;1;1;1;0;1;1;1;1;1;1;1;1;1;1;1;1;1;1;1;1;1;0;1;1;1;1;1;1
3;10_3.xmi;1;1;1;0;0;0;0;0;1;0;0;0;0;0;1;0;0;0;0;0;0;0;0;0;0;0;0;0;0;0;1;1;1;1;1;1;0;0;0;0;1;1;1;0;0;0;0;0;0;0;0
4;10_4.xmi;0;0;0;0;0;0;0;0;0;0;0;0;0;0;0;0;0;0;0;0;0;0;0;0;0;0;0;0;0;0;1;1;1;1;1;0;0;0;0;0;1;1;1;0;0;0;0;0;0;0;0
5;10_5.xmi;1;1;1;0;0;0;0;0;1;0;0;0;0;0;1;0;0;0;0;0;0;0;0;0;0;0;0;0;0;0;1;1;1;1;1;1;0;0;0;0;0;0;1;0;0;0;0;0;0;0;0
6;10_6.xmi;1;0;1;0;0;0;0;0;1;0;0;0;0;0;1;1;0;0;0;0;0;0;0;0;0;1;0;0;0;0;1;1;1;1;1;1;1;1;1;1;1;1;1;0;0;0;0;0;0;0;0
7;10_7.xmi;1;0;1;1;1;1;1;1;1;1;1;1;1;1;1;0;0;0;0;0;0;0;0;0;0;0;0;0;0;0;1;1;1;1;1;1;0;0;0;0;1;1;1;0;0;0;0;0;0;0;0
8;10_8.xmi;1;0;1;0;0;0;0;0;1;0;0;0;0;0;1;0;0;0;0;0;0;0;0;0;0;0;0;0;0;0;1;1;1;1;1;1;0;0;0;0;1;1;1;0;0;0;0;0;0;0;0
9;10_9.xmi;1;0;1;0;0;0;0;0;1;0;0;0;0;0;1;0;0;0;0;0;0;0;0;0;0;0;0;0;0;0;1;1;1;1;1;1;0;0;0;0;1;1;1;0;0;0;0;0;0;0;0
10;10_10.xmi;1;1;1;0;0;0;0;0;1;0;0;0;0;0;1;0;0;0;0;0;0;0;0;0;0;0;0;0;0;0;1;1;1;1;1;1;0;0;0;0;1;1;1;0;0;0;0;0;0;0;0
11;10_11.xmi;1;1;1;0;0;0;0;0;1;0;0;0;0;0;1;0;0;0;0;0;0;0;0;0;0;0;0;0;0;0;1;1;1;1;1;1;0;0;0;0;1;1;1;0;0;0;0;0;0;0;0
12;10_12.xmi;1;0;1;0;0;0;0;0;1;0;0;0;0;0;1;1;0;0;0;0;0;0;0;0;0;1;0;0;0;0;1;1;1;1;1;1;1;1;1;1;1;1;1;0;0;0;0;0;0;0;0
13;10_13.xmi;1;0;1;1;1;1;1;1;1;1;1;1;1;1;1;0;0;0;0;0;0;0;0;0;0;0;0;0;0;0;1;1;1;1;1;1;0;0;0;0;1;1;1;0;0;0;0;0;0;0;0
14;10_14.xmi;1;0;1;0;0;0;0;0;1;0;0;0;0;0;1;0;0;0;0;0;0;0;0;0;0;0;0;0;0;0;1;1;1;1;1;1;0;0;0;0;1;1;1;0;0;0;0;0;0;0;0
15;10_15.xmi;1;0;1;0;0;0;0;0;1;0;0;0;0;0;1;0;0;0;0;0;0;0;0;0;0;0;0;0;0;0;1;1;1;1;1;1;0;0;0;0;1;1;1;0;0;0;0;0;0;0;0
16;10_16.xmi;1;1;1;0;0;0;0;0;1;0;0;0;0;0;1;0;0;0;0;0;0;0;0;0;0;0;0;0;0;0;1;1;1;1;1;1;0;0;0;0;1;1;1;0;0;0;0;0;0;0;0
17;10_17.xmi;1;1;1;0;0;0;0;0;1;0;0;0;0;0;1;0;0;0;0;0;0;0;0;0;0;0;0;0;0;0;1;1;1;1;1;1;0;0;0;0;1;1;1;0;0;0;0;0;0;0;0
18;10_18.xmi;1;1;1;0;0;0;0;0;1;0;0;0;0;0;1;1;0;0;0;0;0;1;0;1;0;1;0;0;0;0;1;1;1;1;1;1;1;1;1;1;1;1;1;0;0;0;0;0;0;0;0
19;10_19.xmi;1;0;1;0;0;0;0;0;1;0;0;0;0;0;1;1;0;0;0;0;0;1;1;1;1;1;0;0;0;0;1;1;1;1;1;1;1;1;1;1;1;1;1;0;0;0;0;0;0;0;0
20;10_20.xmi;1;0;1;1;1;1;1;1;1;1;1;1;1;1;1;1;0;0;0;0;0;1;0;1;0;1;0;0;0;0;1;1;1;1;1;1;1;1;1;1;1;1;1;0;0;0;0;0;0;0;0
21;10_21.xmi;1;0;1;0;0;0;0;0;1;0;0;0;0;0;1;1;0;0;0;0;0;1;0;1;0;1;0;0;0;0;1;1;1;1;1;1;1;1;1;1;1;1;1;0;0;0;0;0;0;0;0
22;10_22.xmi;1;0;1;1;1;1;1;1;1;1;1;1;1;1;1;0;0;0;0;0;0;0;0;0;0;0;0;0;0;0;1;1;1;1;1;1;0;0;0;0;1;1;1;0;0;0;0;0;0;0;0
23;10_23.xmi;1;0;1;0;0;0;0;0;1;0;0;0;0;0;1;1;0;0;0;0;0;1;0;1;0;1;0;0;0;0;1;1;1;1;1;1;1;1;1;1;1;1;1;0;0;0;0;0;0;0;0
24;10_24.xmi;1;0;1;1;1;1;1;1;1;1;1;1;1;1;1;1;0;0;0;0;0;1;0;1;0;1;0;0;0;0;1;1;1;1;1;1;1;1;1;1;1;1;1;0;0;0;0;0;0;0;0
25;10_25.xmi;1;0;1;1;1;1;1;1;1;1;1;1;1;1;1;0;0;0;0;0;0;0;0;0;0;0;0;0;0;0;1;1;1;1;1;1;0;0;0;0;1;1;1;0;0;0;0;0;0;0;0
26;10_26.xmi;1;0;1;0;0;0;0;0;1;0;0;0;0;0;1;0;0;0;0;0;0;0;0;0;0;0;0;0;0;0;1;1;1;1;1;1;0;0;0;0;1;1;1;0;0;0;0;0;0;0;0
27;10_27.xmi;1;0;1;1;1;1;1;1;1;1;1;1;1;1;1;0;0;0;0;0;0;0;0;0;0;0;0;0;0;0;1;1;1;1;1;1;0;0;0;0;1;1;1;0;0;0;0;0;0;0;0
28;10_28.xmi;1;0;1;1;1;1;1;1;1;1;1;1;1;1;1;0;0;0;0;0;0;0;0;0;0;0;0;0;0;0;1;1;1;1;1;1;0;0;0;0;1;1;1;0;0;0;0;0;0;0;0
29;10_29.xmi;1;0;1;0;0;0;0;0;1;0;0;0;0;0;1;1;0;0;0;0;0;1;0;1;0;1;0;0;0;0;1;1;1;1;1;1;1;1;1;1;1;1;1;0;0;0;0;0;0;0;0
30;10_30.xmi;1;0;1;0;0;0;0;0;1;0;0;0;0;0;1;0;0;0;0;0;0;0;0;0;0;0;0;0;0;0;1;1;1;1;1;1;0;0;0;0;1;1;1;0;0;0;0;0;0;0;0
Round no.;File;StateInRegion_M1;StateInRegion_M2;choiceHasNoIncoming_M1;choiceHasNoIncoming_M2;choiceHasNoIncoming_M3;choiceHasNoIncoming_M4;choiceHasNoIncoming_M5;choiceHasNoIncoming_M6;choiceHasNoOutgoing_M1;choiceHasNoOutgoing_M2;choiceHasNoOutgoing_M3;choiceHasNoOutgoing_M4;choiceHasNoOutgoing_M5;choiceHasNoOutgoing_M6;entryInRegion_M1;entryInRegion_M2;incomingToEntry_1;incomingToEntry_2;incomingToEntry_3;incomingToEntry_4;incomingToEntry_5;multipleEntryInRegion_M1;multipleEntryInRegion_M2;multipleEntryInRegion_M3;multipleEntryInRegion_M4;multipleEntryInRegion_M5;multipleTransitionFromEntry_M1;multipleTransitionFromEntry_M2;multipleTransitionFromEntry_M3;multipleTransitionFromEntry_M4;noEntryInRegion_M1;noEntryInRegion_M2;noEntryInRegion_M3;noEntryInRegion_M4;noEntryInRegion_M5;noOutgoingTransitionFromEntry_M1;noOutgoingTransitionFromEntry_M2;noOutgoingTransitionFromEntry_M3;noOutgoingTransitionFromEntry_M4;noOutgoingTransitionFromEntry_M5;noStateInRegion_M1;noStateInRegion_M2;noStateInRegion_M3;outgoingFromExit_M1;outgoingFromExit_M2;outgoingFromFinal_M1;outgoingFromFinal_M2;transition_M1;transition_M2;transition_M3;transition_M4
1;11_1.xmi;1;1;1;0;0;0;0;1;1;0;0;0;0;1;1;1;1;1;0;0;0;1;1;1;1;1;0;1;1;1;1;1;1;1;1;1;1;1;1;1;1;1;1;1;0;1;1;1;1;1;1
2;11_2.xmi;1;1;1;0;0;0;0;0;1;0;0;0;0;0;1;1;1;1;1;1;1;1;1;1;1;1;0;0;0;0;1;1;1;1;1;1;1;1;1;1;1;1;1;1;0;1;1;1;1;1;1
3;11_3.xmi;1;0;1;0;0;0;0;0;1;0;0;0;0;0;1;0;0;0;0;0;0;0;0;0;0;0;0;0;0;0;1;1;1;1;1;1;0;0;0;0;1;1;1;0;0;0;0;0;0;0;0
4;11_4.xmi;0;0;0;0;0;0;0;0;0;0;0;0;0;0;0;0;0;0;0;0;0;0;0;0;0;0;0;0;0;0;1;1;1;1;1;0;0;0;0;0;1;1;1;0;0;0;0;0;0;0;0
5;11_5.xmi;1;0;1;0;0;0;0;0;1;0;0;0;0;0;1;0;0;0;0;0;0;0;0;0;0;0;0;0;0;0;1;1;1;1;1;1;0;0;0;0;1;1;1;0;0;0;0;0;0;0;0
6;11_6.xmi;1;0;1;0;0;0;0;0;1;0;0;0;0;0;1;1;0;0;0;0;0;0;0;0;0;1;0;0;0;0;1;1;1;1;1;1;1;1;1;1;1;1;1;0;0;0;0;0;0;0;0
7;11_7.xmi;1;0;1;1;1;1;1;1;1;1;1;1;1;1;1;0;0;0;0;0;0;0;0;0;0;0;0;0;0;0;1;1;1;1;1;1;0;0;0;0;1;1;1;0;0;0;0;0;0;0;0
8;11_8.xmi;1;0;1;0;0;0;0;0;1;0;0;0;0;0;1;0;0;0;0;0;0;0;0;0;0;0;0;0;0;0;1;1;1;1;1;1;0;0;0;0;1;1;1;0;0;0;0;0;0;0;0
9;11_9.xmi;1;1;1;0;0;0;0;0;1;0;0;0;0;0;1;0;0;0;0;0;0;0;0;0;0;0;0;0;0;0;1;1;1;1;1;1;0;0;0;0;1;1;1;0;0;0;0;0;0;0;0
10;11_10.xmi;1;1;1;0;0;0;0;0;1;0;0;0;0;0;1;0;0;0;0;0;0;0;0;0;0;0;0;0;0;0;1;1;1;1;1;1;0;0;0;0;1;1;1;0;0;0;0;0;0;0;0
11;11_11.xmi;1;0;1;0;0;0;0;0;1;0;0;0;0;0;1;1;0;0;0;0;0;0;0;0;0;1;0;0;0;0;1;1;1;1;1;1;1;1;1;1;1;1;1;0;0;0;0;0;0;0;0
12;11_12.xmi;1;0;1;1;1;1;1;1;1;1;1;1;1;1;1;0;0;0;0;0;0;0;0;0;0;0;0;0;0;0;1;1;1;1;1;1;0;0;0;0;1;1;1;0;0;0;0;0;0;0;0
13;11_13.xmi;1;0;1;0;0;0;0;0;1;0;0;0;0;0;1;0;0;0;0;0;0;0;0;0;0;0;0;0;0;0;1;1;1;1;1;1;0;0;0;0;1;1;1;0;0;0;0;0;0;0;0
14;11_14.xmi;1;0;1;0;0;0;0;0;1;0;0;0;0;0;1;0;0;0;0;0;0;0;0;0;0;0;0;0;0;0;1;1;1;1;1;1;0;0;0;0;1;1;1;0;0;0;0;0;0;0;0
15;11_15.xmi;1;1;1;0;0;0;0;0;1;0;0;0;0;0;1;0;0;0;0;0;0;0;0;0;0;0;0;0;0;0;1;1;1;1;1;1;0;0;0;0;1;1;1;0;0;0;0;0;0;0;0
16;11_16.xmi;1;1;1;0;0;0;0;0;1;0;0;0;0;0;1;0;0;0;0;0;0;0;0;0;0;0;0;0;0;0;1;1;1;1;1;1;0;0;0;0;1;1;1;0;0;0;0;0;0;0;0
17;11_17.xmi;1;0;1;0;0;0;0;0;1;0;0;0;0;0;1;1;0;0;0;0;0;1;1;1;1;1;0;0;0;0;1;1;1;1;1;1;1;1;1;1;1;1;1;0;0;0;0;0;0;0;0
18;11_18.xmi;1;0;1;1;1;1;1;1;1;1;1;1;1;1;1;1;0;0;0;0;0;1;0;1;0;1;0;0;0;0;1;1;1;1;1;1;1;1;1;1;1;1;1;0;0;0;0;0;0;0;0
19;11_19.xmi;1;0;1;0;0;0;0;0;1;0;0;0;0;0;1;1;0;0;0;0;0;1;0;1;0;1;0;0;0;0;1;1;1;1;1;1;1;1;1;1;1;1;1;0;0;0;0;0;0;0;0
20;11_20.xmi;1;0;1;1;1;1;1;1;1;1;1;1;1;1;1;0;0;0;0;0;0;0;0;0;0;0;0;0;0;0;1;1;1;1;1;1;0;0;0;0;1;1;1;0;0;0;0;0;0;0;0
21;11_21.xmi;1;0;1;0;0;0;0;0;1;0;0;0;0;0;1;1;0;0;0;0;0;1;0;1;0;1;0;0;0;0;1;1;1;1;1;1;1;1;1;1;1;1;1;0;0;0;0;0;0;0;0
22;11_22.xmi;1;0;1;1;1;1;1;1;1;1;1;1;1;1;1;1;0;0;0;0;0;1;0;1;0;1;0;0;0;0;1;1;1;1;1;1;1;1;1;1;1;1;1;0;0;0;0;0;0;0;0
23;11_23.xmi;1;0;1;1;1;1;1;1;1;1;1;1;1;1;1;0;0;0;0;0;0;0;0;0;0;0;0;0;0;0;1;1;1;1;1;1;0;0;0;0;1;1;1;0;0;0;0;0;0;0;0
24;11_24.xmi;1;0;1;0;0;0;0;0;1;0;0;0;0;0;1;0;0;0;0;0;0;0;0;0;0;0;0;0;0;0;1;1;1;1;1;1;0;0;0;0;1;1;1;0;0;0;0;0;0;0;0
25;11_25.xmi;1;0;1;1;1;1;1;1;1;1;1;1;1;1;1;0;0;0;0;0;0;0;0;0;0;0;0;0;0;0;1;1;1;1;1;1;0;0;0;0;1;1;1;0;0;0;0;0;0;0;0
26;11_26.xmi;1;0;1;1;1;1;1;1;1;1;1;1;1;1;1;0;0;0;0;0;0;0;0;0;0;0;0;0;0;0;1;1;1;1;1;1;0;0;0;0;1;1;1;0;0;0;0;0;0;0;0
27;11_27.xmi;1;0;1;0;0;0;0;0;1;0;0;0;0;0;1;1;0;0;0;0;0;1;0;1;0;1;0;0;0;0;1;1;1;1;1;1;1;1;1;1;1;1;1;0;0;0;0;0;0;0;0
28;11_28.xmi;1;0;1;0;0;0;0;0;1;0;0;0;0;0;1;0;0;0;0;0;0;0;0;0;0;0;0;0;0;0;1;1;1;1;1;1;0;0;0;0;1;1;1;0;0;0;0;0;0;0;0
29;11_29.xmi;1;0;1;0;0;0;0;0;1;0;0;0;0;0;1;0;0;0;0;0;0;0;0;0;0;0;0;0;0;0;1;1;1;1;1;1;0;0;0;0;1;1;1;0;0;0;0;0;0;0;0
30;11_30.xmi;1;0;1;0;0;0;0;0;1;0;0;0;0;0;1;1;0;0;0;0;0;1;0;1;0;1;0;0;0;0;1;1;1;1;1;1;1;1;1;1;1;1;1;0;0;0;0;0;0;0;0
Round no.;File;StateInRegion_M1;StateInRegion_M2;choiceHasNoIncoming_M1;choiceHasNoIncoming_M2;choiceHasNoIncoming_M3;choiceHasNoIncoming_M4;choiceHasNoIncoming_M5;choiceHasNoIncoming_M6;choiceHasNoOutgoing_M1;choiceHasNoOutgoing_M2;choiceHasNoOutgoing_M3;choiceHasNoOutgoing_M4;choiceHasNoOutgoing_M5;choiceHasNoOutgoing_M6;entryInRegion_M1;entryInRegion_M2;incomingToEntry_1;incomingToEntry_2;incomingToEntry_3;incomingToEntry_4;incomingToEntry_5;multipleEntryInRegion_M1;multipleEntryInRegion_M2;multipleEntryInRegion_M3;multipleEntryInRegion_M4;multipleEntryInRegion_M5;multipleTransitionFromEntry_M1;multipleTransitionFromEntry_M2;multipleTransitionFromEntry_M3;multipleTransitionFromEntry_M4;noEntryInRegion_M1;noEntryInRegion_M2;noEntryInRegion_M3;noEntryInRegion_M4;noEntryInRegion_M5;noOutgoingTransitionFromEntry_M1;noOutgoingTransitionFromEntry_M2;noOutgoingTransitionFromEntry_M3;noOutgoingTransitionFromEntry_M4;noOutgoingTransitionFromEntry_M5;noStateInRegion_M1;noStateInRegion_M2;noStateInRegion_M3;outgoingFromExit_M1;outgoingFromExit_M2;outgoingFromFinal_M1;outgoingFromFinal_M2;transition_M1;transition_M2;transition_M3;transition_M4
1;12_1.xmi;1;1;1;0;0;0;0;0;1;0;0;0;0;0;1;1;1;1;0;0;0;0;1;0;1;1;0;0;0;0;1;1;1;1;1;1;1;1;1;1;1;1;1;1;0;1;1;1;1;1;1
2;12_2.xmi;1;1;1;0;0;0;0;0;1;0;0;0;0;0;1;1;1;1;0;0;0;0;0;0;0;1;1;1;1;1;1;1;1;1;1;1;0;0;0;0;1;1;1;1;0;1;1;1;1;1;1
3;12_3.xmi;0;0;0;0;0;0;0;0;0;0;0;0;0;0;0;0;0;0;0;0;0;0;0;0;0;0;0;0;0;0;1;1;1;1;1;0;0;0;0;0;1;1;1;0;0;0;0;0;0;0;0
4;12_4.xmi;1;1;1;0;0;0;0;0;1;0;0;0;0;0;1;0;1;0;0;0;0;0;0;0;0;0;0;0;0;0;1;1;1;1;1;1;0;0;0;0;0;0;1;1;0;1;1;1;1;1;1
5;12_5.xmi;1;1;1;1;1;1;1;1;1;1;1;1;1;1;1;1;1;1;1;1;1;1;1;1;1;1;0;1;1;1;1;1;1;1;1;1;1;1;1;1;1;1;1;1;1;1;1;1;1;1;1
6;12_6.xmi;1;0;1;0;0;0;0;0;1;0;0;0;0;0;1;1;0;0;0;0;0;0;0;0;0;1;0;0;0;0;1;1;1;1;1;1;1;1;1;1;1;1;1;0;0;0;0;0;0;0;0
7;12_7.xmi;1;0;1;1;1;1;1;1;1;1;1;1;1;1;1;0;0;0;0;0;0;0;0;0;0;0;0;0;0;0;1;1;1;1;1;1;0;0;0;0;1;1;1;0;0;0;0;0;0;0;0
8;12_8.xmi;1;0;1;0;0;0;0;0;1;0;0;0;0;0;1;0;0;0;0;0;0;0;0;0;0;0;0;0;0;0;1;1;1;1;1;1;0;0;0;0;1;1;1;0;0;0;0;0;0;0;0
9;12_9.xmi;1;0;1;0;0;0;0;0;1;0;0;0;0;0;1;0;0;0;0;0;0;0;0;0;0;0;0;0;0;0;1;1;1;1;1;1;0;0;0;0;1;1;1;0;0;0;0;0;0;0;0
10;12_10.xmi;1;1;1;0;0;0;0;0;1;0;0;0;0;0;1;0;0;0;0;0;0;0;0;0;0;0;0;0;0;0;1;1;1;1;1;1;0;0;0;0;1;1;1;0;0;0;0;0;0;0;0
11;12_11.xmi;1;1;1;0;0;0;0;0;1;0;0;0;0;0;1;0;0;0;0;0;0;0;0;0;0;0;0;0;0;0;1;1;1;1;1;1;0;0;0;0;1;1;1;0;0;0;0;0;0;0;0
12;12_12.xmi;1;0;1;0;0;0;0;0;1;0;0;0;0;0;1;1;0;0;0;0;0;0;0;0;0;1;0;0;0;0;1;1;1;1;1;1;1;1;1;1;1;1;1;0;0;0;0;0;0;0;0
13;12_13.xmi;1;0;1;1;1;1;1;1;1;1;1;1;1;1;1;0;0;0;0;0;0;0;0;0;0;0;0;0;0;0;1;1;1;1;1;1;0;0;0;0;1;1;1;0;0;0;0;0;0;0;0
14;12_14.xmi;1;0;1;0;0;0;0;0;1;0;0;0;0;0;1;0;0;0;0;0;0;0;0;0;0;0;0;0;0;0;1;1;1;1;1;1;0;0;0;0;1;1;1;0;0;0;0;0;0;0;0
15;12_15.xmi;1;0;1;0;0;0;0;0;1;0;0;0;0;0;1;0;0;0;0;0;0;0;0;0;0;0;0;0;0;0;1;1;1;1;1;1;0;0;0;0;1;1;1;0;0;0;0;0;0;0;0
16;12_16.xmi;1;1;1;0;0;0;0;0;1;0;0;0;0;0;1;0;0;0;0;0;0;0;0;0;0;0;0;0;0;0;1;1;1;1;1;1;0;0;0;0;1;1;1;0;0;0;0;0;0;0;0
17;12_17.xmi;1;1;1;0;0;0;0;0;1;0;0;0;0;0;1;0;0;0;0;0;0;0;0;0;0;0;0;0;0;0;1;1;1;1;1;1;0;0;0;0;1;1;1;0;0;0;0;0;0;0;0
18;12_18.xmi;1;1;1;0;0;0;0;0;1;0;0;0;0;0;1;1;0;0;0;0;0;1;1;1;1;1;0;0;0;0;0;0;1;1;1;1;1;1;1;1;1;1;1;0;0;0;0;0;0;0;0
19;12_19.xmi;1;0;1;0;0;0;0;0;1;0;0;0;0;0;1;1;0;0;0;0;0;1;1;1;1;1;0;0;0;0;1;1;1;1;1;1;1;1;1;1;1;1;1;0;0;0;0;0;0;0;0
20;12_20.xmi;1;0;1;1;1;1;1;1;1;1;1;1;1;1;1;1;0;0;0;0;0;1;0;1;0;1;0;0;0;0;1;1;1;1;1;1;1;1;1;1;1;1;1;0;0;0;0;0;0;0;0
21;12_21.xmi;1;0;1;0;0;0;0;0;1;0;0;0;0;0;1;1;0;0;0;0;0;1;0;1;0;1;0;0;0;0;1;1;1;1;1;1;1;1;1;1;1;1;1;0;0;0;0;0;0;0;0
22;12_22.xmi;1;0;1;1;1;1;1;1;1;1;1;1;1;1;1;0;0;0;0;0;0;0;0;0;0;0;0;0;0;0;1;1;1;1;1;1;0;0;0;0;1;1;1;0;0;0;0;0;0;0;0
23;12_23.xmi;1;0;1;0;0;0;0;0;1;0;0;0;0;0;1;1;0;0;0;0;0;1;0;1;0;1;0;0;0;0;1;1;1;1;1;1;1;1;1;1;1;1;1;0;0;0;0;0;0;0;0
24;12_24.xmi;1;0;1;1;1;1;1;1;1;1;1;1;1;1;1;1;0;0;0;0;0;1;0;1;0;1;0;0;0;0;1;1;1;1;1;1;1;1;1;1;1;1;1;0;0;0;0;0;0;0;0
25;12_25.xmi;1;0;1;1;1;1;1;1;1;1;1;1;1;1;1;0;0;0;0;0;0;0;0;0;0;0;0;0;0;0;1;1;1;1;1;1;0;0;0;0;1;1;1;0;0;0;0;0;0;0;0
26;12_26.xmi;1;0;1;0;0;0;0;0;1;0;0;0;0;0;1;0;0;0;0;0;0;0;0;0;0;0;0;0;0;0;1;1;1;1;1;1;0;0;0;0;1;1;1;0;0;0;0;0;0;0;0
27;12_27.xmi;1;0;1;1;1;1;1;1;1;1;1;1;1;1;1;0;0;0;0;0;0;0;0;0;0;0;0;0;0;0;1;1;1;1;1;1;0;0;0;0;1;1;1;0;0;0;0;0;0;0;0
28;12_28.xmi;1;0;1;1;1;1;1;1;1;1;1;1;1;1;1;0;0;0;0;0;0;0;0;0;0;0;0;0;0;0;1;1;1;1;1;1;0;0;0;0;1;1;1;0;0;0;0;0;0;0;0
29;12_29.xmi;1;0;1;0;0;0;0;0;1;0;0;0;0;0;1;1;0;0;0;0;0;1;0;1;0;1;0;0;0;0;1;1;1;1;1;1;1;1;1;1;1;1;1;0;0;0;0;0;0;0;0
30;12_30.xmi;1;0;1;0;0;0;0;0;1;0;0;0;0;0;1;0;0;0;0;0;0;0;0;0;0;0;0;0;0;0;1;1;1;1;1;1;0;0;0;0;1;1;1;0;0;0;0;0;0;0;0
Round no.;File;StateInRegion_M1;StateInRegion_M2;choiceHasNoIncoming_M1;choiceHasNoIncoming_M2;choiceHasNoIncoming_M3;choiceHasNoIncoming_M4;choiceHasNoIncoming_M5;choiceHasNoIncoming_M6;choiceHasNoOutgoing_M1;choiceHasNoOutgoing_M2;choiceHasNoOutgoing_M3;choiceHasNoOutgoing_M4;choiceHasNoOutgoing_M5;choiceHasNoOutgoing_M6;entryInRegion_M1;entryInRegion_M2;incomingToEntry_1;incomingToEntry_2;incomingToEntry_3;incomingToEntry_4;incomingToEntry_5;multipleEntryInRegion_M1;multipleEntryInRegion_M2;multipleEntryInRegion_M3;multipleEntryInRegion_M4;multipleEntryInRegion_M5;multipleTransitionFromEntry_M1;multipleTransitionFromEntry_M2;multipleTransitionFromEntry_M3;multipleTransitionFromEntry_M4;noEntryInRegion_M1;noEntryInRegion_M2;noEntryInRegion_M3;noEntryInRegion_M4;noEntryInRegion_M5;noOutgoingTransitionFromEntry_M1;noOutgoingTransitionFromEntry_M2;noOutgoingTransitionFromEntry_M3;noOutgoingTransitionFromEntry_M4;noOutgoingTransitionFromEntry_M5;noStateInRegion_M1;noStateInRegion_M2;noStateInRegion_M3;outgoingFromExit_M1;outgoingFromExit_M2;outgoingFromFinal_M1;outgoingFromFinal_M2;transition_M1;transition_M2;transition_M3;transition_M4
1;13_1.xmi;1;1;1;1;1;1;1;1;1;0;0;0;0;1;1;1;1;1;1;1;1;1;1;1;1;1;0;1;1;1;1;1;1;1;1;1;1;1;1;1;1;1;1;1;0;1;1;1;1;1;1
2;13_2.xmi;1;1;1;0;0;0;0;1;1;0;0;0;0;1;1;1;1;1;0;0;0;1;0;1;0;1;0;1;1;1;1;1;1;1;1;1;0;0;0;0;1;1;1;1;0;1;1;1;1;1;1
3;13_3.xmi;1;1;1;0;0;0;0;0;1;0;0;0;0;0;1;0;0;0;0;0;0;0;0;0;0;0;0;0;0;0;1;1;1;1;1;1;0;0;0;0;1;1;1;0;0;0;0;0;0;0;0
4;13_4.xmi;0;0;0;0;0;0;0;0;0;0;0;0;0;0;0;0;0;0;0;0;0;0;0;0;0;0;0;0;0;0;1;1;1;1;1;0;0;0;0;0;1;1;1;0;0;0;0;0;0;0;0
5;13_5.xmi;1;1;1;0;0;0;0;0;1;0;0;0;0;0;1;0;0;0;0;0;0;0;0;0;0;0;0;0;0;0;1;1;1;1;1;1;0;0;0;0;1;1;1;0;0;0;0;0;0;0;0
6;13_6.xmi;1;1;1;0;0;0;0;0;1;0;0;0;0;0;1;0;0;0;0;0;0;0;0;0;0;0;0;0;0;0;1;1;1;1;1;1;0;0;0;0;1;1;1;0;0;0;0;0;0;0;0
7;13_7.xmi;1;0;1;0;0;0;0;0;1;0;0;0;0;0;1;1;0;0;0;0;0;0;0;0;0;1;0;0;0;0;1;1;1;1;1;1;1;1;1;1;1;1;1;0;0;0;0;0;0;0;0
8;13_8.xmi;1;0;1;1;1;1;1;1;1;1;1;1;1;1;1;0;0;0;0;0;0;0;0;0;0;0;0;0;0;0;1;1;1;1;1;1;0;0;0;0;1;1;1;0;0;0;0;0;0;0;0
9;13_9.xmi;1;0;1;0;0;0;0;0;1;0;0;0;0;0;1;0;0;0;0;0;0;0;0;0;0;0;0;0;0;0;1;1;1;1;1;1;0;0;0;0;1;1;1;0;0;0;0;0;0;0;0
10;13_10.xmi;1;0;1;0;0;0;0;0;1;0;0;0;0;0;1;0;0;0;0;0;0;0;0;0;0;0;0;0;0;0;1;1;1;1;1;1;0;0;0;0;1;1;1;0;0;0;0;0;0;0;0
11;13_11.xmi;1;1;1;0;0;0;0;0;1;0;0;0;0;0;1;0;0;0;0;0;0;0;0;0;0;0;0;0;0;0;1;1;1;1;1;1;0;0;0;0;1;1;1;0;0;0;0;0;0;0;0
12;13_12.xmi;1;0;1;0;0;0;0;0;1;0;0;0;0;0;1;1;0;0;0;0;0;0;0;0;0;1;0;0;0;0;1;1;1;1;1;1;1;1;1;1;1;1;1;0;0;0;0;0;0;0;0
13;13_13.xmi;1;0;1;1;1;1;1;1;1;1;1;1;1;1;1;0;0;0;0;0;0;0;0;0;0;0;0;0;0;0;1;1;1;1;1;1;0;0;0;0;1;1;1;0;0;0;0;0;0;0;0
14;13_14.xmi;1;0;1;0;0;0;0;0;1;0;0;0;0;0;1;0;0;0;0;0;0;0;0;0;0;0;0;0;0;0;1;1;1;1;1;1;0;0;0;0;1;1;1;0;0;0;0;0;0;0;0
15;13_15.xmi;1;0;1;0;0;0;0;0;1;0;0;0;0;0;1;0;0;0;0;0;0;0;0;0;0;0;0;0;0;0;1;1;1;1;1;1;0;0;0;0;1;1;1;0;0;0;0;0;0;0;0
16;13_16.xmi;1;1;1;0;0;0;0;0;1;0;0;0;0;0;1;0;0;0;0;0;0;0;0;0;0;0;0;0;0;0;1;1;1;1;1;1;0;0;0;0;1;1;1;0;0;0;0;0;0;0;0
17;13_17.xmi;1;1;1;0;0;0;0;0;1;0;0;0;0;0;1;0;0;0;0;0;0;0;0;0;0;0;0;0;0;0;1;1;1;1;1;1;0;0;0;0;1;1;1;0;0;0;0;0;0;0;0
18;13_18.xmi;1;0;1;0;0;0;0;0;1;0;0;0;0;0;1;1;0;0;0;0;0;1;1;1;1;1;0;0;0;0;1;1;1;1;1;1;1;1;1;1;1;1;1;0;0;0;0;0;0;0;0
19;13_19.xmi;1;0;1;1;1;1;1;1;1;1;1;1;1;1;1;1;0;0;0;0;0;1;0;1;0;1;0;0;0;0;1;1;1;1;1;1;1;1;1;1;1;1;1;0;0;0;0;0;0;0;0
20;13_20.xmi;1;0;1;0;0;0;0;0;1;0;0;0;0;0;1;1;0;0;0;0;0;1;0;1;0;1;0;0;0;0;1;1;1;1;1;1;1;1;1;1;1;1;1;0;0;0;0;0;0;0;0
21;13_21.xmi;1;0;1;1;1;1;1;1;1;1;1;1;1;1;1;0;0;0;0;0;0;0;0;0;0;0;0;0;0;0;1;1;1;1;1;1;0;0;0;0;1;1;1;0;0;0;0;0;0;0;0
22;13_22.xmi;1;0;1;0;0;0;0;0;1;0;0;0;0;0;1;1;0;0;0;0;0;1;0;1;0;1;0;0;0;0;1;1;1;1;1;1;1;1;1;1;1;1;1;0;0;0;0;0;0;0;0
23;13_23.xmi;1;0;1;1;1;1;1;1;1;1;1;1;1;1;1;1;0;0;0;0;0;1;0;1;0;1;0;0;0;0;1;1;1;1;1;1;1;1;1;1;1;1;1;0;0;0;0;0;0;0;0
24;13_24.xmi;1;0;1;1;1;1;1;1;1;1;1;1;1;1;1;0;0;0;0;0;0;0;0;0;0;0;0;0;0;0;1;1;1;1;1;1;0;0;0;0;1;1;1;0;0;0;0;0;0;0;0
25;13_25.xmi;1;0;1;0;0;0;0;0;1;0;0;0;0;0;1;0;0;0;0;0;0;0;0;0;0;0;0;0;0;0;1;1;1;1;1;1;0;0;0;0;1;1;1;0;0;0;0;0;0;0;0
26;13_26.xmi;1;0;1;1;1;1;1;1;1;1;1;1;1;1;1;0;0;0;0;0;0;0;0;0;0;0;0;0;0;0;1;1;1;1;1;1;0;0;0;0;1;1;1;0;0;0;0;0;0;0;0
27;13_27.xmi;1;0;1;1;1;1;1;1;1;1;1;1;1;1;1;0;0;0;0;0;0;0;0;0;0;0;0;0;0;0;1;1;1;1;1;1;0;0;0;0;1;1;1;0;0;0;0;0;0;0;0
28;13_28.xmi;1;0;1;0;0;0;0;0;1;0;0;0;0;0;1;1;0;0;0;0;0;1;0;1;0;1;0;0;0;0;1;1;1;1;1;1;1;1;1;1;1;1;1;0;0;0;0;0;0;0;0
29;13_29.xmi;1;0;1;0;0;0;0;0;1;0;0;0;0;0;1;0;0;0;0;0;0;0;0;0;0;0;0;0;0;0;1;1;1;1;1;1;0;0;0;0;1;1;1;0;0;0;0;0;0;0;0
30;13_30.xmi;1;0;1;0;0;0;0;0;1;0;0;0;0;0;1;0;0;0;0;0;0;0;0;0;0;0;0;0;0;0;1;1;1;1;1;1;0;0;0;0;1;1;1;0;0;0;0;0;0;0;0
Round no.;File;StateInRegion_M1;StateInRegion_M2;choiceHasNoIncoming_M1;choiceHasNoIncoming_M2;choiceHasNoIncoming_M3;choiceHasNoIncoming_M4;choiceHasNoIncoming_M5;choiceHasNoIncoming_M6;choiceHasNoOutgoing_M1;choiceHasNoOutgoing_M2;choiceHasNoOutgoing_M3;choiceHasNoOutgoing_M4;choiceHasNoOutgoing_M5;choiceHasNoOutgoing_M6;entryInRegion_M1;entryInRegion_M2;incomingToEntry_1;incomingToEntry_2;incomingToEntry_3;incomingToEntry_4;incomingToEntry_5;multipleEntryInRegion_M1;multipleEntryInRegion_M2;multipleEntryInRegion_M3;multipleEntryInRegion_M4;multipleEntryInRegion_M5;multipleTransitionFromEntry_M1;multipleTransitionFromEntry_M2;multipleTransitionFromEntry_M3;multipleTransitionFromEntry_M4;noEntryInRegion_M1;noEntryInRegion_M2;noEntryInRegion_M3;noEntryInRegion_M4;noEntryInRegion_M5;noOutgoingTransitionFromEntry_M1;noOutgoingTransitionFromEntry_M2;noOutgoingTransitionFromEntry_M3;noOutgoingTransitionFromEntry_M4;noOutgoingTransitionFromEntry_M5;noStateInRegion_M1;noStateInRegion_M2;noStateInRegion_M3;outgoingFromExit_M1;outgoingFromExit_M2;outgoingFromFinal_M1;outgoingFromFinal_M2;transition_M1;transition_M2;transition_M3;transition_M4
1;14_1.xmi;1;1;1;0;0;0;0;0;1;0;0;0;0;0;1;0;1;0;0;0;0;0;0;0;0;0;0;0;0;0;1;1;1;1;1;1;0;0;0;0;1;1;1;1;0;1;1;1;1;1;1
2;14_2.xmi;1;1;1;0;0;0;0;0;1;0;0;0;0;0;1;1;1;1;0;0;0;1;1;1;1;1;0;0;0;0;1;1;1;1;1;1;1;1;1;1;1;1;1;1;0;1;1;1;1;1;1
3;14_3.xmi;0;0;0;0;0;0;0;0;0;0;0;0;0;0;0;0;0;0;0;0;0;0;0;0;0;0;0;0;0;0;1;1;1;1;1;0;0;0;0;0;1;1;1;0;0;0;0;0;0;0;0
4;14_4.xmi;1;1;1;0;0;0;0;0;1;0;0;0;0;0;1;0;0;0;0;0;0;0;0;0;0;0;0;0;0;0;1;1;1;1;1;1;0;0;0;0;0;0;1;0;0;0;0;0;0;0;0
5;14_5.xmi;1;0;1;0;0;0;0;0;1;0;0;0;0;0;1;1;0;0;0;0;0;0;0;0;0;1;0;0;0;0;1;1;1;1;1;1;1;1;1;1;1;1;1;0;0;0;0;0;0;0;0
6;14_6.xmi;1;0;1;1;1;1;1;1;1;1;1;1;1;1;1;0;0;0;0;0;0;0;0;0;0;0;0;0;0;0;1;1;1;1;1;1;0;0;0;0;1;1;1;0;0;0;0;0;0;0;0
7;14_7.xmi;1;0;1;0;0;0;0;0;1;0;0;0;0;0;1;0;0;0;0;0;0;0;0;0;0;0;0;0;0;0;1;1;1;1;1;1;0;0;0;0;1;1;1;0;0;0;0;0;0;0;0
8;14_8.xmi;1;0;1;0;0;0;0;0;1;0;0;0;0;0;1;0;0;0;0;0;0;0;0;0;0;0;0;0;0;0;1;1;1;1;1;1;0;0;0;0;1;1;1;0;0;0;0;0;0;0;0
9;14_9.xmi;1;1;1;0;0;0;0;0;1;0;0;0;0;0;1;0;0;0;0;0;0;0;0;0;0;0;0;0;0;0;1;1;1;1;1;1;0;0;0;0;1;1;1;0;0;0;0;0;0;0;0
10;14_10.xmi;1;1;1;0;0;0;0;0;1;0;0;0;0;0;1;0;0;0;0;0;0;0;0;0;0;0;0;0;0;0;1;1;1;1;1;1;0;0;0;0;1;1;1;0;0;0;0;0;0;0;0
11;14_11.xmi;1;0;1;0;0;0;0;0;1;0;0;0;0;0;1;1;0;0;0;0;0;0;0;0;0;1;0;0;0;0;1;1;1;1;1;1;1;1;1;1;1;1;1;0;0;0;0;0;0;0;0
12;14_12.xmi;1;0;1;1;1;1;1;1;1;1;1;1;1;1;1;0;0;0;0;0;0;0;0;0;0;0;0;0;0;0;1;1;1;1;1;1;0;0;0;0;1;1;1;0;0;0;0;0;0;0;0
13;14_13.xmi;1;0;1;0;0;0;0;0;1;0;0;0;0;0;1;0;0;0;0;0;0;0;0;0;0;0;0;0;0;0;1;1;1;1;1;1;0;0;0;0;1;1;1;0;0;0;0;0;0;0;0
14;14_14.xmi;1;0;1;0;0;0;0;0;1;0;0;0;0;0;1;0;0;0;0;0;0;0;0;0;0;0;0;0;0;0;1;1;1;1;1;1;0;0;0;0;1;1;1;0;0;0;0;0;0;0;0
15;14_15.xmi;1;1;1;0;0;0;0;0;1;0;0;0;0;0;1;0;0;0;0;0;0;0;0;0;0;0;0;0;0;0;1;1;1;1;1;1;0;0;0;0;1;1;1;0;0;0;0;0;0;0;0
16;14_16.xmi;1;1;1;0;0;0;0;0;1;0;0;0;0;0;1;0;0;0;0;0;0;0;0;0;0;0;0;0;0;0;1;1;1;1;1;1;0;0;0;0;1;1;1;0;0;0;0;0;0;0;0
17;14_17.xmi;1;1;1;0;0;0;0;0;1;0;0;0;0;0;1;1;0;0;0;0;0;1;0;1;0;1;0;0;0;0;1;1;1;1;1;1;1;1;1;1;1;1;1;0;0;0;0;0;0;0;0
18;14_18.xmi;1;0;1;0;0;0;0;0;1;0;0;0;0;0;1;1;0;0;0;0;0;1;1;1;1;1;0;0;0;0;1;1;1;1;1;1;1;1;1;1;1;1;1;0;0;0;0;0;0;0;0
19;14_19.xmi;1;0;1;1;1;1;1;1;1;1;1;1;1;1;1;1;0;0;0;0;0;1;0;1;0;1;0;0;0;0;1;1;1;1;1;1;1;1;1;1;1;1;1;0;0;0;0;0;0;0;0
20;14_20.xmi;1;0;1;0;0;0;0;0;1;0;0;0;0;0;1;1;0;0;0;0;0;1;0;1;0;1;0;0;0;0;1;1;1;1;1;1;1;1;1;1;1;1;1;0;0;0;0;0;0;0;0
21;14_21.xmi;1;0;1;1;1;1;1;1;1;1;1;1;1;1;1;0;0;0;0;0;0;0;0;0;0;0;0;0;0;0;1;1;1;1;1;1;0;0;0;0;1;1;1;0;0;0;0;0;0;0;0
22;14_22.xmi;1;0;1;0;0;0;0;0;1;0;0;0;0;0;1;1;0;0;0;0;0;1;0;1;0;1;0;0;0;0;1;1;1;1;1;1;1;1;1;1;1;1;1;0;0;0;0;0;0;0;0
23;14_23.xmi;1;0;1;1;1;1;1;1;1;1;1;1;1;1;1;1;0;0;0;0;0;1;0;1;0;1;0;0;0;0;1;1;1;1;1;1;1;1;1;1;1;1;1;0;0;0;0;0;0;0;0
24;14_24.xmi;1;0;1;1;1;1;1;1;1;1;1;1;1;1;1;0;0;0;0;0;0;0;0;0;0;0;0;0;0;0;1;1;1;1;1;1;0;0;0;0;1;1;1;0;0;0;0;0;0;0;0
25;14_25.xmi;1;0;1;0;0;0;0;0;1;0;0;0;0;0;1;0;0;0;0;0;0;0;0;0;0;0;0;0;0;0;1;1;1;1;1;1;0;0;0;0;1;1;1;0;0;0;0;0;0;0;0
26;14_26.xmi;1;0;1;1;1;1;1;1;1;1;1;1;1;1;1;0;0;0;0;0;0;0;0;0;0;0;0;0;0;0;1;1;1;1;1;1;0;0;0;0;1;1;1;0;0;0;0;0;0;0;0
27;14_27.xmi;1;0;1;1;1;1;1;1;1;1;1;1;1;1;1;0;0;0;0;0;0;0;0;0;0;0;0;0;0;0;1;1;1;1;1;1;0;0;0;0;1;1;1;0;0;0;0;0;0;0;0
28;14_28.xmi;1;0;1;0;0;0;0;0;1;0;0;0;0;0;1;1;0;0;0;0;0;1;0;1;0;1;0;0;0;0;1;1;1;1;1;1;1;1;1;1;1;1;1;0;0;0;0;0;0;0;0
29;14_29.xmi;1;0;1;0;0;0;0;0;1;0;0;0;0;0;1;0;0;0;0;0;0;0;0;0;0;0;0;0;0;0;1;1;1;1;1;1;0;0;0;0;1;1;1;0;0;0;0;0;0;0;0
30;14_30.xmi;1;0;1;0;0;0;0;0;1;0;0;0;0;0;1;0;0;0;0;0;0;0;0;0;0;0;0;0;0;0;1;1;1;1;1;1;0;0;0;0;1;1;1;0;0;0;0;0;0;0;0
Round no.;File;StateInRegion_M1;StateInRegion_M2;choiceHasNoIncoming_M1;choiceHasNoIncoming_M2;choiceHasNoIncoming_M3;choiceHasNoIncoming_M4;choiceHasNoIncoming_M5;choiceHasNoIncoming_M6;choiceHasNoOutgoing_M1;choiceHasNoOutgoing_M2;choiceHasNoOutgoing_M3;choiceHasNoOutgoing_M4;choiceHasNoOutgoing_M5;choiceHasNoOutgoing_M6;entryInRegion_M1;entryInRegion_M2;incomingToEntry_1;incomingToEntry_2;incomingToEntry_3;incomingToEntry_4;incomingToEntry_5;multipleEntryInRegion_M1;multipleEntryInRegion_M2;multipleEntryInRegion_M3;multipleEntryInRegion_M4;multipleEntryInRegion_M5;multipleTransitionFromEntry_M1;multipleTransitionFromEntry_M2;multipleTransitionFromEntry_M3;multipleTransitionFromEntry_M4;noEntryInRegion_M1;noEntryInRegion_M2;noEntryInRegion_M3;noEntryInRegion_M4;noEntryInRegion_M5;noOutgoingTransitionFromEntry_M1;noOutgoingTransitionFromEntry_M2;noOutgoingTransitionFromEntry_M3;noOutgoingTransitionFromEntry_M4;noOutgoingTransitionFromEntry_M5;noStateInRegion_M1;noStateInRegion_M2;noStateInRegion_M3;outgoingFromExit_M1;outgoingFromExit_M2;outgoingFromFinal_M1;outgoingFromFinal_M2;transition_M1;transition_M2;transition_M3;transition_M4
1;15_1.xmi;1;1;1;0;0;0;0;0;1;0;0;0;0;0;1;0;1;0;0;0;0;0;0;0;0;0;0;0;0;0;1;1;1;1;1;1;0;0;0;0;1;1;1;1;0;1;1;1;1;1;1
2;15_2.xmi;1;1;1;1;1;1;1;1;1;0;0;0;0;1;1;1;1;1;1;1;1;1;0;1;0;1;1;1;1;1;1;1;1;1;1;1;0;0;0;0;1;1;1;1;0;1;1;1;1;1;1
3;15_3.xmi;1;1;1;0;0;0;0;0;1;0;0;0;0;0;1;1;0;0;0;0;0;1;0;1;0;1;0;0;0;0;1;1;1;1;1;1;1;1;1;1;1;1;1;0;0;0;0;0;0;0;0
4;15_4.xmi;1;1;1;0;0;0;0;1;1;0;0;0;0;1;1;1;1;1;1;1;1;1;1;1;1;1;0;1;1;1;1;1;1;1;1;1;1;1;1;1;1;1;1;1;0;1;1;1;1;1;1
5;15_5.xmi;0;0;0;0;0;0;0;0;0;0;0;0;0;0;0;0;0;0;0;0;0;0;0;0;0;0;0;0;0;0;1;1;1;1;1;0;0;0;0;0;1;1;1;0;0;0;0;0;0;0;0
6;15_6.xmi;1;0;1;0;0;0;0;0;1;0;0;0;0;0;1;0;0;0;0;0;0;0;0;0;0;0;0;0;0;0;1;1;1;1;1;1;0;0;0;0;1;1;1;0;0;0;0;0;0;0;0
7;15_7.xmi;1;1;1;0;0;0;0;0;1;0;0;0;0;0;1;1;1;1;1;1;1;1;1;1;1;1;0;0;0;0;1;1;1;1;1;1;1;1;1;1;0;0;1;1;0;1;0;1;1;1;1
8;15_8.xmi;1;0;1;0;0;0;0;0;1;0;0;0;0;0;1;1;0;0;0;0;0;0;0;0;0;1;0;0;0;0;1;1;1;1;1;1;1;1;1;1;1;1;1;0;0;0;0;0;0;0;0
9;15_9.xmi;1;0;1;1;1;1;1;1;1;1;1;1;1;1;1;0;0;0;0;0;0;0;0;0;0;0;0;0;0;0;1;1;1;1;1;1;0;0;0;0;1;1;1;0;0;0;0;0;0;0;0
10;15_10.xmi;1;0;1;0;0;0;0;0;1;0;0;0;0;0;1;0;0;0;0;0;0;0;0;0;0;0;0;0;0;0;1;1;1;1;1;1;0;0;0;0;1;1;1;0;0;0;0;0;0;0;0
11;15_11.xmi;1;1;1;0;0;0;0;0;1;0;0;0;0;0;1;0;0;0;0;0;0;0;0;0;0;0;0;0;0;0;1;1;1;1;1;1;0;0;0;0;1;1;1;0;0;0;0;0;0;0;0
12;15_12.xmi;1;1;1;0;0;0;0;0;1;0;0;0;0;0;1;0;0;0;0;0;0;0;0;0;0;0;0;0;0;0;1;1;1;1;1;1;0;0;0;0;1;1;1;0;0;0;0;0;0;0;0
13;15_13.xmi;1;0;1;0;0;0;0;0;1;0;0;0;0;0;1;1;0;0;0;0;0;0;0;0;0;1;0;0;0;0;1;1;1;1;1;1;1;1;1;1;1;1;1;0;0;0;0;0;0;0;0
14;15_14.xmi;1;0;1;1;1;1;1;1;1;1;1;1;1;1;1;0;0;0;0;0;0;0;0;0;0;0;0;0;0;0;1;1;1;1;1;1;0;0;0;0;1;1;1;0;0;0;0;0;0;0;0
15;15_15.xmi;1;0;1;0;0;0;0;0;1;0;0;0;0;0;1;0;0;0;0;0;0;0;0;0;0;0;0;0;0;0;1;1;1;1;1;1;0;0;0;0;1;1;1;0;0;0;0;0;0;0;0
16;15_16.xmi;1;0;1;0;0;0;0;0;1;0;0;0;0;0;1;0;0;0;0;0;0;0;0;0;0;0;0;0;0;0;1;1;1;1;1;1;0;0;0;0;1;1;1;0;0;0;0;0;0;0;0
17;15_17.xmi;1;1;1;0;0;0;0;0;1;0;0;0;0;0;1;0;0;0;0;0;0;0;0;0;0;0;0;0;0;0;1;1;1;1;1;1;0;0;0;0;1;1;1;0;0;0;0;0;0;0;0
18;15_18.xmi;1;1;1;0;0;0;0;0;1;0;0;0;0;0;1;0;0;0;0;0;0;0;0;0;0;0;0;0;0;0;1;1;1;1;1;1;0;0;0;0;1;1;1;0;0;0;0;0;0;0;0
19;15_19.xmi;1;0;1;0;0;0;0;0;1;0;0;0;0;0;1;1;0;0;0;0;0;1;1;1;1;1;0;0;0;0;1;1;1;1;1;1;1;1;1;1;1;1;1;0;0;0;0;0;0;0;0
20;15_20.xmi;1;0;1;1;1;1;1;1;1;1;1;1;1;1;1;1;0;0;0;0;0;1;0;1;0;1;0;0;0;0;1;1;1;1;1;1;1;1;1;1;1;1;1;0;0;0;0;0;0;0;0
21;15_21.xmi;1;0;1;0;0;0;0;0;1;0;0;0;0;0;1;1;0;0;0;0;0;1;0;1;0;1;0;0;0;0;1;1;1;1;1;1;1;1;1;1;1;1;1;0;0;0;0;0;0;0;0
22;15_22.xmi;1;0;1;1;1;1;1;1;1;1;1;1;1;1;1;0;0;0;0;0;0;0;0;0;0;0;0;0;0;0;1;1;1;1;1;1;0;0;0;0;1;1;1;0;0;0;0;0;0;0;0
23;15_23.xmi;1;0;1;0;0;0;0;0;1;0;0;0;0;0;1;1;0;0;0;0;0;1;0;1;0;1;0;0;0;0;1;1;1;1;1;1;1;1;1;1;1;1;1;0;0;0;0;0;0;0;0
24;15_24.xmi;1;0;1;1;1;1;1;1;1;1;1;1;1;1;1;1;0;0;0;0;0;1;0;1;0;1;0;0;0;0;1;1;1;1;1;1;1;1;1;1;1;1;1;0;0;0;0;0;0;0;0
25;15_25.xmi;1;0;1;1;1;1;1;1;1;1;1;1;1;1;1;0;0;0;0;0;0;0;0;0;0;0;0;0;0;0;1;1;1;1;1;1;0;0;0;0;1;1;1;0;0;0;0;0;0;0;0
26;15_26.xmi;1;0;1;0;0;0;0;0;1;0;0;0;0;0;1;0;0;0;0;0;0;0;0;0;0;0;0;0;0;0;1;1;1;1;1;1;0;0;0;0;1;1;1;0;0;0;0;0;0;0;0
27;15_27.xmi;1;0;1;1;1;1;1;1;1;1;1;1;1;1;1;0;0;0;0;0;0;0;0;0;0;0;0;0;0;0;1;1;1;1;1;1;0;0;0;0;1;1;1;0;0;0;0;0;0;0;0
28;15_28.xmi;1;0;1;1;1;1;1;1;1;1;1;1;1;1;1;0;0;0;0;0;0;0;0;0;0;0;0;0;0;0;1;1;1;1;1;1;0;0;0;0;1;1;1;0;0;0;0;0;0;0;0
29;15_29.xmi;1;0;1;0;0;0;0;0;1;0;0;0;0;0;1;1;0;0;0;0;0;1;0;1;0;1;0;0;0;0;1;1;1;1;1;1;1;1;1;1;1;1;1;0;0;0;0;0;0;0;0
30;15_30.xmi;1;0;1;0;0;0;0;0;1;0;0;0;0;0;1;0;0;0;0;0;0;0;0;0;0;0;0;0;0;0;1;1;1;1;1;1;0;0;0;0;1;1;1;0;0;0;0;0;0;0;0
Round no.;File;StateInRegion_M1;StateInRegion_M2;choiceHasNoIncoming_M1;choiceHasNoIncoming_M2;choiceHasNoIncoming_M3;choiceHasNoIncoming_M4;choiceHasNoIncoming_M5;choiceHasNoIncoming_M6;choiceHasNoOutgoing_M1;choiceHasNoOutgoing_M2;choiceHasNoOutgoing_M3;choiceHasNoOutgoing_M4;choiceHasNoOutgoing_M5;choiceHasNoOutgoing_M6;entryInRegion_M1;entryInRegion_M2;incomingToEntry_1;incomingToEntry_2;incomingToEntry_3;incomingToEntry_4;incomingToEntry_5;multipleEntryInRegion_M1;multipleEntryInRegion_M2;multipleEntryInRegion_M3;multipleEntryInRegion_M4;multipleEntryInRegion_M5;multipleTransitionFromEntry_M1;multipleTransitionFromEntry_M2;multipleTransitionFromEntry_M3;multipleTransitionFromEntry_M4;noEntryInRegion_M1;noEntryInRegion_M2;noEntryInRegion_M3;noEntryInRegion_M4;noEntryInRegion_M5;noOutgoingTransitionFromEntry_M1;noOutgoingTransitionFromEntry_M2;noOutgoingTransitionFromEntry_M3;noOutgoingTransitionFromEntry_M4;noOutgoingTransitionFromEntry_M5;noStateInRegion_M1;noStateInRegion_M2;noStateInRegion_M3;outgoingFromExit_M1;outgoingFromExit_M2;outgoingFromFinal_M1;outgoingFromFinal_M2;transition_M1;transition_M2;transition_M3;transition_M4
1;16_1.xmi;1;1;1;0;0;0;0;0;1;0;0;0;0;0;1;0;1;0;0;0;0;0;0;0;0;0;0;0;0;0;1;1;1;1;1;1;0;0;0;0;1;1;1;1;0;1;1;1;1;1;1
2;16_2.xmi;1;1;1;0;0;0;0;0;1;0;0;0;0;0;1;0;0;0;0;0;0;0;0;0;0;0;0;0;0;0;1;1;1;1;1;1;0;0;0;0;1;1;1;0;0;0;0;0;0;0;0
3;16_3.xmi;1;1;1;0;0;0;0;0;1;0;0;0;0;0;1;1;1;1;1;1;1;1;1;1;1;1;0;0;0;0;1;1;1;1;1;1;1;1;1;1;1;1;1;1;0;1;1;1;1;1;1
4;16_4.xmi;0;0;0;0;0;0;0;0;0;0;0;0;0;0;0;0;0;0;0;0;0;0;0;0;0;0;0;0;0;0;1;1;1;1;1;0;0;0;0;0;1;1;1;0;0;0;0;0;0;0;0
5;16_5.xmi;1;0;1;0;0;0;0;0;1;0;0;0;0;0;1;0;0;0;0;0;0;0;0;0;0;0;0;0;0;0;1;1;1;1;1;1;0;0;0;0;1;1;1;0;0;0;0;0;0;0;0
6;16_6.xmi;1;1;1;0;0;0;0;0;1;0;0;0;0;0;1;0;0;0;0;0;0;0;0;0;0;0;0;0;0;0;1;1;1;1;1;1;0;0;0;0;1;1;1;0;0;0;0;0;0;0;0
7;16_7.xmi;1;0;1;0;0;0;0;0;1;0;0;0;0;0;1;1;0;0;0;0;0;0;0;0;0;1;0;0;0;0;1;1;1;1;1;1;1;1;1;1;1;1;1;0;0;0;0;0;0;0;0
8;16_8.xmi;1;0;1;1;1;1;1;1;1;1;1;1;1;1;1;0;0;0;0;0;0;0;0;0;0;0;0;0;0;0;1;1;1;1;1;1;0;0;0;0;1;1;1;0;0;0;0;0;0;0;0
9;16_9.xmi;1;0;1;0;0;0;0;0;1;0;0;0;0;0;1;0;0;0;0;0;0;0;0;0;0;0;0;0;0;0;1;1;1;1;1;1;0;0;0;0;1;1;1;0;0;0;0;0;0;0;0
10;16_10.xmi;1;1;1;0;0;0;0;0;1;0;0;0;0;0;1;0;0;0;0;0;0;0;0;0;0;0;0;0;0;0;1;1;1;1;1;1;0;0;0;0;1;1;1;0;0;0;0;0;0;0;0
11;16_11.xmi;1;0;1;0;0;0;0;0;1;0;0;0;0;0;1;1;0;0;0;0;0;0;0;0;0;1;0;0;0;0;1;1;1;1;1;1;1;1;1;1;1;1;1;0;0;0;0;0;0;0;0
12;16_12.xmi;1;0;1;1;1;1;1;1;1;1;1;1;1;1;1;0;0;0;0;0;0;0;0;0;0;0;0;0;0;0;1;1;1;1;1;1;0;0;0;0;1;1;1;0;0;0;0;0;0;0;0
13;16_13.xmi;1;0;1;0;0;0;0;0;1;0;0;0;0;0;1;0;0;0;0;0;0;0;0;0;0;0;0;0;0;0;1;1;1;1;1;1;0;0;0;0;1;1;1;0;0;0;0;0;0;0;0
14;16_14.xmi;1;0;1;0;0;0;0;0;1;0;0;0;0;0;1;0;0;0;0;0;0;0;0;0;0;0;0;0;0;0;1;1;1;1;1;1;0;0;0;0;1;1;1;0;0;0;0;0;0;0;0
15;16_15.xmi;1;1;1;0;0;0;0;0;1;0;0;0;0;0;1;0;0;0;0;0;0;0;0;0;0;0;0;0;0;0;1;1;1;1;1;1;0;0;0;0;1;1;1;0;0;0;0;0;0;0;0
16;16_16.xmi;1;0;1;0;0;0;0;0;1;0;0;0;0;0;1;0;0;0;0;0;0;0;0;0;0;0;0;0;0;0;1;1;1;1;1;1;0;0;0;0;1;1;1;0;0;0;0;0;0;0;0
17;16_17.xmi;1;1;1;0;0;0;0;0;1;0;0;0;0;0;1;1;0;0;0;0;0;1;0;1;0;1;0;0;0;0;1;1;1;1;1;1;1;1;1;1;1;1;1;0;0;0;0;0;0;0;0
18;16_18.xmi;1;0;1;0;0;0;0;0;1;0;0;0;0;0;1;1;0;0;0;0;0;1;1;1;1;1;0;0;0;0;1;1;1;1;1;1;1;1;1;1;1;1;1;0;0;0;0;0;0;0;0
19;16_19.xmi;1;0;1;1;1;1;1;1;1;1;1;1;1;1;1;1;0;0;0;0;0;1;0;1;0;1;0;0;0;0;1;1;1;1;1;1;1;1;1;1;1;1;1;0;0;0;0;0;0;0;0
20;16_20.xmi;1;0;1;0;0;0;0;0;1;0;0;0;0;0;1;1;0;0;0;0;0;1;0;1;0;1;0;0;0;0;1;1;1;1;1;1;1;1;1;1;1;1;1;0;0;0;0;0;0;0;0
21;16_21.xmi;1;0;1;1;1;1;1;1;1;1;1;1;1;1;1;0;0;0;0;0;0;0;0;0;0;0;0;0;0;0;1;1;1;1;1;1;0;0;0;0;1;1;1;0;0;0;0;0;0;0;0
22;16_22.xmi;1;0;1;0;0;0;0;0;1;0;0;0;0;0;1;1;0;0;0;0;0;1;0;1;0;1;0;0;0;0;1;1;1;1;1;1;1;1;1;1;1;1;1;0;0;0;0;0;0;0;0
23;16_23.xmi;1;0;1;1;1;1;1;1;1;1;1;1;1;1;1;1;0;0;0;0;0;1;0;1;0;1;0;0;0;0;1;1;1;1;1;1;1;1;1;1;1;1;1;0;0;0;0;0;0;0;0
24;16_24.xmi;1;0;1;1;1;1;1;1;1;1;1;1;1;1;1;0;0;0;0;0;0;0;0;0;0;0;0;0;0;0;1;1;1;1;1;1;0;0;0;0;1;1;1;0;0;0;0;0;0;0;0
25;16_25.xmi;1;0;1;0;0;0;0;0;1;0;0;0;0;0;1;0;0;0;0;0;0;0;0;0;0;0;0;0;0;0;1;1;1;1;1;1;0;0;0;0;1;1;1;0;0;0;0;0;0;0;0
26;16_26.xmi;1;0;1;1;1;1;1;1;1;1;1;1;1;1;1;0;0;0;0;0;0;0;0;0;0;0;0;0;0;0;1;1;1;1;1;1;0;0;0;0;1;1;1;0;0;0;0;0;0;0;0
27;16_27.xmi;1;0;1;1;1;1;1;1;1;1;1;1;1;1;1;0;0;0;0;0;0;0;0;0;0;0;0;0;0;0;1;1;1;1;1;1;0;0;0;0;1;1;1;0;0;0;0;0;0;0;0
28;16_28.xmi;1;0;1;0;0;0;0;0;1;0;0;0;0;0;1;1;0;0;0;0;0;1;0;1;0;1;0;0;0;0;1;1;1;1;1;1;1;1;1;1;1;1;1;0;0;0;0;0;0;0;0
29;16_29.xmi;1;0;1;0;0;0;0;0;1;0;0;0;0;0;1;0;0;0;0;0;0;0;0;0;0;0;0;0;0;0;1;1;1;1;1;1;0;0;0;0;1;1;1;0;0;0;0;0;0;0;0
30;16_30.xmi;1;0;1;0;0;0;0;0;1;0;0;0;0;0;1;0;0;0;0;0;0;0;0;0;0;0;0;0;0;0;1;1;1;1;1;1;0;0;0;0;1;1;1;0;0;0;0;0;0;0;0
Round no.;File;StateInRegion_M1;StateInRegion_M2;choiceHasNoIncoming_M1;choiceHasNoIncoming_M2;choiceHasNoIncoming_M3;choiceHasNoIncoming_M4;choiceHasNoIncoming_M5;choiceHasNoIncoming_M6;choiceHasNoOutgoing_M1;choiceHasNoOutgoing_M2;choiceHasNoOutgoing_M3;choiceHasNoOutgoing_M4;choiceHasNoOutgoing_M5;choiceHasNoOutgoing_M6;entryInRegion_M1;entryInRegion_M2;incomingToEntry_1;incomingToEntry_2;incomingToEntry_3;incomingToEntry_4;incomingToEntry_5;multipleEntryInRegion_M1;multipleEntryInRegion_M2;multipleEntryInRegion_M3;multipleEntryInRegion_M4;multipleEntryInRegion_M5;multipleTransitionFromEntry_M1;multipleTransitionFromEntry_M2;multipleTransitionFromEntry_M3;multipleTransitionFromEntry_M4;noEntryInRegion_M1;noEntryInRegion_M2;noEntryInRegion_M3;noEntryInRegion_M4;noEntryInRegion_M5;noOutgoingTransitionFromEntry_M1;noOutgoingTransitionFromEntry_M2;noOutgoingTransitionFromEntry_M3;noOutgoingTransitionFromEntry_M4;noOutgoingTransitionFromEntry_M5;noStateInRegion_M1;noStateInRegion_M2;noStateInRegion_M3;outgoingFromExit_M1;outgoingFromExit_M2;outgoingFromFinal_M1;outgoingFromFinal_M2;transition_M1;transition_M2;transition_M3;transition_M4
1;17_1.xmi;1;1;1;0;0;0;0;0;1;0;0;0;0;0;1;1;1;1;0;0;0;1;1;1;1;1;0;0;0;0;1;1;1;1;1;1;1;1;1;1;1;1;1;1;0;1;1;1;1;1;1
2;17_2.xmi;1;1;1;0;0;0;0;0;1;0;0;0;0;0;1;0;1;0;0;0;0;0;0;0;0;0;0;0;0;0;1;1;1;1;1;1;0;0;0;0;1;1;1;1;0;1;1;1;1;1;1
3;17_3.xmi;1;1;1;0;0;0;0;0;1;0;0;0;0;0;1;1;1;1;1;1;1;1;0;1;0;1;0;0;0;0;1;1;1;1;1;1;1;1;1;1;1;1;1;1;0;1;0;1;1;1;1
4;17_4.xmi;0;0;0;0;0;0;0;0;0;0;0;0;0;0;0;0;0;0;0;0;0;0;0;0;0;0;0;0;0;0;1;1;1;1;1;0;0;0;0;0;1;1;1;0;0;0;0;0;0;0;0
5;17_5.xmi;1;1;1;0;0;0;0;0;1;0;0;0;0;0;1;0;0;0;0;0;0;0;0;0;0;0;0;0;0;0;1;1;1;1;1;1;0;0;0;0;1;1;1;0;0;0;0;0;0;0;0
6;17_6.xmi;1;0;1;0;0;0;0;0;1;0;0;0;0;0;1;1;0;0;0;0;0;0;0;0;0;1;0;0;0;0;1;1;1;1;1;1;1;1;1;1;1;1;1;0;0;0;0;0;0;0;0
7;17_7.xmi;1;0;1;1;1;1;1;1;1;1;1;1;1;1;1;0;0;0;0;0;0;0;0;0;0;0;0;0;0;0;1;1;1;1;1;1;0;0;0;0;1;1;1;0;0;0;0;0;0;0;0
8;17_8.xmi;1;0;1;0;0;0;0;0;1;0;0;0;0;0;1;0;0;0;0;0;0;0;0;0;0;0;0;0;0;0;1;1;1;1;1;1;0;0;0;0;1;1;1;0;0;0;0;0;0;0;0
9;17_9.xmi;1;0;1;0;0;0;0;0;1;0;0;0;0;0;1;0;0;0;0;0;0;0;0;0;0;0;0;0;0;0;1;1;1;1;1;1;0;0;0;0;1;1;1;0;0;0;0;0;0;0;0
10;17_10.xmi;1;1;1;0;0;0;0;0;1;0;0;0;0;0;1;0;0;0;0;0;0;0;0;0;0;0;0;0;0;0;1;1;1;1;1;1;0;0;0;0;1;1;1;0;0;0;0;0;0;0;0
11;17_11.xmi;1;1;1;0;0;0;0;0;1;0;0;0;0;0;1;0;0;0;0;0;0;0;0;0;0;0;0;0;0;0;1;1;1;1;1;1;0;0;0;0;1;1;1;0;0;0;0;0;0;0;0
12;17_12.xmi;1;0;1;0;0;0;0;0;1;0;0;0;0;0;1;1;0;0;0;0;0;0;0;0;0;1;0;0;0;0;1;1;1;1;1;1;1;1;1;1;1;1;1;0;0;0;0;0;0;0;0
13;17_13.xmi;1;0;1;1;1;1;1;1;1;1;1;1;1;1;1;0;0;0;0;0;0;0;0;0;0;0;0;0;0;0;1;1;1;1;1;1;0;0;0;0;1;1;1;0;0;0;0;0;0;0;0
14;17_14.xmi;1;0;1;0;0;0;0;0;1;0;0;0;0;0;1;0;0;0;0;0;0;0;0;0;0;0;0;0;0;0;1;1;1;1;1;1;0;0;0;0;1;1;1;0;0;0;0;0;0;0;0
15;17_15.xmi;1;0;1;0;0;0;0;0;1;0;0;0;0;0;1;0;0;0;0;0;0;0;0;0;0;0;0;0;0;0;1;1;1;1;1;1;0;0;0;0;1;1;1;0;0;0;0;0;0;0;0
16;17_16.xmi;1;1;1;0;0;0;0;0;1;0;0;0;0;0;1;0;0;0;0;0;0;0;0;0;0;0;0;0;0;0;1;1;1;1;1;1;0;0;0;0;1;1;1;0;0;0;0;0;0;0;0
17;17_17.xmi;1;1;1;0;0;0;0;0;1;0;0;0;0;0;1;0;0;0;0;0;0;0;0;0;0;0;0;0;0;0;1;1;1;1;1;1;0;0;0;0;1;1;1;0;0;0;0;0;0;0;0
18;17_18.xmi;1;0;1;0;0;0;0;0;1;0;0;0;0;0;1;1;0;0;0;0;0;1;1;1;1;1;0;0;0;0;1;1;1;1;1;1;1;1;1;1;1;1;1;0;0;0;0;0;0;0;0
19;17_19.xmi;1;0;1;1;1;1;1;1;1;1;1;1;1;1;1;1;0;0;0;0;0;1;0;1;0;1;0;0;0;0;1;1;1;1;1;1;1;1;1;1;1;1;1;0;0;0;0;0;0;0;0
20;17_20.xmi;1;0;1;0;0;0;0;0;1;0;0;0;0;0;1;1;0;0;0;0;0;1;0;1;0;1;0;0;0;0;1;1;1;1;1;1;1;1;1;1;1;1;1;0;0;0;0;0;0;0;0
21;17_21.xmi;1;0;1;1;1;1;1;1;1;1;1;1;1;1;1;0;0;0;0;0;0;0;0;0;0;0;0;0;0;0;1;1;1;1;1;1;0;0;0;0;1;1;1;0;0;0;0;0;0;0;0
22;17_22.xmi;1;0;1;0;0;0;0;0;1;0;0;0;0;0;1;1;0;0;0;0;0;1;0;1;0;1;0;0;0;0;1;1;1;1;1;1;1;1;1;1;1;1;1;0;0;0;0;0;0;0;0
23;17_23.xmi;1;0;1;1;1;1;1;1;1;1;1;1;1;1;1;1;0;0;0;0;0;1;0;1;0;1;0;0;0;0;1;1;1;1;1;1;1;1;1;1;1;1;1;0;0;0;0;0;0;0;0
24;17_24.xmi;1;0;1;1;1;1;1;1;1;1;1;1;1;1;1;0;0;0;0;0;0;0;0;0;0;0;0;0;0;0;1;1;1;1;1;1;0;0;0;0;1;1;1;0;0;0;0;0;0;0;0
25;17_25.xmi;1;0;1;0;0;0;0;0;1;0;0;0;0;0;1;0;0;0;0;0;0;0;0;0;0;0;0;0;0;0;1;1;1;1;1;1;0;0;0;0;1;1;1;0;0;0;0;0;0;0;0
26;17_26.xmi;1;0;1;1;1;1;1;1;1;1;1;1;1;1;1;0;0;0;0;0;0;0;0;0;0;0;0;0;0;0;1;1;1;1;1;1;0;0;0;0;1;1;1;0;0;0;0;0;0;0;0
27;17_27.xmi;1;0;1;1;1;1;1;1;1;1;1;1;1;1;1;0;0;0;0;0;0;0;0;0;0;0;0;0;0;0;1;1;1;1;1;1;0;0;0;0;1;1;1;0;0;0;0;0;0;0;0
28;17_28.xmi;1;0;1;0;0;0;0;0;1;0;0;0;0;0;1;1;0;0;0;0;0;1;0;1;0;1;0;0;0;0;1;1;1;1;1;1;1;1;1;1;1;1;1;0;0;0;0;0;0;0;0
29;17_29.xmi;1;0;1;0;0;0;0;0;1;0;0;0;0;0;1;0;0;0;0;0;0;0;0;0;0;0;0;0;0;0;1;1;1;1;1;1;0;0;0;0;1;1;1;0;0;0;0;0;0;0;0
30;17_30.xmi;1;0;1;0;0;0;0;0;1;0;0;0;0;0;1;0;0;0;0;0;0;0;0;0;0;0;0;0;0;0;1;1;1;1;1;1;0;0;0;0;1;1;1;0;0;0;0;0;0;0;0
Round no.;File;StateInRegion_M1;StateInRegion_M2;choiceHasNoIncoming_M1;choiceHasNoIncoming_M2;choiceHasNoIncoming_M3;choiceHasNoIncoming_M4;choiceHasNoIncoming_M5;choiceHasNoIncoming_M6;choiceHasNoOutgoing_M1;choiceHasNoOutgoing_M2;choiceHasNoOutgoing_M3;choiceHasNoOutgoing_M4;choiceHasNoOutgoing_M5;choiceHasNoOutgoing_M6;entryInRegion_M1;entryInRegion_M2;incomingToEntry_1;incomingToEntry_2;incomingToEntry_3;incomingToEntry_4;incomingToEntry_5;multipleEntryInRegion_M1;multipleEntryInRegion_M2;multipleEntryInRegion_M3;multipleEntryInRegion_M4;multipleEntryInRegion_M5;multipleTransitionFromEntry_M1;multipleTransitionFromEntry_M2;multipleTransitionFromEntry_M3;multipleTransitionFromEntry_M4;noEntryInRegion_M1;noEntryInRegion_M2;noEntryInRegion_M3;noEntryInRegion_M4;noEntryInRegion_M5;noOutgoingTransitionFromEntry_M1;noOutgoingTransitionFromEntry_M2;noOutgoingTransitionFromEntry_M3;noOutgoingTransitionFromEntry_M4;noOutgoingTransitionFromEntry_M5;noStateInRegion_M1;noStateInRegion_M2;noStateInRegion_M3;outgoingFromExit_M1;outgoingFromExit_M2;outgoingFromFinal_M1;outgoingFromFinal_M2;transition_M1;transition_M2;transition_M3;transition_M4
1;18_1.xmi;1;1;1;1;1;1;1;1;1;1;1;1;1;1;1;0;1;0;0;0;0;0;0;0;0;0;0;0;0;0;1;1;1;1;1;1;0;0;0;0;1;1;1;1;0;1;1;1;1;1;1
2;18_2.xmi;1;1;1;0;0;0;0;0;1;0;0;0;0;0;1;1;1;1;0;0;0;1;1;1;1;1;0;1;1;1;1;1;1;1;1;1;1;1;1;1;1;1;1;1;0;1;1;1;1;1;1
3;18_3.xmi;0;0;0;0;0;0;0;0;0;0;0;0;0;0;0;0;0;0;0;0;0;0;0;0;0;0;0;0;0;0;1;1;1;1;1;0;0;0;0;0;1;1;1;0;0;0;0;0;0;0;0
4;18_4.xmi;1;0;1;0;0;0;0;0;1;0;0;0;0;0;1;0;0;0;0;0;0;0;0;0;0;0;0;0;0;0;1;1;1;1;1;1;0;0;0;0;1;1;1;0;0;0;0;0;0;0;0
5;18_5.xmi;1;0;1;0;0;0;0;0;1;0;0;0;0;0;1;1;0;0;0;0;0;0;0;0;0;1;0;0;0;0;1;1;1;1;1;1;1;1;1;1;1;1;1;0;0;0;0;0;0;0;0
6;18_6.xmi;1;0;1;1;1;1;1;1;1;1;1;1;1;1;1;0;0;0;0;0;0;0;0;0;0;0;0;0;0;0;1;1;1;1;1;1;0;0;0;0;1;1;1;0;0;0;0;0;0;0;0
7;18_7.xmi;1;0;1;0;0;0;0;0;1;0;0;0;0;0;1;0;0;0;0;0;0;0;0;0;0;0;0;0;0;0;1;1;1;1;1;1;0;0;0;0;1;1;1;0;0;0;0;0;0;0;0
8;18_8.xmi;1;1;1;0;0;0;0;0;1;0;0;0;0;0;1;0;0;0;0;0;0;0;0;0;0;0;0;0;0;0;1;1;1;1;1;1;0;0;0;0;1;1;1;0;0;0;0;0;0;0;0
9;18_9.xmi;1;1;1;0;0;0;0;0;1;0;0;0;0;0;1;0;0;0;0;0;0;0;0;0;0;0;0;0;0;0;1;1;1;1;1;1;0;0;0;0;1;1;1;0;0;0;0;0;0;0;0
10;18_10.xmi;1;0;1;0;0;0;0;0;1;0;0;0;0;0;1;1;0;0;0;0;0;0;0;0;0;1;0;0;0;0;1;1;1;1;1;1;1;1;1;1;1;1;1;0;0;0;0;0;0;0;0
11;18_11.xmi;1;0;1;1;1;1;1;1;1;1;1;1;1;1;1;0;0;0;0;0;0;0;0;0;0;0;0;0;0;0;1;1;1;1;1;1;0;0;0;0;1;1;1;0;0;0;0;0;0;0;0
12;18_12.xmi;1;0;1;0;0;0;0;0;1;0;0;0;0;0;1;0;0;0;0;0;0;0;0;0;0;0;0;0;0;0;1;1;1;1;1;1;0;0;0;0;1;1;1;0;0;0;0;0;0;0;0
13;18_13.xmi;1;0;1;0;0;0;0;0;1;0;0;0;0;0;1;0;0;0;0;0;0;0;0;0;0;0;0;0;0;0;1;1;1;1;1;1;0;0;0;0;1;1;1;0;0;0;0;0;0;0;0
14;18_14.xmi;1;1;1;0;0;0;0;0;1;0;0;0;0;0;1;0;0;0;0;0;0;0;0;0;0;0;0;0;0;0;1;1;1;1;1;1;0;0;0;0;1;1;1;0;0;0;0;0;0;0;0
15;18_15.xmi;1;1;1;0;0;0;0;0;1;0;0;0;0;0;1;0;0;0;0;0;0;0;0;0;0;0;0;0;0;0;1;1;1;1;1;1;0;0;0;0;1;1;1;0;0;0;0;0;0;0;0
16;18_16.xmi;1;1;1;0;0;0;0;0;1;0;0;0;0;0;1;1;0;0;0;0;0;1;0;1;0;1;0;0;0;0;1;1;1;1;1;1;1;1;1;1;1;1;1;0;0;0;0;0;0;0;0
17;18_17.xmi;1;0;1;0;0;0;0;0;1;0;0;0;0;0;1;1;0;0;0;0;0;1;1;1;1;1;0;0;0;0;1;1;1;1;1;1;1;1;1;1;1;1;1;0;0;0;0;0;0;0;0
18;18_18.xmi;1;0;1;1;1;1;1;1;1;1;1;1;1;1;1;1;0;0;0;0;0;1;0;1;0;1;0;0;0;0;1;1;1;1;1;1;1;1;1;1;1;1;1;0;0;0;0;0;0;0;0
19;18_19.xmi;1;0;1;0;0;0;0;0;1;0;0;0;0;0;1;1;0;0;0;0;0;1;0;1;0;1;0;0;0;0;1;1;1;1;1;1;1;1;1;1;1;1;1;0;0;0;0;0;0;0;0
20;18_20.xmi;1;0;1;1;1;1;1;1;1;1;1;1;1;1;1;0;0;0;0;0;0;0;0;0;0;0;0;0;0;0;1;1;1;1;1;1;0;0;0;0;1;1;1;0;0;0;0;0;0;0;0
21;18_21.xmi;1;0;1;0;0;0;0;0;1;0;0;0;0;0;1;1;0;0;0;0;0;1;0;1;0;1;0;0;0;0;1;1;1;1;1;1;1;1;1;1;1;1;1;0;0;0;0;0;0;0;0
22;18_22.xmi;1;0;1;1;1;1;1;1;1;1;1;1;1;1;1;1;0;0;0;0;0;1;0;1;0;1;0;0;0;0;1;1;1;1;1;1;1;1;1;1;1;1;1;0;0;0;0;0;0;0;0
23;18_23.xmi;1;0;1;1;1;1;1;1;1;1;1;1;1;1;1;0;0;0;0;0;0;0;0;0;0;0;0;0;0;0;1;1;1;1;1;1;0;0;0;0;1;1;1;0;0;0;0;0;0;0;0
24;18_24.xmi;1;0;1;0;0;0;0;0;1;0;0;0;0;0;1;0;0;0;0;0;0;0;0;0;0;0;0;0;0;0;1;1;1;1;1;1;0;0;0;0;1;1;1;0;0;0;0;0;0;0;0
25;18_25.xmi;1;0;1;1;1;1;1;1;1;1;1;1;1;1;1;0;0;0;0;0;0;0;0;0;0;0;0;0;0;0;1;1;1;1;1;1;0;0;0;0;1;1;1;0;0;0;0;0;0;0;0
26;18_26.xmi;1;0;1;1;1;1;1;1;1;1;1;1;1;1;1;0;0;0;0;0;0;0;0;0;0;0;0;0;0;0;1;1;1;1;1;1;0;0;0;0;1;1;1;0;0;0;0;0;0;0;0
27;18_27.xmi;1;0;1;0;0;0;0;0;1;0;0;0;0;0;1;1;0;0;0;0;0;1;0;1;0;1;0;0;0;0;1;1;1;1;1;1;1;1;1;1;1;1;1;0;0;0;0;0;0;0;0
28;18_28.xmi;1;0;1;0;0;0;0;0;1;0;0;0;0;0;1;0;0;0;0;0;0;0;0;0;0;0;0;0;0;0;1;1;1;1;1;1;0;0;0;0;1;1;1;0;0;0;0;0;0;0;0
29;18_29.xmi;1;0;1;0;0;0;0;0;1;0;0;0;0;0;1;0;0;0;0;0;0;0;0;0;0;0;0;0;0;0;1;1;1;1;1;1;0;0;0;0;1;1;1;0;0;0;0;0;0;0;0
30;18_30.xmi;1;0;1;0;0;0;0;0;1;0;0;0;0;0;1;1;0;0;0;0;0;1;0;1;0;1;0;0;0;0;1;1;1;1;1;1;1;1;1;1;1;1;1;0;0;0;0;0;0;0;0
Round no.;File;StateInRegion_M1;StateInRegion_M2;choiceHasNoIncoming_M1;choiceHasNoIncoming_M2;choiceHasNoIncoming_M3;choiceHasNoIncoming_M4;choiceHasNoIncoming_M5;choiceHasNoIncoming_M6;choiceHasNoOutgoing_M1;choiceHasNoOutgoing_M2;choiceHasNoOutgoing_M3;choiceHasNoOutgoing_M4;choiceHasNoOutgoing_M5;choiceHasNoOutgoing_M6;entryInRegion_M1;entryInRegion_M2;incomingToEntry_1;incomingToEntry_2;incomingToEntry_3;incomingToEntry_4;incomingToEntry_5;multipleEntryInRegion_M1;multipleEntryInRegion_M2;multipleEntryInRegion_M3;multipleEntryInRegion_M4;multipleEntryInRegion_M5;multipleTransitionFromEntry_M1;multipleTransitionFromEntry_M2;multipleTransitionFromEntry_M3;multipleTransitionFromEntry_M4;noEntryInRegion_M1;noEntryInRegion_M2;noEntryInRegion_M3;noEntryInRegion_M4;noEntryInRegion_M5;noOutgoingTransitionFromEntry_M1;noOutgoingTransitionFromEntry_M2;noOutgoingTransitionFromEntry_M3;noOutgoingTransitionFromEntry_M4;noOutgoingTransitionFromEntry_M5;noStateInRegion_M1;noStateInRegion_M2;noStateInRegion_M3;outgoingFromExit_M1;outgoingFromExit_M2;outgoingFromFinal_M1;outgoingFromFinal_M2;transition_M1;transition_M2;transition_M3;transition_M4
1;19_1.xmi;1;1;1;0;0;0;0;0;1;0;0;0;0;0;1;1;1;1;1;1;1;1;0;1;0;1;0;0;0;0;1;1;1;1;1;1;1;1;1;1;1;1;1;1;0;1;1;1;1;1;1
2;19_2.xmi;1;1;1;0;0;0;0;0;1;0;0;0;0;0;1;0;0;0;0;0;0;0;0;0;0;0;0;0;0;0;1;1;1;1;1;1;0;0;0;0;1;1;1;0;0;0;0;0;0;0;0
3;19_3.xmi;0;0;0;0;0;0;0;0;0;0;0;0;0;0;0;0;0;0;0;0;0;0;0;0;0;0;0;0;0;0;1;1;1;1;1;0;0;0;0;0;1;1;1;0;0;0;0;0;0;0;0
4;19_4.xmi;1;1;1;0;0;0;0;0;1;0;0;0;0;0;1;0;0;0;0;0;0;0;0;0;0;0;0;0;0;0;1;1;1;1;1;1;0;0;0;0;0;0;1;0;0;0;0;0;0;0;0
5;19_5.xmi;1;0;1;0;0;0;0;0;1;0;0;0;0;0;1;1;0;0;0;0;0;0;0;0;0;1;0;0;0;0;1;1;1;1;1;1;1;1;1;1;1;1;1;0;0;0;0;0;0;0;0
6;19_6.xmi;1;0;1;1;1;1;1;1;1;1;1;1;1;1;1;0;0;0;0;0;0;0;0;0;0;0;0;0;0;0;1;1;1;1;1;1;0;0;0;0;1;1;1;0;0;0;0;0;0;0;0
7;19_7.xmi;1;0;1;0;0;0;0;0;1;0;0;0;0;0;1;0;0;0;0;0;0;0;0;0;0;0;0;0;0;0;1;1;1;1;1;1;0;0;0;0;1;1;1;0;0;0;0;0;0;0;0
8;19_8.xmi;1;0;1;0;0;0;0;0;1;0;0;0;0;0;1;0;0;0;0;0;0;0;0;0;0;0;0;0;0;0;1;1;1;1;1;1;0;0;0;0;1;1;1;0;0;0;0;0;0;0;0
9;19_9.xmi;1;1;1;0;0;0;0;0;1;0;0;0;0;0;1;0;0;0;0;0;0;0;0;0;0;0;0;0;0;0;1;1;1;1;1;1;0;0;0;0;1;1;1;0;0;0;0;0;0;0;0
10;19_10.xmi;1;1;1;0;0;0;0;0;1;0;0;0;0;0;1;0;0;0;0;0;0;0;0;0;0;0;0;0;0;0;1;1;1;1;1;1;0;0;0;0;1;1;1;0;0;0;0;0;0;0;0
11;19_11.xmi;1;0;1;0;0;0;0;0;1;0;0;0;0;0;1;1;0;0;0;0;0;0;0;0;0;1;0;0;0;0;1;1;1;1;1;1;1;1;1;1;1;1;1;0;0;0;0;0;0;0;0
12;19_12.xmi;1;0;1;1;1;1;1;1;1;1;1;1;1;1;1;0;0;0;0;0;0;0;0;0;0;0;0;0;0;0;1;1;1;1;1;1;0;0;0;0;1;1;1;0;0;0;0;0;0;0;0
13;19_13.xmi;1;0;1;0;0;0;0;0;1;0;0;0;0;0;1;0;0;0;0;0;0;0;0;0;0;0;0;0;0;0;1;1;1;1;1;1;0;0;0;0;1;1;1;0;0;0;0;0;0;0;0
14;19_14.xmi;1;0;1;0;0;0;0;0;1;0;0;0;0;0;1;0;0;0;0;0;0;0;0;0;0;0;0;0;0;0;1;1;1;1;1;1;0;0;0;0;1;1;1;0;0;0;0;0;0;0;0
15;19_15.xmi;1;1;1;0;0;0;0;0;1;0;0;0;0;0;1;0;0;0;0;0;0;0;0;0;0;0;0;0;0;0;1;1;1;1;1;1;0;0;0;0;1;1;1;0;0;0;0;0;0;0;0
16;19_16.xmi;1;1;1;0;0;0;0;0;1;0;0;0;0;0;1;0;0;0;0;0;0;0;0;0;0;0;0;0;0;0;1;1;1;1;1;1;0;0;0;0;1;1;1;0;0;0;0;0;0;0;0
17;19_17.xmi;1;1;1;0;0;0;0;0;1;0;0;0;0;0;1;1;0;0;0;0;0;1;0;1;0;1;0;0;0;0;1;1;1;1;1;1;1;1;1;1;1;1;1;0;0;0;0;0;0;0;0
18;19_18.xmi;1;0;1;0;0;0;0;0;1;0;0;0;0;0;1;1;0;0;0;0;0;1;1;1;1;1;0;0;0;0;1;1;1;1;1;1;1;1;1;1;1;1;1;0;0;0;0;0;0;0;0
19;19_19.xmi;1;0;1;1;1;1;1;1;1;1;1;1;1;1;1;1;0;0;0;0;0;1;0;1;0;1;0;0;0;0;1;1;1;1;1;1;1;1;1;1;1;1;1;0;0;0;0;0;0;0;0
20;19_20.xmi;1;0;1;0;0;0;0;0;1;0;0;0;0;0;1;1;0;0;0;0;0;1;0;1;0;1;0;0;0;0;1;1;1;1;1;1;1;1;1;1;1;1;1;0;0;0;0;0;0;0;0
21;19_21.xmi;1;0;1;1;1;1;1;1;1;1;1;1;1;1;1;0;0;0;0;0;0;0;0;0;0;0;0;0;0;0;1;1;1;1;1;1;0;0;0;0;1;1;1;0;0;0;0;0;0;0;0
22;19_22.xmi;1;0;1;0;0;0;0;0;1;0;0;0;0;0;1;1;0;0;0;0;0;1;0;1;0;1;0;0;0;0;1;1;1;1;1;1;1;1;1;1;1;1;1;0;0;0;0;0;0;0;0
23;19_23.xmi;1;0;1;1;1;1;1;1;1;1;1;1;1;1;1;1;0;0;0;0;0;1;0;1;0;1;0;0;0;0;1;1;1;1;1;1;1;1;1;1;1;1;1;0;0;0;0;0;0;0;0
24;19_24.xmi;1;0;1;1;1;1;1;1;1;1;1;1;1;1;1;0;0;0;0;0;0;0;0;0;0;0;0;0;0;0;1;1;1;1;1;1;0;0;0;0;1;1;1;0;0;0;0;0;0;0;0
25;19_25.xmi;1;0;1;0;0;0;0;0;1;0;0;0;0;0;1;0;0;0;0;0;0;0;0;0;0;0;0;0;0;0;1;1;1;1;1;1;0;0;0;0;1;1;1;0;0;0;0;0;0;0;0
26;19_26.xmi;1;0;1;1;1;1;1;1;1;1;1;1;1;1;1;0;0;0;0;0;0;0;0;0;0;0;0;0;0;0;1;1;1;1;1;1;0;0;0;0;1;1;1;0;0;0;0;0;0;0;0
27;19_27.xmi;1;0;1;1;1;1;1;1;1;1;1;1;1;1;1;0;0;0;0;0;0;0;0;0;0;0;0;0;0;0;1;1;1;1;1;1;0;0;0;0;1;1;1;0;0;0;0;0;0;0;0
28;19_28.xmi;1;0;1;0;0;0;0;0;1;0;0;0;0;0;1;1;0;0;0;0;0;1;0;1;0;1;0;0;0;0;1;1;1;1;1;1;1;1;1;1;1;1;1;0;0;0;0;0;0;0;0
29;19_29.xmi;1;0;1;0;0;0;0;0;1;0;0;0;0;0;1;0;0;0;0;0;0;0;0;0;0;0;0;0;0;0;1;1;1;1;1;1;0;0;0;0;1;1;1;0;0;0;0;0;0;0;0
30;19_30.xmi;1;0;1;0;0;0;0;0;1;0;0;0;0;0;1;0;0;0;0;0;0;0;0;0;0;0;0;0;0;0;1;1;1;1;1;1;0;0;0;0;1;1;1;0;0;0;0;0;0;0;0
Round no.;File;StateInRegion_M1;StateInRegion_M2;choiceHasNoIncoming_M1;choiceHasNoIncoming_M2;choiceHasNoIncoming_M3;choiceHasNoIncoming_M4;choiceHasNoIncoming_M5;choiceHasNoIncoming_M6;choiceHasNoOutgoing_M1;choiceHasNoOutgoing_M2;choiceHasNoOutgoing_M3;choiceHasNoOutgoing_M4;choiceHasNoOutgoing_M5;choiceHasNoOutgoing_M6;entryInRegion_M1;entryInRegion_M2;incomingToEntry_1;incomingToEntry_2;incomingToEntry_3;incomingToEntry_4;incomingToEntry_5;multipleEntryInRegion_M1;multipleEntryInRegion_M2;multipleEntryInRegion_M3;multipleEntryInRegion_M4;multipleEntryInRegion_M5;multipleTransitionFromEntry_M1;multipleTransitionFromEntry_M2;multipleTransitionFromEntry_M3;multipleTransitionFromEntry_M4;noEntryInRegion_M1;noEntryInRegion_M2;noEntryInRegion_M3;noEntryInRegion_M4;noEntryInRegion_M5;noOutgoingTransitionFromEntry_M1;noOutgoingTransitionFromEntry_M2;noOutgoingTransitionFromEntry_M3;noOutgoingTransitionFromEntry_M4;noOutgoingTransitionFromEntry_M5;noStateInRegion_M1;noStateInRegion_M2;noStateInRegion_M3;outgoingFromExit_M1;outgoingFromExit_M2;outgoingFromFinal_M1;outgoingFromFinal_M2;transition_M1;transition_M2;transition_M3;transition_M4
1;20_1.xmi;1;1;1;0;0;0;0;0;1;0;0;0;0;0;1;1;1;1;0;0;0;1;0;1;0;1;0;0;0;0;1;1;1;1;1;1;1;1;1;1;1;1;1;1;0;1;1;1;1;1;1
2;20_2.xmi;1;1;1;0;0;0;0;0;1;0;0;0;0;0;1;0;1;0;0;0;0;0;0;0;0;0;0;0;0;0;1;1;1;1;1;1;0;0;0;0;1;1;1;1;0;1;1;1;1;1;1
3;20_3.xmi;0;0;0;0;0;0;0;0;0;0;0;0;0;0;0;0;0;0;0;0;0;0;0;0;0;0;0;0;0;0;1;1;1;1;1;0;0;0;0;0;1;1;1;0;0;0;0;0;0;0;0
4;20_4.xmi;1;0;1;0;0;0;0;0;1;0;0;0;0;0;1;0;0;0;0;0;0;0;0;0;0;0;0;0;0;0;1;1;1;1;1;1;0;0;0;0;1;1;1;0;0;0;0;0;0;0;0
5;20_5.xmi;1;0;1;0;0;0;0;0;1;0;0;0;0;0;1;1;0;0;0;0;0;0;0;0;0;1;0;0;0;0;1;1;1;1;1;1;1;1;1;1;1;1;1;0;0;0;0;0;0;0;0
6;20_6.xmi;1;0;1;1;1;1;1;1;1;1;1;1;1;1;1;0;0;0;0;0;0;0;0;0;0;0;0;0;0;0;1;1;1;1;1;1;0;0;0;0;1;1;1;0;0;0;0;0;0;0;0
7;20_7.xmi;1;0;1;0;0;0;0;0;1;0;0;0;0;0;1;0;0;0;0;0;0;0;0;0;0;0;0;0;0;0;1;1;1;1;1;1;0;0;0;0;1;1;1;0;0;0;0;0;0;0;0
8;20_8.xmi;1;1;1;0;0;0;0;0;1;0;0;0;0;0;1;0;0;0;0;0;0;0;0;0;0;0;0;0;0;0;1;1;1;1;1;1;0;0;0;0;1;1;1;0;0;0;0;0;0;0;0
9;20_9.xmi;1;1;1;0;0;0;0;0;1;0;0;0;0;0;1;0;0;0;0;0;0;0;0;0;0;0;0;0;0;0;1;1;1;1;1;1;0;0;0;0;1;1;1;0;0;0;0;0;0;0;0
10;20_10.xmi;1;0;1;0;0;0;0;0;1;0;0;0;0;0;1;1;0;0;0;0;0;0;0;0;0;1;0;0;0;0;1;1;1;1;1;1;1;1;1;1;1;1;1;0;0;0;0;0;0;0;0
11;20_11.xmi;1;0;1;1;1;1;1;1;1;1;1;1;1;1;1;0;0;0;0;0;0;0;0;0;0;0;0;0;0;0;1;1;1;1;1;1;0;0;0;0;1;1;1;0;0;0;0;0;0;0;0
12;20_12.xmi;1;0;1;0;0;0;0;0;1;0;0;0;0;0;1;0;0;0;0;0;0;0;0;0;0;0;0;0;0;0;1;1;1;1;1;1;0;0;0;0;1;1;1;0;0;0;0;0;0;0;0
13;20_13.xmi;1;0;1;0;0;0;0;0;1;0;0;0;0;0;1;0;0;0;0;0;0;0;0;0;0;0;0;0;0;0;1;1;1;1;1;1;0;0;0;0;1;1;1;0;0;0;0;0;0;0;0
14;20_14.xmi;1;1;1;0;0;0;0;0;1;0;0;0;0;0;1;0;0;0;0;0;0;0;0;0;0;0;0;0;0;0;1;1;1;1;1;1;0;0;0;0;1;1;1;0;0;0;0;0;0;0;0
15;20_15.xmi;1;1;1;0;0;0;0;0;1;0;0;0;0;0;1;0;0;0;0;0;0;0;0;0;0;0;0;0;0;0;1;1;1;1;1;1;0;0;0;0;1;1;1;0;0;0;0;0;0;0;0
16;20_16.xmi;1;0;1;0;0;0;0;0;1;0;0;0;0;0;1;1;0;0;0;0;0;1;1;1;1;1;0;0;0;0;1;1;1;1;1;1;1;1;1;1;1;1;1;0;0;0;0;0;0;0;0
17;20_17.xmi;1;0;1;1;1;1;1;1;1;1;1;1;1;1;1;1;0;0;0;0;0;1;0;1;0;1;0;0;0;0;1;1;1;1;1;1;1;1;1;1;1;1;1;0;0;0;0;0;0;0;0
18;20_18.xmi;1;0;1;0;0;0;0;0;1;0;0;0;0;0;1;1;0;0;0;0;0;1;0;1;0;1;0;0;0;0;1;1;1;1;1;1;1;1;1;1;1;1;1;0;0;0;0;0;0;0;0
19;20_19.xmi;1;0;1;1;1;1;1;1;1;1;1;1;1;1;1;0;0;0;0;0;0;0;0;0;0;0;0;0;0;0;1;1;1;1;1;1;0;0;0;0;1;1;1;0;0;0;0;0;0;0;0
20;20_20.xmi;1;0;1;0;0;0;0;0;1;0;0;0;0;0;1;1;0;0;0;0;0;1;0;1;0;1;0;0;0;0;1;1;1;1;1;1;1;1;1;1;1;1;1;0;0;0;0;0;0;0;0
21;20_21.xmi;1;0;1;1;1;1;1;1;1;1;1;1;1;1;1;1;0;0;0;0;0;1;0;1;0;1;0;0;0;0;1;1;1;1;1;1;1;1;1;1;1;1;1;0;0;0;0;0;0;0;0
22;20_22.xmi;1;0;1;1;1;1;1;1;1;1;1;1;1;1;1;0;0;0;0;0;0;0;0;0;0;0;0;0;0;0;1;1;1;1;1;1;0;0;0;0;1;1;1;0;0;0;0;0;0;0;0
23;20_23.xmi;1;0;1;0;0;0;0;0;1;0;0;0;0;0;1;0;0;0;0;0;0;0;0;0;0;0;0;0;0;0;1;1;1;1;1;1;0;0;0;0;1;1;1;0;0;0;0;0;0;0;0
24;20_24.xmi;1;0;1;1;1;1;1;1;1;1;1;1;1;1;1;0;0;0;0;0;0;0;0;0;0;0;0;0;0;0;1;1;1;1;1;1;0;0;0;0;1;1;1;0;0;0;0;0;0;0;0
25;20_25.xmi;1;0;1;1;1;1;1;1;1;1;1;1;1;1;1;0;0;0;0;0;0;0;0;0;0;0;0;0;0;0;1;1;1;1;1;1;0;0;0;0;1;1;1;0;0;0;0;0;0;0;0
26;20_26.xmi;1;0;1;0;0;0;0;0;1;0;0;0;0;0;1;1;0;0;0;0;0;1;0;1;0;1;0;0;0;0;1;1;1;1;1;1;1;1;1;1;1;1;1;0;0;0;0;0;0;0;0
27;20_27.xmi;1;0;1;0;0;0;0;0;1;0;0;0;0;0;1;0;0;0;0;0;0;0;0;0;0;0;0;0;0;0;1;1;1;1;1;1;0;0;0;0;1;1;1;0;0;0;0;0;0;0;0
28;20_28.xmi;1;0;1;0;0;0;0;0;1;0;0;0;0;0;1;0;0;0;0;0;0;0;0;0;0;0;0;0;0;0;1;1;1;1;1;1;0;0;0;0;1;1;1;0;0;0;0;0;0;0;0
29;20_29.xmi;1;0;1;0;0;0;0;0;1;0;0;0;0;0;1;1;0;0;0;0;0;1;0;1;0;1;0;0;0;0;1;1;1;1;1;1;1;1;1;1;1;1;1;0;0;0;0;0;0;0;0
30;20_30.xmi;1;0;1;1;1;1;1;1;1;1;1;1;1;1;1;0;0;0;0;0;0;0;0;0;0;0;0;0;0;0;1;1;1;1;1;1;0;0;0;0;1;1;1;0;0;0;0;0;0;0;0
