Round no.;File;StateInRegion_M1;StateInRegion_M2;choiceHasNoIncoming_M1;choiceHasNoIncoming_M2;choiceHasNoIncoming_M3;choiceHasNoIncoming_M4;choiceHasNoIncoming_M5;choiceHasNoIncoming_M6;choiceHasNoOutgoing_M1;choiceHasNoOutgoing_M2;choiceHasNoOutgoing_M3;choiceHasNoOutgoing_M4;choiceHasNoOutgoing_M5;choiceHasNoOutgoing_M6;entryInRegion_M1;entryInRegion_M2;incomingToEntry_1;incomingToEntry_2;incomingToEntry_3;incomingToEntry_4;incomingToEntry_5;multipleEntryInRegion_M1;multipleEntryInRegion_M2;multipleEntryInRegion_M3;multipleEntryInRegion_M4;multipleEntryInRegion_M5;multipleTransitionFromEntry_M1;multipleTransitionFromEntry_M2;multipleTransitionFromEntry_M3;multipleTransitionFromEntry_M4;noEntryInRegion_M1;noEntryInRegion_M2;noEntryInRegion_M3;noEntryInRegion_M4;noEntryInRegion_M5;noOutgoingTransitionFromEntry_M1;noOutgoingTransitionFromEntry_M2;noOutgoingTransitionFromEntry_M3;noOutgoingTransitionFromEntry_M4;noOutgoingTransitionFromEntry_M5;noStateInRegion_M1;noStateInRegion_M2;noStateInRegion_M3;outgoingFromExit_M1;outgoingFromExit_M2;outgoingFromFinal_M1;outgoingFromFinal_M2;transition_M1;transition_M2;transition_M3;transition_M4
1;result0_30.xmi;1;1;1;1;1;1;1;1;1;1;1;1;1;1;1;1;1;1;1;1;1;1;1;1;1;1;0;0;0;0;1;1;1;1;1;1;1;1;1;1;1;1;1;1;1;1;1;1;1;1;1
2;result1_30.xmi;1;1;1;0;0;0;0;1;1;0;0;0;0;1;1;1;1;1;1;1;1;1;1;1;1;1;0;0;0;0;1;1;1;1;1;1;1;1;1;1;1;1;1;1;0;1;1;1;1;1;1
3;result2_30.xmi;0;0;0;0;0;0;0;0;0;0;0;0;0;0;0;1;1;1;1;1;1;0;0;0;0;0;1;1;1;1;1;1;1;1;1;0;0;0;0;0;1;1;1;1;1;1;1;1;1;1;1
4;result3_30.xmi;1;1;1;0;0;0;0;1;1;1;1;1;1;1;1;1;1;1;1;1;1;1;0;1;0;1;0;0;0;0;1;1;1;1;1;1;1;1;1;1;1;1;1;1;1;1;1;1;1;1;1
5;result4_30.xmi;1;1;1;0;0;0;0;1;1;0;0;0;0;1;1;1;1;1;1;1;1;1;1;1;1;1;1;1;1;1;0;0;1;1;1;1;1;1;1;1;0;0;1;1;1;1;1;1;1;1;1
6;result5_30.xmi;1;1;1;1;1;1;1;1;1;0;0;0;0;1;1;1;1;1;0;0;0;0;0;0;0;0;1;1;1;1;1;1;1;1;1;1;0;0;0;0;1;1;1;1;1;1;1;1;1;1;1
7;result6_30.xmi;1;1;1;1;1;1;1;1;1;1;1;1;1;1;1;1;1;1;1;1;1;1;1;1;1;1;1;1;1;1;0;0;1;1;1;1;1;1;1;1;0;0;1;1;1;1;0;1;1;1;1
8;result7_30.xmi;1;0;0;0;0;0;0;1;1;1;1;1;1;1;1;1;1;1;1;1;1;1;1;1;1;1;1;1;1;1;0;0;1;1;1;1;1;1;1;1;1;1;1;1;0;1;1;1;1;1;1
9;result8_30.xmi;1;1;1;0;0;0;0;1;1;1;1;1;1;1;1;1;1;1;1;1;1;1;0;1;0;1;1;1;1;1;1;1;1;1;1;1;0;0;0;0;1;1;1;1;1;1;0;1;1;1;1
10;result9_30.xmi;1;1;1;1;1;1;1;1;1;0;0;0;0;1;1;0;1;0;0;0;0;0;0;0;0;0;0;0;0;0;1;1;1;1;1;1;0;0;0;0;1;1;1;1;1;1;1;1;1;1;1
11;result10_30.xmi;1;0;1;0;0;0;0;1;1;1;1;1;1;1;1;1;1;1;1;1;1;1;0;1;0;1;0;0;0;0;0;0;1;1;1;1;1;1;1;1;1;1;1;1;1;1;1;1;1;1;1
12;result11_30.xmi;1;1;1;1;1;1;1;1;1;0;0;0;0;1;1;1;1;1;1;1;1;1;0;1;0;1;1;1;1;1;1;1;1;1;1;1;0;0;0;0;1;1;1;1;1;1;1;1;1;1;1
13;result12_30.xmi;1;1;1;1;1;1;1;1;1;1;1;1;1;1;1;1;1;1;1;1;1;1;1;1;1;1;0;0;0;0;1;1;1;1;1;1;1;1;1;1;1;1;1;1;1;1;1;1;1;1;1
14;result13_30.xmi;1;0;1;0;0;0;0;1;1;1;1;1;1;1;1;1;1;1;1;1;1;1;0;1;0;1;0;0;0;0;1;1;1;1;1;1;1;1;1;1;1;1;1;1;1;1;1;1;1;1;1
15;result14_30.xmi;1;1;0;0;0;0;0;1;1;1;1;1;1;1;1;1;1;1;1;1;1;1;1;1;1;1;0;0;0;0;1;1;1;1;1;1;1;1;1;1;1;1;1;1;0;1;1;1;1;1;1
16;result15_30.xmi;1;0;1;0;0;0;0;1;1;1;1;1;1;1;1;1;1;1;1;1;1;1;1;1;1;1;1;1;1;1;1;1;1;1;1;1;1;1;1;1;1;1;1;1;0;1;1;1;1;1;1
17;result16_30.xmi;1;1;1;0;0;0;0;0;1;0;0;0;0;0;1;1;1;1;1;1;1;1;1;1;1;1;1;1;1;1;1;1;1;1;1;1;1;1;1;1;1;1;1;1;1;1;1;1;1;1;1
18;result17_30.xmi;1;1;1;1;1;1;1;1;1;0;0;0;0;1;1;1;1;1;1;1;1;1;0;1;0;1;0;0;0;0;1;1;1;1;1;1;1;1;1;1;1;1;1;1;1;1;1;1;1;1;1
19;result18_30.xmi;0;0;0;0;0;0;0;1;0;0;0;0;0;1;0;0;1;0;0;0;0;0;0;0;0;0;0;0;0;0;0;0;0;0;0;0;0;0;0;0;0;0;0;1;0;1;1;1;1;1;1
20;result19_30.xmi;1;1;1;0;0;0;0;0;1;0;0;0;0;0;1;1;1;1;0;0;0;1;0;1;0;1;1;1;1;1;1;1;1;1;1;1;0;0;0;0;1;1;1;1;1;1;1;1;1;1;1
21;result20_30.xmi;1;1;1;0;0;0;0;1;1;0;0;0;0;1;1;1;1;1;1;1;1;1;1;1;1;1;1;1;1;1;0;0;1;1;1;1;1;1;1;1;0;0;1;1;0;1;1;1;1;1;1
22;result21_30.xmi;1;0;1;1;1;1;1;1;1;1;1;1;1;1;1;1;1;1;1;1;1;1;0;1;0;1;0;0;0;0;1;1;1;1;1;1;1;1;1;1;1;1;1;1;1;1;1;1;1;1;1
23;result22_30.xmi;1;1;1;1;1;1;1;1;1;0;0;0;0;1;1;0;1;0;0;0;0;0;0;0;0;0;0;0;0;0;1;1;1;1;1;1;0;0;0;0;0;0;1;1;1;1;1;1;1;1;1
24;result23_30.xmi;1;0;1;1;1;1;1;1;1;0;0;0;0;1;1;1;1;1;1;1;1;1;0;1;0;1;0;0;0;0;0;0;1;1;1;1;1;1;1;1;1;1;1;1;1;1;1;1;1;1;1
25;result24_30.xmi;1;1;1;0;0;0;0;1;1;1;1;1;1;1;1;0;1;0;0;0;0;0;0;0;0;0;0;0;0;0;1;1;1;1;1;1;0;0;0;0;1;1;1;1;1;1;1;1;1;1;1
26;result25_30.xmi;1;1;1;0;0;0;0;1;1;1;1;1;1;1;1;1;1;1;1;1;1;1;1;1;1;1;1;1;1;1;1;1;1;1;1;1;1;1;1;1;1;1;1;1;1;1;0;1;1;1;1
27;result26_30.xmi;0;0;0;0;0;0;0;1;0;0;0;0;0;1;0;0;1;1;1;1;1;0;0;0;0;0;1;1;1;1;0;0;0;0;0;0;0;0;0;0;0;0;0;1;0;1;0;1;1;1;1
28;result27_30.xmi;0;0;0;0;0;0;0;1;0;0;0;0;0;1;0;0;1;1;1;1;1;0;0;0;0;0;1;1;1;1;0;0;0;0;0;0;0;0;0;0;0;0;0;1;0;1;1;1;1;1;1
29;result28_30.xmi;1;1;1;0;0;0;0;1;1;1;1;1;1;1;1;1;1;1;1;1;1;1;0;1;0;1;1;1;1;1;0;0;1;1;1;1;0;0;0;0;0;0;1;1;1;1;0;1;1;1;1
30;result29_30.xmi;1;1;0;0;0;0;0;0;1;0;0;0;0;0;1;1;1;1;1;1;1;1;1;1;1;1;1;1;1;1;0;0;1;1;1;1;0;0;0;0;0;0;1;1;1;1;1;1;1;1;1
Round no.;File;StateInRegion_M1;StateInRegion_M2;choiceHasNoIncoming_M1;choiceHasNoIncoming_M2;choiceHasNoIncoming_M3;choiceHasNoIncoming_M4;choiceHasNoIncoming_M5;choiceHasNoIncoming_M6;choiceHasNoOutgoing_M1;choiceHasNoOutgoing_M2;choiceHasNoOutgoing_M3;choiceHasNoOutgoing_M4;choiceHasNoOutgoing_M5;choiceHasNoOutgoing_M6;entryInRegion_M1;entryInRegion_M2;incomingToEntry_1;incomingToEntry_2;incomingToEntry_3;incomingToEntry_4;incomingToEntry_5;multipleEntryInRegion_M1;multipleEntryInRegion_M2;multipleEntryInRegion_M3;multipleEntryInRegion_M4;multipleEntryInRegion_M5;multipleTransitionFromEntry_M1;multipleTransitionFromEntry_M2;multipleTransitionFromEntry_M3;multipleTransitionFromEntry_M4;noEntryInRegion_M1;noEntryInRegion_M2;noEntryInRegion_M3;noEntryInRegion_M4;noEntryInRegion_M5;noOutgoingTransitionFromEntry_M1;noOutgoingTransitionFromEntry_M2;noOutgoingTransitionFromEntry_M3;noOutgoingTransitionFromEntry_M4;noOutgoingTransitionFromEntry_M5;noStateInRegion_M1;noStateInRegion_M2;noStateInRegion_M3;outgoingFromExit_M1;outgoingFromExit_M2;outgoingFromFinal_M1;outgoingFromFinal_M2;transition_M1;transition_M2;transition_M3;transition_M4
1;result0_30.xmi;1;1;1;0;0;0;0;1;1;1;1;1;1;1;1;1;1;1;0;0;0;1;1;1;1;1;1;1;1;1;1;1;1;1;1;1;0;0;0;0;1;1;1;1;0;1;0;1;1;1;1
2;result1_30.xmi;1;1;1;0;0;0;0;1;1;1;1;1;1;1;1;1;1;1;0;0;0;0;0;0;0;0;1;1;1;1;1;1;1;1;1;1;0;0;0;0;1;1;1;1;1;1;1;1;1;1;1
3;result2_30.xmi;1;1;1;1;1;1;1;1;1;1;1;1;1;1;1;1;1;1;1;1;1;1;0;1;0;1;0;0;0;0;1;1;1;1;1;1;1;1;1;1;1;1;1;1;1;1;1;1;1;1;1
4;result3_30.xmi;1;1;1;1;1;1;1;1;1;1;1;1;1;1;1;1;1;1;1;1;1;1;1;1;1;1;1;1;1;1;0;0;1;1;1;1;1;1;1;1;0;0;1;1;0;1;0;1;1;1;1
5;result4_30.xmi;1;1;1;0;0;0;0;1;1;1;1;1;1;1;1;1;1;1;1;1;1;1;1;1;1;1;1;1;1;1;0;0;1;1;1;1;1;1;1;1;0;0;1;1;1;1;0;1;1;1;1
6;result5_30.xmi;0;0;0;0;0;0;0;0;0;0;0;0;0;0;0;0;1;0;0;0;0;0;0;0;0;0;0;0;0;0;0;0;0;0;0;0;0;0;0;0;0;0;0;1;1;1;1;1;1;1;1
7;result6_30.xmi;0;0;0;0;0;0;0;0;0;0;0;0;0;0;0;0;1;1;1;1;1;0;0;0;0;0;1;1;1;1;0;0;0;0;0;0;0;0;0;0;0;0;0;1;1;1;1;1;1;1;1
8;result7_30.xmi;1;1;1;0;0;0;0;1;1;1;1;1;1;1;1;0;1;0;0;0;0;0;0;0;0;0;0;0;0;0;1;1;1;1;1;1;0;0;0;0;1;1;1;1;0;1;1;1;1;1;1
9;result8_30.xmi;0;0;0;0;0;0;0;1;0;0;0;0;0;1;0;0;1;0;0;0;0;0;0;0;0;0;0;0;0;0;0;0;0;0;0;0;0;0;0;0;0;0;0;1;1;1;1;1;1;1;1
10;result9_30.xmi;1;1;1;1;1;1;1;1;1;1;1;1;1;1;1;1;1;1;1;1;1;1;0;1;0;1;0;0;0;0;1;1;1;1;1;1;1;1;1;1;1;1;1;1;0;1;1;1;1;1;1
11;result10_30.xmi;1;1;1;1;1;1;1;1;1;1;1;1;1;1;1;1;1;1;1;1;1;1;1;1;1;1;1;1;1;1;1;1;1;1;1;1;1;1;1;1;1;1;1;1;1;1;1;1;1;1;1
12;result11_30.xmi;1;1;1;0;0;0;0;1;1;1;1;1;1;1;1;0;1;0;0;0;0;0;0;0;0;0;0;0;0;0;1;1;1;1;1;1;0;0;0;0;1;1;1;1;1;1;0;1;1;1;1
13;result12_30.xmi;1;1;1;1;1;1;1;1;1;1;1;1;1;1;1;1;1;1;1;1;1;1;1;1;1;1;1;1;1;1;1;1;1;1;1;1;1;1;1;1;1;1;1;1;0;1;1;1;1;1;1
14;result13_30.xmi;1;1;0;0;0;0;0;1;1;0;0;0;0;1;1;1;1;1;1;1;1;1;1;1;1;1;1;1;1;1;0;0;1;1;1;1;1;1;1;1;0;0;1;1;1;1;1;1;1;1;1
15;result14_30.xmi;1;1;1;1;1;1;1;1;1;1;1;1;1;1;1;0;1;0;0;0;0;0;0;0;0;0;0;0;0;0;1;1;1;1;1;1;0;0;0;0;1;1;1;1;0;1;1;1;1;1;1
16;result15_30.xmi;1;0;1;0;0;0;0;1;1;0;0;0;0;1;1;1;1;1;1;1;1;1;0;1;0;1;1;1;1;1;1;1;1;1;1;1;0;0;0;0;1;1;1;1;1;1;1;1;1;1;1
17;result16_30.xmi;0;0;0;0;0;0;0;1;0;0;0;0;0;1;0;0;1;0;0;0;0;0;0;0;0;0;0;0;0;0;0;0;0;0;0;0;0;0;0;0;0;0;0;1;0;1;0;1;1;1;1
18;result17_30.xmi;1;1;1;0;0;0;0;1;1;1;1;1;1;1;1;1;1;1;1;1;1;1;1;1;1;1;0;0;0;0;1;1;1;1;1;1;1;1;1;1;1;1;1;1;1;1;1;1;1;1;1
19;result18_30.xmi;1;1;1;0;0;0;0;1;1;1;1;1;1;1;1;1;1;1;1;1;1;1;1;1;1;1;1;1;1;1;1;1;1;1;1;1;1;1;1;1;1;1;1;1;1;1;1;1;1;1;1
20;result19_30.xmi;1;0;1;0;0;0;0;1;1;1;1;1;1;1;1;1;1;1;1;1;1;1;1;1;1;1;1;1;1;1;1;1;1;1;1;1;1;1;1;1;1;1;1;1;0;1;1;1;1;1;1
21;result20_30.xmi;1;1;1;0;0;0;0;1;1;1;1;1;1;1;1;0;1;0;0;0;0;0;0;0;0;0;0;0;0;0;1;1;1;1;1;1;0;0;0;0;1;1;1;1;1;1;1;1;1;1;1
22;result21_30.xmi;1;1;1;0;0;0;0;1;1;1;1;1;1;1;1;1;1;1;1;1;1;1;1;1;1;1;0;0;0;0;1;1;1;1;1;1;1;1;1;1;1;1;1;1;1;1;0;1;1;1;1
23;result22_30.xmi;1;0;1;1;1;1;1;1;1;1;1;1;1;1;1;1;1;1;1;1;1;1;1;1;1;1;0;0;0;0;1;1;1;1;1;1;1;1;1;1;1;1;1;1;0;1;1;1;1;1;1
24;result23_30.xmi;1;1;1;1;1;1;1;1;1;1;1;1;1;1;1;1;1;1;1;1;1;1;1;1;1;1;1;1;1;1;1;1;1;1;1;1;1;1;1;1;1;1;1;1;1;1;1;1;1;1;1
25;result24_30.xmi;1;1;1;1;1;1;1;1;1;1;1;1;1;1;1;1;1;1;1;1;1;1;1;1;1;1;0;0;0;0;1;1;1;1;1;1;1;1;1;1;1;1;1;1;1;1;1;1;1;1;1
26;result25_30.xmi;1;1;1;0;0;0;0;1;1;1;1;1;1;1;1;0;1;0;0;0;0;0;0;0;0;0;0;0;0;0;1;1;1;1;1;1;0;0;0;0;1;1;1;1;1;1;1;1;1;1;1
27;result26_30.xmi;0;0;0;0;0;0;0;0;1;0;0;0;0;0;0;0;1;1;1;1;1;0;0;0;0;0;1;1;1;1;0;0;0;0;0;1;0;0;0;0;0;0;0;1;1;1;1;1;1;1;1
28;result27_30.xmi;1;1;1;1;1;1;1;1;1;1;1;1;1;1;1;1;1;1;1;1;1;1;1;1;1;1;1;1;1;1;0;0;1;1;1;1;1;1;1;1;0;0;1;1;1;1;1;1;1;1;1
29;result28_30.xmi;1;1;1;1;1;1;1;1;1;0;0;0;0;1;1;1;1;1;1;1;1;1;0;1;0;1;0;0;0;0;1;1;1;1;1;1;1;1;1;1;1;1;1;1;1;1;1;1;1;1;1
30;result29_30.xmi;1;1;1;1;1;1;1;1;1;0;0;0;0;1;1;1;1;1;1;1;1;1;1;1;1;1;0;0;0;0;1;1;1;1;1;1;1;1;1;1;1;1;1;1;1;1;1;1;1;1;1
Round no.;File;StateInRegion_M1;StateInRegion_M2;choiceHasNoIncoming_M1;choiceHasNoIncoming_M2;choiceHasNoIncoming_M3;choiceHasNoIncoming_M4;choiceHasNoIncoming_M5;choiceHasNoIncoming_M6;choiceHasNoOutgoing_M1;choiceHasNoOutgoing_M2;choiceHasNoOutgoing_M3;choiceHasNoOutgoing_M4;choiceHasNoOutgoing_M5;choiceHasNoOutgoing_M6;entryInRegion_M1;entryInRegion_M2;incomingToEntry_1;incomingToEntry_2;incomingToEntry_3;incomingToEntry_4;incomingToEntry_5;multipleEntryInRegion_M1;multipleEntryInRegion_M2;multipleEntryInRegion_M3;multipleEntryInRegion_M4;multipleEntryInRegion_M5;multipleTransitionFromEntry_M1;multipleTransitionFromEntry_M2;multipleTransitionFromEntry_M3;multipleTransitionFromEntry_M4;noEntryInRegion_M1;noEntryInRegion_M2;noEntryInRegion_M3;noEntryInRegion_M4;noEntryInRegion_M5;noOutgoingTransitionFromEntry_M1;noOutgoingTransitionFromEntry_M2;noOutgoingTransitionFromEntry_M3;noOutgoingTransitionFromEntry_M4;noOutgoingTransitionFromEntry_M5;noStateInRegion_M1;noStateInRegion_M2;noStateInRegion_M3;outgoingFromExit_M1;outgoingFromExit_M2;outgoingFromFinal_M1;outgoingFromFinal_M2;transition_M1;transition_M2;transition_M3;transition_M4
1;result0_30.xmi;1;1;1;0;0;0;0;0;1;0;0;0;0;0;1;1;1;1;1;1;1;1;0;1;0;1;1;1;1;1;0;0;1;1;1;1;0;0;0;0;0;0;1;1;0;1;1;1;1;1;1
2;result1_30.xmi;1;1;0;0;0;0;0;1;1;1;1;1;1;1;1;1;1;1;1;1;1;1;0;1;0;1;1;1;1;1;0;0;1;1;1;1;0;0;0;0;0;0;1;1;1;1;0;1;1;1;1
3;result2_30.xmi;1;1;1;0;0;0;0;1;1;1;1;1;1;1;1;1;1;1;1;1;1;1;1;1;1;1;1;1;1;1;1;1;1;1;1;1;1;1;1;1;1;1;1;1;1;1;1;1;1;1;1
4;result3_30.xmi;0;0;0;0;0;0;0;0;1;0;0;0;0;0;0;0;1;1;1;1;1;0;0;0;0;0;1;1;1;1;0;0;0;0;0;1;0;0;0;0;0;0;0;1;1;1;0;1;1;1;1
5;result4_30.xmi;1;1;1;0;0;0;0;1;1;0;0;0;0;1;1;1;1;1;1;1;1;1;0;1;0;1;0;0;0;0;1;1;1;1;1;1;1;1;1;1;1;1;1;1;1;1;1;1;1;1;1
6;result5_30.xmi;0;0;0;0;0;0;0;1;0;0;0;0;0;1;0;0;1;1;1;1;1;0;0;0;0;0;1;1;1;1;0;0;0;0;0;0;0;0;0;0;0;0;0;1;1;1;1;1;1;1;1
7;result6_30.xmi;1;1;1;1;1;1;1;1;1;0;0;0;0;1;1;1;1;1;1;1;1;1;1;1;1;1;1;1;1;1;0;0;1;1;1;1;1;1;1;1;0;0;1;1;1;1;1;1;1;1;1
8;result7_30.xmi;0;0;0;0;0;0;0;0;0;0;0;0;0;0;0;0;1;0;0;0;0;0;0;0;0;0;0;0;0;0;0;0;0;0;0;0;0;0;0;0;0;0;0;1;1;1;1;1;1;1;1
9;result8_30.xmi;0;0;0;0;0;0;0;0;0;0;0;0;0;0;0;0;1;1;1;1;1;0;0;0;0;0;1;1;1;1;0;0;0;0;0;0;0;0;0;0;0;0;0;1;1;1;0;1;1;1;1
10;result9_30.xmi;1;1;1;1;1;1;1;1;1;1;1;1;1;1;1;0;1;0;0;0;0;0;0;0;0;0;0;0;0;0;1;1;1;1;1;1;0;0;0;0;1;1;1;1;1;1;1;1;1;1;1
11;result10_30.xmi;1;1;1;1;1;1;1;1;1;1;1;1;1;1;1;1;1;1;1;1;1;1;0;1;0;1;0;0;0;0;1;1;1;1;1;1;1;1;1;1;1;1;1;1;1;1;1;1;1;1;1
12;result11_30.xmi;1;1;1;1;1;1;1;1;1;0;0;0;0;1;1;1;1;1;0;0;0;1;1;1;1;1;1;1;1;1;1;1;1;1;1;1;1;1;1;1;1;1;1;1;1;1;1;1;1;1;1
13;result12_30.xmi;1;1;0;0;0;0;0;1;1;1;1;1;1;1;1;1;1;1;1;1;1;1;1;1;1;1;1;1;1;1;0;0;1;1;1;1;1;1;1;1;0;0;1;1;1;1;0;1;1;1;1
14;result13_30.xmi;1;1;1;0;0;0;0;1;1;1;1;1;1;1;1;1;1;1;1;1;1;1;0;1;0;1;0;0;0;0;1;1;1;1;1;1;1;1;1;1;1;1;1;1;1;1;1;1;1;1;1
15;result14_30.xmi;0;0;0;0;0;0;0;0;0;0;0;0;0;0;0;0;1;1;1;1;1;0;0;0;0;0;1;1;1;1;0;0;0;0;0;0;0;0;0;0;0;0;0;1;0;1;1;1;1;1;1
16;result15_30.xmi;1;1;1;1;1;1;1;1;1;1;1;1;1;1;1;0;1;0;0;0;0;0;0;0;0;0;0;0;0;0;1;1;1;1;1;1;0;0;0;0;1;1;1;1;0;1;0;1;1;1;1
17;result16_30.xmi;1;1;1;0;0;0;0;1;1;1;1;1;1;1;1;1;1;1;0;0;0;0;0;0;0;0;1;1;1;1;1;1;1;1;1;1;0;0;0;0;1;1;1;1;1;1;0;1;1;1;1
18;result17_30.xmi;1;1;1;1;1;1;1;1;1;1;1;1;1;1;1;0;1;0;0;0;0;0;0;0;0;0;0;0;0;0;1;1;1;1;1;1;0;0;0;0;1;1;1;1;1;1;1;1;1;1;1
19;result18_30.xmi;1;1;1;0;0;0;0;1;1;1;1;1;1;1;1;1;1;1;1;1;1;1;1;1;1;1;1;1;1;1;1;1;1;1;1;1;1;1;1;1;1;1;1;1;0;1;1;1;1;1;1
20;result19_30.xmi;0;0;0;0;0;0;0;1;0;0;0;0;0;1;0;0;1;0;0;0;0;0;0;0;0;0;0;0;0;0;0;0;0;0;0;0;0;0;0;0;0;0;0;1;1;1;0;1;1;1;1
21;result20_30.xmi;0;0;0;0;0;0;0;1;0;0;0;0;0;1;0;0;1;1;1;1;1;0;0;0;0;0;1;1;1;1;0;0;0;0;0;0;0;0;0;0;0;0;0;1;0;1;1;1;1;1;1
22;result21_30.xmi;1;1;0;0;0;0;0;0;1;0;0;0;0;0;1;1;1;1;1;1;1;1;1;1;1;1;0;0;0;0;1;1;1;1;1;1;1;1;1;1;1;1;1;1;1;1;1;1;1;1;1
23;result22_30.xmi;1;1;1;1;1;1;1;1;1;1;1;1;1;1;1;1;1;1;0;0;0;1;0;1;0;1;0;0;0;0;1;1;1;1;1;1;1;1;1;1;1;1;1;1;1;1;1;1;1;1;1
24;result23_30.xmi;1;1;0;0;0;0;0;1;1;1;1;1;1;1;1;1;1;1;1;1;1;1;1;1;1;1;1;1;1;1;1;1;1;1;1;1;1;1;1;1;1;1;1;1;1;1;0;1;1;1;1
25;result24_30.xmi;1;1;1;1;1;1;1;1;1;1;1;1;1;1;1;1;1;1;1;1;1;1;0;1;0;1;0;0;0;0;1;1;1;1;1;1;1;1;1;1;1;1;1;1;1;1;0;1;1;1;1
26;result25_30.xmi;1;0;1;0;0;0;0;1;1;1;1;1;1;1;1;1;1;1;0;0;0;0;0;0;0;0;1;1;1;1;1;1;1;1;1;1;0;0;0;0;1;1;1;1;1;1;1;1;1;1;1
27;result26_30.xmi;1;1;0;0;0;0;0;1;1;1;1;1;1;1;1;1;1;1;1;1;1;1;1;1;1;1;1;1;1;1;1;1;1;1;1;1;1;1;1;1;1;1;1;1;1;1;1;1;1;1;1
28;result27_30.xmi;1;1;1;1;1;1;1;1;1;1;1;1;1;1;1;1;1;1;1;1;1;1;0;1;0;1;0;0;0;0;1;1;1;1;1;1;1;1;1;1;1;1;1;1;0;1;0;1;1;1;1
29;result28_30.xmi;1;1;1;0;0;0;0;1;1;1;1;1;1;1;1;1;1;1;0;0;0;0;0;0;0;0;1;1;1;1;1;1;1;1;1;1;0;0;0;0;1;1;1;1;1;1;1;1;1;1;1
30;result29_30.xmi;1;1;1;0;0;0;0;1;1;1;1;1;1;1;1;0;1;0;0;0;0;0;0;0;0;0;0;0;0;0;1;1;1;1;1;1;0;0;0;0;0;0;1;1;1;1;0;1;1;1;1
Round no.;File;StateInRegion_M1;StateInRegion_M2;choiceHasNoIncoming_M1;choiceHasNoIncoming_M2;choiceHasNoIncoming_M3;choiceHasNoIncoming_M4;choiceHasNoIncoming_M5;choiceHasNoIncoming_M6;choiceHasNoOutgoing_M1;choiceHasNoOutgoing_M2;choiceHasNoOutgoing_M3;choiceHasNoOutgoing_M4;choiceHasNoOutgoing_M5;choiceHasNoOutgoing_M6;entryInRegion_M1;entryInRegion_M2;incomingToEntry_1;incomingToEntry_2;incomingToEntry_3;incomingToEntry_4;incomingToEntry_5;multipleEntryInRegion_M1;multipleEntryInRegion_M2;multipleEntryInRegion_M3;multipleEntryInRegion_M4;multipleEntryInRegion_M5;multipleTransitionFromEntry_M1;multipleTransitionFromEntry_M2;multipleTransitionFromEntry_M3;multipleTransitionFromEntry_M4;noEntryInRegion_M1;noEntryInRegion_M2;noEntryInRegion_M3;noEntryInRegion_M4;noEntryInRegion_M5;noOutgoingTransitionFromEntry_M1;noOutgoingTransitionFromEntry_M2;noOutgoingTransitionFromEntry_M3;noOutgoingTransitionFromEntry_M4;noOutgoingTransitionFromEntry_M5;noStateInRegion_M1;noStateInRegion_M2;noStateInRegion_M3;outgoingFromExit_M1;outgoingFromExit_M2;outgoingFromFinal_M1;outgoingFromFinal_M2;transition_M1;transition_M2;transition_M3;transition_M4
1;result0_30.xmi;1;1;1;0;0;0;0;1;1;1;1;1;1;1;1;1;1;1;1;1;1;1;1;1;1;1;1;1;1;1;1;1;1;1;1;1;1;1;1;1;1;1;1;1;1;1;1;1;1;1;1
2;result1_30.xmi;1;1;1;0;0;0;0;1;1;1;1;1;1;1;1;1;1;1;1;1;1;1;0;1;0;1;0;0;0;0;0;0;1;1;1;1;1;1;1;1;0;0;1;1;0;1;1;1;1;1;1
3;result2_30.xmi;0;0;0;0;0;0;0;1;1;0;0;0;0;1;0;0;1;1;1;1;1;0;0;0;0;0;1;1;1;1;0;0;0;0;0;1;0;0;0;0;0;0;0;1;1;1;0;1;1;1;1
4;result3_30.xmi;1;1;1;0;0;0;0;1;1;1;1;1;1;1;1;1;1;1;1;1;1;1;1;1;1;1;0;0;0;0;1;1;1;1;1;1;1;1;1;1;1;1;1;1;1;1;1;1;1;1;1
5;result4_30.xmi;1;1;0;0;0;0;0;1;1;1;1;1;1;1;1;1;1;1;1;1;1;1;0;1;0;1;1;1;1;1;1;1;1;1;1;1;0;0;0;0;1;1;1;1;0;1;0;1;1;1;1
6;result5_30.xmi;1;1;1;0;0;0;0;0;1;0;0;0;0;0;1;1;1;1;1;1;1;1;0;1;0;1;0;0;0;0;0;0;1;1;1;1;1;1;1;1;0;0;1;1;1;1;1;1;1;1;1
7;result6_30.xmi;0;0;0;0;0;0;0;1;0;0;0;0;0;1;0;0;1;1;1;1;1;0;0;0;0;0;1;1;1;1;0;0;0;0;0;0;0;0;0;0;0;0;0;1;1;1;0;1;1;1;1
8;result7_30.xmi;1;1;1;0;0;0;0;1;1;1;1;1;1;1;1;1;1;1;0;0;0;1;0;1;0;1;1;1;1;1;1;1;1;1;1;1;0;0;0;0;1;1;1;1;1;1;1;1;1;1;1
9;result8_30.xmi;1;0;1;1;1;1;1;1;1;1;1;1;1;1;1;1;1;1;1;1;1;1;0;1;0;1;0;0;0;0;1;1;1;1;1;1;1;1;1;1;1;1;1;1;1;1;1;1;1;1;1
10;result9_30.xmi;1;0;1;1;1;1;1;1;1;1;1;1;1;1;1;1;1;1;1;1;1;1;1;1;1;1;0;0;0;0;0;0;1;1;1;1;1;1;1;1;1;1;1;1;1;1;1;1;1;1;1
11;result10_30.xmi;0;0;0;0;0;0;0;0;1;0;0;0;0;0;0;0;1;0;0;0;0;0;0;0;0;0;0;0;0;0;0;0;0;0;0;1;0;0;0;0;0;0;0;1;1;1;1;1;1;1;1
12;result11_30.xmi;0;0;0;0;0;0;0;1;0;0;0;0;0;1;0;0;1;1;1;1;1;0;0;0;0;0;1;1;1;1;0;0;0;0;0;0;0;0;0;0;0;0;0;1;0;1;0;1;1;1;1
13;result12_30.xmi;0;1;0;0;0;0;0;0;0;0;0;0;0;0;0;0;1;0;0;0;0;0;0;0;0;0;0;0;0;0;1;1;1;1;1;0;0;0;0;0;1;1;1;1;0;1;1;1;1;1;1
14;result13_30.xmi;1;1;1;1;1;1;1;1;1;1;1;1;1;1;1;1;1;1;1;1;1;1;1;1;1;1;0;0;0;0;1;1;1;1;1;1;1;1;1;1;1;1;1;1;1;1;1;1;1;1;1
15;result14_30.xmi;1;0;1;0;0;0;0;1;1;0;0;0;0;1;1;1;1;1;0;0;0;1;0;1;0;1;1;1;1;1;1;1;1;1;1;1;0;0;0;0;1;1;1;1;1;1;1;1;1;1;1
16;result15_30.xmi;1;1;1;0;0;0;0;1;1;1;1;1;1;1;1;1;1;1;1;1;1;1;0;1;0;1;0;0;0;0;1;1;1;1;1;1;1;1;1;1;1;1;1;1;1;1;1;1;1;1;1
17;result16_30.xmi;0;0;0;0;0;0;0;1;0;0;0;0;0;1;0;0;1;1;1;1;1;0;0;0;0;0;1;1;1;1;0;0;0;0;0;0;0;0;0;0;0;0;0;1;0;1;0;1;1;1;1
18;result17_30.xmi;1;1;1;1;1;1;1;1;1;1;1;1;1;1;1;0;1;0;0;0;0;0;0;0;0;0;0;0;0;0;1;1;1;1;1;1;0;0;0;0;1;1;1;1;0;1;1;1;1;1;1
19;result18_30.xmi;0;0;0;0;0;0;0;1;0;0;0;0;0;1;0;0;1;0;0;0;0;0;0;0;0;0;0;0;0;0;0;0;0;0;0;0;0;0;0;0;0;0;0;1;1;1;0;1;1;1;1
20;result19_30.xmi;1;1;1;0;0;0;0;1;1;1;1;1;1;1;1;1;1;1;1;1;1;1;1;1;1;1;0;0;0;0;1;1;1;1;1;1;1;1;1;1;1;1;1;1;0;1;1;1;1;1;1
21;result20_30.xmi;1;1;1;1;1;1;1;1;1;1;1;1;1;1;1;1;1;1;1;1;1;1;0;1;0;1;0;0;0;0;1;1;1;1;1;1;1;1;1;1;1;1;1;1;1;1;1;1;1;1;1
22;result21_30.xmi;0;0;0;0;0;0;0;1;0;0;0;0;0;1;0;0;1;0;0;0;0;0;0;0;0;0;0;0;0;0;0;0;0;0;0;0;0;0;0;0;0;0;0;1;0;1;0;1;1;1;1
23;result22_30.xmi;1;1;1;1;1;1;1;1;1;0;0;0;0;1;1;1;1;1;1;1;1;1;1;1;1;1;0;0;0;0;1;1;1;1;1;1;1;1;1;1;1;1;1;1;1;1;1;1;1;1;1
24;result23_30.xmi;1;1;1;1;1;1;1;1;1;1;1;1;1;1;1;1;1;1;0;0;0;1;1;1;1;1;0;0;0;0;1;1;1;1;1;1;1;1;1;1;1;1;1;1;1;1;1;1;1;1;1
25;result24_30.xmi;0;0;0;0;0;0;0;0;0;0;0;0;0;0;0;0;1;0;0;0;0;0;0;0;0;0;0;0;0;0;0;0;0;0;0;0;0;0;0;0;0;0;0;1;1;1;1;1;1;1;1
26;result25_30.xmi;1;1;1;0;0;0;0;1;1;1;1;1;1;1;1;1;1;1;0;0;0;1;0;1;0;1;1;1;1;1;1;1;1;1;1;1;0;0;0;0;1;1;1;1;1;1;1;1;1;1;1
27;result26_30.xmi;1;1;1;0;0;0;0;1;1;1;1;1;1;1;1;0;1;0;0;0;0;0;0;0;0;0;0;0;0;0;1;1;1;1;1;1;0;0;0;0;0;0;1;1;1;1;1;1;1;1;1
28;result27_30.xmi;1;1;1;0;0;0;0;1;1;1;1;1;1;1;1;0;1;0;0;0;0;0;0;0;0;0;0;0;0;0;1;1;1;1;1;1;0;0;0;0;1;1;1;1;1;1;1;1;1;1;1
29;result28_30.xmi;1;1;1;1;1;1;1;1;1;1;1;1;1;1;1;0;1;0;0;0;0;0;0;0;0;0;0;0;0;0;1;1;1;1;1;1;0;0;0;0;1;1;1;1;1;1;1;1;1;1;1
30;result29_30.xmi;1;1;1;0;0;0;0;1;1;1;1;1;1;1;1;0;1;0;0;0;0;0;0;0;0;0;0;0;0;0;1;1;1;1;1;1;0;0;0;0;1;1;1;1;1;1;1;1;1;1;1
Round no.;File;StateInRegion_M1;StateInRegion_M2;choiceHasNoIncoming_M1;choiceHasNoIncoming_M2;choiceHasNoIncoming_M3;choiceHasNoIncoming_M4;choiceHasNoIncoming_M5;choiceHasNoIncoming_M6;choiceHasNoOutgoing_M1;choiceHasNoOutgoing_M2;choiceHasNoOutgoing_M3;choiceHasNoOutgoing_M4;choiceHasNoOutgoing_M5;choiceHasNoOutgoing_M6;entryInRegion_M1;entryInRegion_M2;incomingToEntry_1;incomingToEntry_2;incomingToEntry_3;incomingToEntry_4;incomingToEntry_5;multipleEntryInRegion_M1;multipleEntryInRegion_M2;multipleEntryInRegion_M3;multipleEntryInRegion_M4;multipleEntryInRegion_M5;multipleTransitionFromEntry_M1;multipleTransitionFromEntry_M2;multipleTransitionFromEntry_M3;multipleTransitionFromEntry_M4;noEntryInRegion_M1;noEntryInRegion_M2;noEntryInRegion_M3;noEntryInRegion_M4;noEntryInRegion_M5;noOutgoingTransitionFromEntry_M1;noOutgoingTransitionFromEntry_M2;noOutgoingTransitionFromEntry_M3;noOutgoingTransitionFromEntry_M4;noOutgoingTransitionFromEntry_M5;noStateInRegion_M1;noStateInRegion_M2;noStateInRegion_M3;outgoingFromExit_M1;outgoingFromExit_M2;outgoingFromFinal_M1;outgoingFromFinal_M2;transition_M1;transition_M2;transition_M3;transition_M4
1;result0_30.xmi;0;0;0;0;0;0;0;0;0;0;0;0;0;0;0;0;1;1;1;1;1;0;0;0;0;0;1;1;1;1;0;0;0;0;0;0;0;0;0;0;0;0;0;1;1;1;0;1;1;1;1
2;result1_30.xmi;1;1;1;0;0;0;0;1;1;1;1;1;1;1;1;1;1;1;1;1;1;1;1;1;1;1;1;1;1;1;0;0;1;1;1;1;1;1;1;1;0;0;1;1;1;1;1;1;1;1;1
3;result2_30.xmi;1;1;1;1;1;1;1;1;1;1;1;1;1;1;1;1;1;1;1;1;1;1;1;1;1;1;0;0;0;0;1;1;1;1;1;1;1;1;1;1;1;1;1;1;1;1;1;1;1;1;1
4;result3_30.xmi;0;0;0;0;0;0;0;0;0;0;0;0;0;0;0;0;1;0;0;0;0;0;0;0;0;0;0;0;0;0;0;0;0;0;0;0;0;0;0;0;0;0;0;1;1;1;1;1;1;1;1
5;result4_30.xmi;1;1;1;0;0;0;0;1;1;1;1;1;1;1;1;1;1;1;1;1;1;1;1;1;1;1;1;1;1;1;1;1;1;1;1;1;1;1;1;1;1;1;1;1;1;1;1;1;1;1;1
6;result5_30.xmi;1;1;1;0;0;0;0;1;1;1;1;1;1;1;1;1;1;1;1;1;1;1;0;1;0;1;0;0;0;0;1;1;1;1;1;1;1;1;1;1;1;1;1;1;0;1;0;1;1;1;1
7;result6_30.xmi;0;0;0;0;0;0;0;1;1;1;1;1;1;1;0;0;1;1;1;1;1;0;0;0;0;0;1;1;1;1;0;0;0;0;0;1;0;0;0;0;0;0;0;1;0;1;1;1;1;1;1
8;result7_30.xmi;0;0;0;0;0;0;0;1;0;0;0;0;0;1;0;0;1;1;1;1;1;0;0;0;0;0;1;1;1;1;0;0;0;0;0;0;0;0;0;0;0;0;0;1;0;1;0;1;1;1;1
9;result8_30.xmi;1;1;1;1;1;1;1;1;1;1;1;1;1;1;1;1;1;1;1;1;1;1;1;1;1;1;1;1;1;1;1;1;1;1;1;1;1;1;1;1;1;1;1;1;1;1;1;1;1;1;1
10;result9_30.xmi;0;0;0;0;0;0;0;1;0;0;0;0;0;1;0;0;1;1;1;1;1;0;0;0;0;0;1;1;1;1;0;0;0;0;0;0;0;0;0;0;0;0;0;1;1;1;0;1;1;1;1
11;result10_30.xmi;1;1;1;0;0;0;0;1;1;1;1;1;1;1;1;1;1;1;1;1;1;1;0;1;0;1;0;0;0;0;1;1;1;1;1;1;1;1;1;1;1;1;1;1;1;1;0;1;1;1;1
12;result11_30.xmi;1;1;1;0;0;0;0;1;1;1;1;1;1;1;1;1;1;1;1;1;1;1;1;1;1;1;0;0;0;0;1;1;1;1;1;1;1;1;1;1;1;1;1;1;1;1;1;1;1;1;1
13;result12_30.xmi;1;1;1;0;0;0;0;1;1;1;1;1;1;1;1;0;1;0;0;0;0;0;0;0;0;0;0;0;0;0;1;1;1;1;1;1;0;0;0;0;1;1;1;1;1;1;1;1;1;1;1
14;result13_30.xmi;1;1;1;0;0;0;0;0;1;0;0;0;0;0;1;1;1;1;1;1;1;1;1;1;1;1;1;1;1;1;1;1;1;1;1;1;1;1;1;1;1;1;1;1;1;1;0;1;1;1;1
15;result14_30.xmi;1;1;1;0;0;0;0;1;1;1;1;1;1;1;1;1;1;1;1;1;1;1;1;1;1;1;1;1;1;1;1;1;1;1;1;1;1;1;1;1;1;1;1;1;1;1;1;1;1;1;1
16;result15_30.xmi;1;1;1;0;0;0;0;0;1;0;0;0;0;0;1;1;1;1;1;1;1;1;1;1;1;1;1;1;1;1;0;0;1;1;1;1;1;1;1;1;0;0;1;1;1;1;1;1;1;1;1
17;result16_30.xmi;0;0;0;0;0;0;0;0;0;0;0;0;0;0;0;0;1;1;1;1;1;0;0;0;0;0;1;1;1;1;0;0;0;0;0;0;0;0;0;0;0;0;0;1;0;1;0;1;1;1;1
18;result17_30.xmi;0;0;0;0;0;0;0;0;0;0;0;0;0;0;0;0;1;0;0;0;0;0;0;0;0;0;0;0;0;0;0;0;0;0;0;0;0;0;0;0;0;0;0;1;0;1;1;1;1;1;1
19;result18_30.xmi;1;1;1;1;1;1;1;1;1;0;0;0;0;1;1;1;1;1;1;1;1;1;0;1;0;1;1;1;1;1;1;1;1;1;1;1;0;0;0;0;1;1;1;1;1;1;1;1;1;1;1
20;result19_30.xmi;0;0;0;0;0;0;0;1;0;0;0;0;0;1;0;0;1;1;1;1;1;0;0;0;0;0;1;1;1;1;0;0;0;0;0;0;0;0;0;0;0;0;0;1;1;1;0;1;1;1;1
21;result20_30.xmi;0;0;0;0;0;0;0;1;0;0;0;0;0;1;0;0;1;0;0;0;0;0;0;0;0;0;0;0;0;0;0;0;0;0;0;0;0;0;0;0;0;0;0;1;1;1;1;1;1;1;1
22;result21_30.xmi;1;1;0;0;0;0;0;1;1;0;0;0;0;1;1;0;1;0;0;0;0;0;0;0;0;0;0;0;0;0;1;1;1;1;1;1;0;0;0;0;0;0;1;1;1;1;1;1;1;1;1
23;result22_30.xmi;0;0;0;0;0;0;0;0;1;0;0;0;0;0;0;0;1;1;1;1;1;0;0;0;0;0;1;1;1;1;0;0;0;0;0;1;0;0;0;0;0;0;0;1;1;1;1;1;1;1;1
24;result23_30.xmi;0;0;0;0;0;0;0;1;0;0;0;0;0;1;0;0;1;0;0;0;0;0;0;0;0;0;0;0;0;0;0;0;0;0;0;0;0;0;0;0;0;0;0;1;1;1;1;1;1;1;1
25;result24_30.xmi;1;1;1;0;0;0;0;0;1;0;0;0;0;0;1;1;1;1;1;1;1;1;1;1;1;1;1;1;1;1;0;0;1;1;1;1;1;1;1;1;0;0;1;1;1;1;1;1;1;1;1
26;result25_30.xmi;0;0;0;0;0;0;0;0;0;0;0;0;0;0;0;0;1;1;1;1;1;0;0;0;0;0;1;1;1;1;0;0;0;0;0;0;0;0;0;0;0;0;0;1;0;1;0;1;1;1;1
27;result26_30.xmi;1;1;1;1;1;1;1;1;1;1;1;1;1;1;1;1;1;1;1;1;1;1;1;1;1;1;1;1;1;1;1;1;1;1;1;1;1;1;1;1;1;1;1;1;1;1;1;1;1;1;1
28;result27_30.xmi;1;1;1;0;0;0;0;1;1;1;1;1;1;1;1;1;1;1;1;1;1;1;0;1;0;1;1;1;1;1;1;1;1;1;1;1;0;0;0;0;1;1;1;1;1;1;1;1;1;1;1
29;result28_30.xmi;1;1;0;0;0;0;0;1;1;1;1;1;1;1;1;1;1;1;1;1;1;1;1;1;1;1;0;0;0;0;0;0;1;1;1;1;1;1;1;1;0;0;1;1;0;1;1;1;1;1;1
30;result29_30.xmi;0;0;0;0;0;0;0;1;0;0;0;0;0;1;0;0;1;1;1;1;1;0;0;0;0;0;1;1;1;1;0;0;0;0;0;0;0;0;0;0;0;0;0;1;0;1;0;1;1;1;1
Round no.;File;StateInRegion_M1;StateInRegion_M2;choiceHasNoIncoming_M1;choiceHasNoIncoming_M2;choiceHasNoIncoming_M3;choiceHasNoIncoming_M4;choiceHasNoIncoming_M5;choiceHasNoIncoming_M6;choiceHasNoOutgoing_M1;choiceHasNoOutgoing_M2;choiceHasNoOutgoing_M3;choiceHasNoOutgoing_M4;choiceHasNoOutgoing_M5;choiceHasNoOutgoing_M6;entryInRegion_M1;entryInRegion_M2;incomingToEntry_1;incomingToEntry_2;incomingToEntry_3;incomingToEntry_4;incomingToEntry_5;multipleEntryInRegion_M1;multipleEntryInRegion_M2;multipleEntryInRegion_M3;multipleEntryInRegion_M4;multipleEntryInRegion_M5;multipleTransitionFromEntry_M1;multipleTransitionFromEntry_M2;multipleTransitionFromEntry_M3;multipleTransitionFromEntry_M4;noEntryInRegion_M1;noEntryInRegion_M2;noEntryInRegion_M3;noEntryInRegion_M4;noEntryInRegion_M5;noOutgoingTransitionFromEntry_M1;noOutgoingTransitionFromEntry_M2;noOutgoingTransitionFromEntry_M3;noOutgoingTransitionFromEntry_M4;noOutgoingTransitionFromEntry_M5;noStateInRegion_M1;noStateInRegion_M2;noStateInRegion_M3;outgoingFromExit_M1;outgoingFromExit_M2;outgoingFromFinal_M1;outgoingFromFinal_M2;transition_M1;transition_M2;transition_M3;transition_M4
1;result0_30.xmi;1;1;1;0;0;0;0;1;1;1;1;1;1;1;1;1;1;1;1;1;1;1;0;1;0;1;0;0;0;0;1;1;1;1;1;1;1;1;1;1;1;1;1;1;1;1;1;1;1;1;1
2;result1_30.xmi;0;0;0;0;0;0;0;0;0;0;0;0;0;0;0;0;1;0;0;0;0;0;0;0;0;0;0;0;0;0;0;0;0;0;0;0;0;0;0;0;0;0;0;1;1;1;1;1;1;1;1
3;result2_30.xmi;1;0;1;0;0;0;0;0;1;0;0;0;0;0;1;1;1;1;1;1;1;1;0;1;0;1;0;0;0;0;0;0;1;1;1;1;1;1;1;1;1;1;1;1;1;1;1;1;1;1;1
4;result3_30.xmi;1;1;1;0;0;0;0;1;1;1;1;1;1;1;1;1;1;1;1;1;1;1;0;1;0;1;0;0;0;0;0;0;1;1;1;1;1;1;1;1;0;0;1;1;0;1;0;1;1;1;1
5;result4_30.xmi;1;1;1;0;0;0;0;1;1;1;1;1;1;1;1;0;1;0;0;0;0;0;0;0;0;0;0;0;0;0;1;1;1;1;1;1;0;0;0;0;1;1;1;1;1;1;1;1;1;1;1
6;result5_30.xmi;1;1;1;0;0;0;0;1;1;1;1;1;1;1;1;1;1;1;1;1;1;1;1;1;1;1;1;1;1;1;1;1;1;1;1;1;1;1;1;1;1;1;1;1;1;1;0;1;1;1;1
7;result6_30.xmi;1;1;1;0;0;0;0;1;1;1;1;1;1;1;1;1;1;1;1;1;1;1;1;1;1;1;1;1;1;1;0;0;1;1;1;1;1;1;1;1;0;0;1;1;1;1;1;1;1;1;1
8;result7_30.xmi;0;0;0;0;0;0;0;1;1;0;0;0;0;1;0;0;1;0;0;0;0;0;0;0;0;0;0;0;0;0;0;0;0;0;0;1;0;0;0;0;0;0;0;1;0;1;1;1;1;1;1
9;result8_30.xmi;1;1;1;0;0;0;0;0;1;0;0;0;0;0;1;1;1;1;1;1;1;1;1;1;1;1;1;1;1;1;1;1;1;1;1;1;1;1;1;1;1;1;1;1;0;1;1;1;1;1;1
10;result9_30.xmi;1;0;1;0;0;0;0;0;1;0;0;0;0;0;1;1;1;1;0;0;0;0;0;0;0;0;1;1;1;1;1;1;1;1;1;1;0;0;0;0;1;1;1;1;1;1;0;1;1;1;1
11;result10_30.xmi;1;1;1;0;0;0;0;0;1;0;0;0;0;0;1;0;1;0;0;0;0;0;0;0;0;0;0;0;0;0;1;1;1;1;1;1;0;0;0;0;1;1;1;1;1;1;1;1;1;1;1
12;result11_30.xmi;0;0;0;0;0;0;0;0;0;0;0;0;0;0;0;0;1;1;1;1;1;0;0;0;0;0;1;1;1;1;0;0;0;0;0;0;0;0;0;0;0;0;0;1;0;1;0;1;1;1;1
13;result12_30.xmi;1;1;1;0;0;0;0;1;1;1;1;1;1;1;1;1;1;1;1;1;1;1;1;1;1;1;1;1;1;1;1;1;1;1;1;1;1;1;1;1;1;1;1;1;0;1;0;1;1;1;1
14;result13_30.xmi;1;0;1;0;0;0;0;1;1;1;1;1;1;1;1;1;1;1;1;1;1;1;0;1;0;1;1;1;1;1;0;0;1;1;1;1;0;0;0;0;1;1;1;1;1;1;1;1;1;1;1
15;result14_30.xmi;1;1;1;0;0;0;0;1;1;0;0;0;0;1;1;0;1;0;0;0;0;0;0;0;0;0;0;0;0;0;1;1;1;1;1;1;0;0;0;0;1;1;1;1;1;1;0;1;1;1;1
16;result15_30.xmi;1;1;1;0;0;0;0;0;1;0;0;0;0;0;1;1;1;1;1;1;1;1;0;1;0;1;0;0;0;0;1;1;1;1;1;1;1;1;1;1;1;1;1;1;1;1;1;1;1;1;1
17;result16_30.xmi;1;1;1;0;0;0;0;1;1;1;1;1;1;1;1;1;1;1;1;1;1;1;0;1;0;1;0;0;0;0;1;1;1;1;1;1;1;1;1;1;1;1;1;1;1;1;1;1;1;1;1
18;result17_30.xmi;0;0;0;0;0;0;0;1;0;0;0;0;0;1;0;0;1;0;0;0;0;0;0;0;0;0;0;0;0;0;0;0;0;0;0;0;0;0;0;0;0;0;0;1;1;1;1;1;1;1;1
19;result18_30.xmi;1;0;0;0;0;0;0;0;1;0;0;0;0;0;1;1;1;1;1;1;1;1;0;1;0;1;0;0;0;0;0;0;1;1;1;1;1;1;1;1;1;1;1;1;1;1;1;1;1;1;1
20;result19_30.xmi;1;1;1;0;0;0;0;1;1;1;1;1;1;1;1;1;1;1;1;1;1;1;1;1;1;1;1;1;1;1;1;1;1;1;1;1;1;1;1;1;1;1;1;1;1;1;1;1;1;1;1
21;result20_30.xmi;1;1;1;1;1;1;1;1;1;0;0;0;0;1;1;1;1;1;1;1;1;1;0;1;0;1;0;0;0;0;0;0;1;1;1;1;1;1;1;1;0;0;1;1;1;1;1;1;1;1;1
22;result21_30.xmi;1;1;1;0;0;0;0;1;1;1;1;1;1;1;1;1;1;1;1;1;1;1;1;1;1;1;1;1;1;1;1;1;1;1;1;1;1;1;1;1;1;1;1;1;1;1;1;1;1;1;1
23;result22_30.xmi;1;1;0;0;0;0;0;0;1;0;0;0;0;0;1;1;1;1;1;1;1;1;0;1;0;1;0;0;0;0;0;0;1;1;1;1;1;1;1;1;0;0;1;1;1;1;1;1;1;1;1
24;result23_30.xmi;1;1;1;0;0;0;0;1;1;1;1;1;1;1;1;1;1;1;0;0;0;1;0;1;0;1;0;0;0;0;1;1;1;1;1;1;1;1;1;1;1;1;1;1;1;1;1;1;1;1;1
25;result24_30.xmi;1;0;1;1;1;1;1;1;1;1;1;1;1;1;1;0;1;0;0;0;0;0;0;0;0;0;0;0;0;0;1;1;1;1;1;1;0;0;0;0;1;1;1;1;1;1;1;1;1;1;1
26;result25_30.xmi;1;1;1;0;0;0;0;1;1;1;1;1;1;1;1;1;1;1;1;1;1;1;0;1;0;1;0;0;0;0;1;1;1;1;1;1;1;1;1;1;1;1;1;1;1;1;1;1;1;1;1
27;result26_30.xmi;1;1;0;0;0;0;0;1;1;1;1;1;1;1;1;1;1;1;1;1;1;1;0;1;0;1;1;1;1;1;1;1;1;1;1;1;0;0;0;0;1;1;1;1;1;1;1;1;1;1;1
28;result27_30.xmi;1;1;1;0;0;0;0;1;1;1;1;1;1;1;1;0;1;0;0;0;0;0;0;0;0;0;0;0;0;0;1;1;1;1;1;1;0;0;0;0;1;1;1;1;1;1;1;1;1;1;1
29;result28_30.xmi;0;0;0;0;0;0;0;1;0;0;0;0;0;1;0;0;1;1;1;1;1;0;0;0;0;0;1;1;1;1;0;0;0;0;0;0;0;0;0;0;0;0;0;1;1;1;0;1;1;1;1
30;result29_30.xmi;0;0;0;0;0;0;0;0;0;0;0;0;0;0;0;0;1;1;1;1;1;0;0;0;0;0;1;1;1;1;0;0;0;0;0;0;0;0;0;0;0;0;0;1;1;1;1;1;1;1;1
Round no.;File;StateInRegion_M1;StateInRegion_M2;choiceHasNoIncoming_M1;choiceHasNoIncoming_M2;choiceHasNoIncoming_M3;choiceHasNoIncoming_M4;choiceHasNoIncoming_M5;choiceHasNoIncoming_M6;choiceHasNoOutgoing_M1;choiceHasNoOutgoing_M2;choiceHasNoOutgoing_M3;choiceHasNoOutgoing_M4;choiceHasNoOutgoing_M5;choiceHasNoOutgoing_M6;entryInRegion_M1;entryInRegion_M2;incomingToEntry_1;incomingToEntry_2;incomingToEntry_3;incomingToEntry_4;incomingToEntry_5;multipleEntryInRegion_M1;multipleEntryInRegion_M2;multipleEntryInRegion_M3;multipleEntryInRegion_M4;multipleEntryInRegion_M5;multipleTransitionFromEntry_M1;multipleTransitionFromEntry_M2;multipleTransitionFromEntry_M3;multipleTransitionFromEntry_M4;noEntryInRegion_M1;noEntryInRegion_M2;noEntryInRegion_M3;noEntryInRegion_M4;noEntryInRegion_M5;noOutgoingTransitionFromEntry_M1;noOutgoingTransitionFromEntry_M2;noOutgoingTransitionFromEntry_M3;noOutgoingTransitionFromEntry_M4;noOutgoingTransitionFromEntry_M5;noStateInRegion_M1;noStateInRegion_M2;noStateInRegion_M3;outgoingFromExit_M1;outgoingFromExit_M2;outgoingFromFinal_M1;outgoingFromFinal_M2;transition_M1;transition_M2;transition_M3;transition_M4
1;result0_30.xmi;1;1;1;1;1;1;1;1;1;1;1;1;1;1;1;1;1;1;0;0;0;1;0;1;0;1;1;1;1;1;1;1;1;1;1;1;0;0;0;0;1;1;1;1;1;1;1;1;1;1;1
2;result1_30.xmi;1;1;1;0;0;0;0;0;1;0;0;0;0;0;1;1;1;1;1;1;1;1;1;1;1;1;1;1;1;1;1;1;1;1;1;1;1;1;1;1;1;1;1;1;1;1;1;1;1;1;1
3;result2_30.xmi;0;0;0;0;0;0;0;1;0;0;0;0;0;1;0;0;1;1;1;1;1;0;0;0;0;0;1;1;1;1;0;0;0;0;0;0;0;0;0;0;0;0;0;1;0;1;0;1;1;1;1
4;result3_30.xmi;0;0;0;0;0;0;0;0;0;0;0;0;0;0;0;0;1;1;1;1;1;0;0;0;0;0;1;1;1;1;0;0;0;0;0;0;0;0;0;0;0;0;0;1;1;1;0;1;1;1;1
5;result4_30.xmi;0;0;0;0;0;0;0;0;0;0;0;0;0;0;0;0;1;1;1;1;1;0;0;0;0;0;1;1;1;1;0;0;0;0;0;0;0;0;0;0;0;0;0;1;1;1;0;1;1;1;1
6;result5_30.xmi;1;1;1;0;0;0;0;0;1;0;0;0;0;0;1;1;1;1;1;1;1;1;0;1;0;1;0;0;0;0;1;1;1;1;1;1;1;1;1;1;1;1;1;1;1;1;1;1;1;1;1
7;result6_30.xmi;1;0;1;0;0;0;0;1;1;1;1;1;1;1;1;0;1;0;0;0;0;0;0;0;0;0;0;0;0;0;1;1;1;1;1;1;0;0;0;0;1;1;1;1;1;1;1;1;1;1;1
8;result7_30.xmi;1;1;1;0;0;0;0;1;1;1;1;1;1;1;1;1;1;1;1;1;1;1;0;1;0;1;0;0;0;0;1;1;1;1;1;1;1;1;1;1;1;1;1;1;1;1;0;1;1;1;1
9;result8_30.xmi;1;1;1;0;0;0;0;1;1;1;1;1;1;1;1;1;1;1;1;1;1;1;1;1;1;1;1;1;1;1;1;1;1;1;1;1;1;1;1;1;1;1;1;1;0;1;1;1;1;1;1
10;result9_30.xmi;1;1;1;1;1;1;1;1;1;1;1;1;1;1;1;0;1;0;0;0;0;0;0;0;0;0;0;0;0;0;1;1;1;1;1;1;0;0;0;0;1;1;1;1;1;1;1;1;1;1;1
11;result10_30.xmi;1;1;1;1;1;1;1;1;1;1;1;1;1;1;1;1;1;1;1;1;1;0;0;0;0;0;1;1;1;1;1;1;1;1;1;1;0;0;0;0;0;0;1;1;1;1;0;1;1;1;1
12;result11_30.xmi;1;0;0;0;0;0;0;1;1;1;1;1;1;1;1;1;1;1;1;1;1;1;0;1;0;1;0;0;0;0;0;0;1;1;1;1;1;1;1;1;1;1;1;1;1;1;1;1;1;1;1
13;result12_30.xmi;0;0;0;0;0;0;0;0;1;0;0;0;0;0;0;0;1;1;1;1;1;0;0;0;0;0;1;1;1;1;0;0;0;0;0;1;0;0;0;0;0;0;0;1;1;1;0;1;1;1;1
14;result13_30.xmi;1;1;1;1;1;1;1;1;1;1;1;1;1;1;1;1;1;1;1;1;1;1;1;1;1;1;1;1;1;1;1;1;1;1;1;1;1;1;1;1;1;1;1;1;1;1;1;1;1;1;1
15;result14_30.xmi;1;1;1;1;1;1;1;1;1;0;0;0;0;1;1;1;1;1;1;1;1;1;1;1;1;1;0;0;0;0;0;0;1;1;1;1;1;1;1;1;0;0;1;1;1;1;1;1;1;1;1
16;result15_30.xmi;1;1;0;0;0;0;0;1;1;1;1;1;1;1;1;1;1;1;1;1;1;1;1;1;1;1;1;1;1;1;0;0;1;1;1;1;1;1;1;1;0;0;1;1;0;1;1;1;1;1;1
17;result16_30.xmi;1;1;1;0;0;0;0;1;1;1;1;1;1;1;1;1;1;1;1;1;1;1;1;1;1;1;0;0;0;0;1;1;1;1;1;1;1;1;1;1;1;1;1;1;1;1;1;1;1;1;1
18;result17_30.xmi;1;1;1;1;1;1;1;1;1;1;1;1;1;1;1;1;1;1;1;1;1;1;1;1;1;1;1;1;1;1;1;1;1;1;1;1;1;1;1;1;1;1;1;1;1;1;1;1;1;1;1
19;result18_30.xmi;1;1;1;1;1;1;1;1;1;1;1;1;1;1;1;1;1;1;1;1;1;1;1;1;1;1;1;1;1;1;1;1;1;1;1;1;1;1;1;1;1;1;1;1;1;1;1;1;1;1;1
20;result19_30.xmi;1;1;1;0;0;0;0;1;1;1;1;1;1;1;1;1;1;1;0;0;0;1;1;1;1;1;1;1;1;1;1;1;1;1;1;1;1;1;1;1;1;1;1;1;1;1;1;1;1;1;1
21;result20_30.xmi;1;1;1;1;1;1;1;1;1;1;1;1;1;1;1;1;1;1;1;1;1;1;1;1;1;1;0;0;0;0;1;1;1;1;1;1;1;1;1;1;1;1;1;1;1;1;1;1;1;1;1
22;result21_30.xmi;1;1;1;1;1;1;1;1;1;1;1;1;1;1;1;1;1;1;1;1;1;1;1;1;1;1;0;0;0;0;1;1;1;1;1;1;1;1;1;1;1;1;1;1;1;1;0;1;1;1;1
23;result22_30.xmi;1;1;0;0;0;0;0;1;1;1;1;1;1;1;1;1;1;1;1;1;1;1;1;1;1;1;1;1;1;1;1;1;1;1;1;1;1;1;1;1;1;1;1;1;1;1;0;1;1;1;1
24;result23_30.xmi;1;0;1;1;1;1;1;1;1;0;0;0;0;1;1;1;1;1;1;1;1;1;1;1;1;1;0;0;0;0;0;0;1;1;1;1;1;1;1;1;1;1;1;1;1;1;1;1;1;1;1
25;result24_30.xmi;0;0;0;0;0;0;0;1;0;0;0;0;0;1;0;0;1;1;1;1;1;0;0;0;0;0;1;1;1;1;0;0;0;0;0;0;0;0;0;0;0;0;0;1;1;1;0;1;1;1;1
26;result25_30.xmi;1;1;1;0;0;0;0;1;1;1;1;1;1;1;1;1;1;1;1;1;1;1;1;1;1;1;1;1;1;1;1;1;1;1;1;1;1;1;1;1;1;1;1;1;1;1;0;1;1;1;1
27;result26_30.xmi;1;0;1;0;0;0;0;1;1;1;1;1;1;1;1;0;1;0;0;0;0;0;0;0;0;0;0;0;0;0;1;1;1;1;1;1;0;0;0;0;1;1;1;1;1;1;1;1;1;1;1
28;result27_30.xmi;1;1;1;0;0;0;0;1;1;1;1;1;1;1;1;1;1;1;1;1;1;1;0;1;0;1;0;0;0;0;1;1;1;1;1;1;1;1;1;1;1;1;1;1;1;1;1;1;1;1;1
29;result28_30.xmi;1;1;1;0;0;0;0;1;1;1;1;1;1;1;1;0;1;0;0;0;0;0;0;0;0;0;0;0;0;0;1;1;1;1;1;1;0;0;0;0;1;1;1;1;1;1;1;1;1;1;1
30;result29_30.xmi;1;1;1;1;1;1;1;1;1;1;1;1;1;1;1;1;1;1;1;1;1;1;1;1;1;1;0;0;0;0;1;1;1;1;1;1;1;1;1;1;1;1;1;1;1;1;1;1;1;1;1
Round no.;File;StateInRegion_M1;StateInRegion_M2;choiceHasNoIncoming_M1;choiceHasNoIncoming_M2;choiceHasNoIncoming_M3;choiceHasNoIncoming_M4;choiceHasNoIncoming_M5;choiceHasNoIncoming_M6;choiceHasNoOutgoing_M1;choiceHasNoOutgoing_M2;choiceHasNoOutgoing_M3;choiceHasNoOutgoing_M4;choiceHasNoOutgoing_M5;choiceHasNoOutgoing_M6;entryInRegion_M1;entryInRegion_M2;incomingToEntry_1;incomingToEntry_2;incomingToEntry_3;incomingToEntry_4;incomingToEntry_5;multipleEntryInRegion_M1;multipleEntryInRegion_M2;multipleEntryInRegion_M3;multipleEntryInRegion_M4;multipleEntryInRegion_M5;multipleTransitionFromEntry_M1;multipleTransitionFromEntry_M2;multipleTransitionFromEntry_M3;multipleTransitionFromEntry_M4;noEntryInRegion_M1;noEntryInRegion_M2;noEntryInRegion_M3;noEntryInRegion_M4;noEntryInRegion_M5;noOutgoingTransitionFromEntry_M1;noOutgoingTransitionFromEntry_M2;noOutgoingTransitionFromEntry_M3;noOutgoingTransitionFromEntry_M4;noOutgoingTransitionFromEntry_M5;noStateInRegion_M1;noStateInRegion_M2;noStateInRegion_M3;outgoingFromExit_M1;outgoingFromExit_M2;outgoingFromFinal_M1;outgoingFromFinal_M2;transition_M1;transition_M2;transition_M3;transition_M4
1;result0_30.xmi;1;1;1;0;0;0;0;0;1;0;0;0;0;0;1;1;1;1;1;1;1;1;0;1;0;1;0;0;0;0;1;1;1;1;1;1;1;1;1;1;1;1;1;1;1;1;1;1;1;1;1
2;result1_30.xmi;1;1;1;0;0;0;0;0;1;0;0;0;0;0;1;1;1;1;1;1;1;1;1;1;1;1;1;1;1;1;0;0;1;1;1;1;1;1;1;1;0;0;1;1;1;1;1;1;1;1;1
3;result2_30.xmi;1;0;0;0;0;0;0;0;1;0;0;0;0;0;1;1;1;1;1;1;1;1;1;1;1;1;1;1;1;1;0;0;1;1;1;1;0;0;0;0;1;1;1;1;1;1;1;1;1;1;1
4;result3_30.xmi;0;0;0;0;0;0;0;0;0;0;0;0;0;0;0;0;1;1;1;1;1;0;0;0;0;0;1;1;1;1;0;0;0;0;0;0;0;0;0;0;0;0;0;1;0;1;1;1;1;1;1
5;result4_30.xmi;1;1;1;0;0;0;0;1;1;1;1;1;1;1;1;1;1;1;1;1;1;1;0;1;0;1;1;1;1;1;1;1;1;1;1;1;0;0;0;0;1;1;1;1;1;1;1;1;1;1;1
6;result5_30.xmi;1;1;1;0;0;0;0;1;1;0;0;0;0;1;1;1;1;1;1;1;1;1;0;1;0;1;1;1;1;1;1;1;1;1;1;1;0;0;0;0;1;1;1;1;1;1;1;1;1;1;1
7;result6_30.xmi;0;0;0;0;0;0;0;1;0;0;0;0;0;1;0;0;1;1;1;1;1;0;0;0;0;0;1;1;1;1;0;0;0;0;0;0;0;0;0;0;0;0;0;1;1;1;1;1;1;1;1
8;result7_30.xmi;1;1;1;0;0;0;0;1;1;1;1;1;1;1;1;1;1;1;1;1;1;1;0;1;0;1;1;1;1;1;1;1;1;1;1;1;0;0;0;0;1;1;1;1;1;1;1;1;1;1;1
9;result8_30.xmi;1;1;1;1;1;1;1;1;1;1;1;1;1;1;1;1;1;1;1;1;1;1;1;1;1;1;1;1;1;1;1;1;1;1;1;1;1;1;1;1;1;1;1;1;1;1;1;1;1;1;1
10;result9_30.xmi;1;1;1;1;1;1;1;1;1;1;1;1;1;1;1;1;1;1;1;1;1;1;1;1;1;1;1;1;1;1;1;1;1;1;1;1;1;1;1;1;1;1;1;1;1;1;1;1;1;1;1
11;result10_30.xmi;1;1;0;0;0;0;0;1;1;0;0;0;0;1;1;0;1;0;0;0;0;0;0;0;0;0;0;0;0;0;1;1;1;1;1;1;0;0;0;0;0;0;1;1;1;1;0;1;1;1;1
12;result11_30.xmi;1;1;1;0;0;0;0;1;1;1;1;1;1;1;1;1;1;1;1;1;1;1;1;1;1;1;0;0;0;0;1;1;1;1;1;1;1;1;1;1;1;1;1;1;1;1;1;1;1;1;1
13;result12_30.xmi;1;1;1;0;0;0;0;0;1;0;0;0;0;0;1;1;1;1;1;1;1;1;1;1;1;1;1;1;1;1;1;1;1;1;1;1;1;1;1;1;1;1;1;1;1;1;1;1;1;1;1
14;result13_30.xmi;1;1;0;0;0;0;0;1;1;0;0;0;0;1;1;1;1;1;1;1;1;1;0;1;0;1;0;0;0;0;0;0;1;1;1;1;1;1;1;1;0;0;1;1;1;1;1;1;1;1;1
15;result14_30.xmi;1;1;1;1;1;1;1;1;1;1;1;1;1;1;1;1;1;1;0;0;0;1;0;1;0;1;0;0;0;0;1;1;1;1;1;1;1;1;1;1;1;1;1;1;1;1;1;1;1;1;1
16;result15_30.xmi;1;0;0;0;0;0;0;1;1;1;1;1;1;1;1;1;1;1;1;1;1;1;1;1;1;1;1;1;1;1;1;1;1;1;1;1;1;1;1;1;1;1;1;1;0;1;1;1;1;1;1
17;result16_30.xmi;1;1;1;0;0;0;0;1;1;0;0;0;0;1;1;1;1;1;1;1;1;1;0;1;0;1;0;0;0;0;1;1;1;1;1;1;1;1;1;1;1;1;1;1;1;1;0;1;1;1;1
18;result17_30.xmi;0;0;0;0;0;0;0;1;0;0;0;0;0;1;0;0;1;0;0;0;0;0;0;0;0;0;0;0;0;0;0;0;0;0;0;0;0;0;0;0;0;0;0;1;0;1;1;1;1;1;1
19;result18_30.xmi;1;1;1;1;1;1;1;1;1;1;1;1;1;1;1;0;1;0;0;0;0;0;0;0;0;0;0;0;0;0;1;1;1;1;1;1;0;0;0;0;0;0;1;1;0;1;1;1;1;1;1
20;result19_30.xmi;1;1;1;1;1;1;1;1;1;1;1;1;1;1;1;1;1;1;1;1;1;1;1;1;1;1;0;0;0;0;1;1;1;1;1;1;1;1;1;1;1;1;1;1;1;1;1;1;1;1;1
21;result20_30.xmi;1;1;1;1;1;1;1;1;1;1;1;1;1;1;1;1;1;1;1;1;1;1;1;1;1;1;0;0;0;0;1;1;1;1;1;1;1;1;1;1;1;1;1;1;1;1;1;1;1;1;1
22;result21_30.xmi;1;1;1;1;1;1;1;1;1;0;0;0;0;1;1;1;1;1;1;1;1;1;1;1;1;1;0;0;0;0;1;1;1;1;1;1;1;1;1;1;1;1;1;1;1;1;1;1;1;1;1
23;result22_30.xmi;1;1;1;1;1;1;1;1;1;1;1;1;1;1;1;1;1;1;1;1;1;1;1;1;1;1;1;1;1;1;0;0;1;1;1;1;1;1;1;1;0;0;1;1;0;1;0;1;1;1;1
24;result23_30.xmi;0;0;0;0;0;0;0;0;1;0;0;0;0;0;0;0;1;1;1;1;1;0;0;0;0;0;1;1;1;1;0;0;0;0;0;1;0;0;0;0;0;0;0;1;1;1;1;1;1;1;1
25;result24_30.xmi;1;1;1;1;1;1;1;1;1;1;1;1;1;1;1;1;1;1;0;0;0;1;1;1;1;1;0;0;0;0;1;1;1;1;1;1;1;1;1;1;1;1;1;1;1;1;1;1;1;1;1
26;result25_30.xmi;1;1;0;0;0;0;0;1;1;1;1;1;1;1;1;0;1;0;0;0;0;0;0;0;0;0;0;0;0;0;1;1;1;1;1;1;0;0;0;0;1;1;1;1;1;1;0;1;1;1;1
27;result26_30.xmi;1;1;1;1;1;1;1;1;1;1;1;1;1;1;1;1;1;1;1;1;1;1;0;1;0;1;0;0;0;0;1;1;1;1;1;1;1;1;1;1;1;1;1;1;1;1;1;1;1;1;1
28;result27_30.xmi;1;1;1;1;1;1;1;1;1;1;1;1;1;1;1;1;1;1;1;1;1;1;1;1;1;1;0;0;0;0;1;1;1;1;1;1;1;1;1;1;1;1;1;1;1;1;1;1;1;1;1
29;result28_30.xmi;1;1;1;0;0;0;0;1;1;1;1;1;1;1;1;1;1;1;1;1;1;1;0;1;0;1;0;0;0;0;1;1;1;1;1;1;1;1;1;1;1;1;1;1;1;1;1;1;1;1;1
30;result29_30.xmi;0;0;0;0;0;0;0;1;0;0;0;0;0;1;0;0;1;0;0;0;0;0;0;0;0;0;0;0;0;0;0;0;0;0;0;0;0;0;0;0;0;0;0;1;0;1;1;1;1;1;1
Round no.;File;StateInRegion_M1;StateInRegion_M2;choiceHasNoIncoming_M1;choiceHasNoIncoming_M2;choiceHasNoIncoming_M3;choiceHasNoIncoming_M4;choiceHasNoIncoming_M5;choiceHasNoIncoming_M6;choiceHasNoOutgoing_M1;choiceHasNoOutgoing_M2;choiceHasNoOutgoing_M3;choiceHasNoOutgoing_M4;choiceHasNoOutgoing_M5;choiceHasNoOutgoing_M6;entryInRegion_M1;entryInRegion_M2;incomingToEntry_1;incomingToEntry_2;incomingToEntry_3;incomingToEntry_4;incomingToEntry_5;multipleEntryInRegion_M1;multipleEntryInRegion_M2;multipleEntryInRegion_M3;multipleEntryInRegion_M4;multipleEntryInRegion_M5;multipleTransitionFromEntry_M1;multipleTransitionFromEntry_M2;multipleTransitionFromEntry_M3;multipleTransitionFromEntry_M4;noEntryInRegion_M1;noEntryInRegion_M2;noEntryInRegion_M3;noEntryInRegion_M4;noEntryInRegion_M5;noOutgoingTransitionFromEntry_M1;noOutgoingTransitionFromEntry_M2;noOutgoingTransitionFromEntry_M3;noOutgoingTransitionFromEntry_M4;noOutgoingTransitionFromEntry_M5;noStateInRegion_M1;noStateInRegion_M2;noStateInRegion_M3;outgoingFromExit_M1;outgoingFromExit_M2;outgoingFromFinal_M1;outgoingFromFinal_M2;transition_M1;transition_M2;transition_M3;transition_M4
1;result0_30.xmi;1;1;1;0;0;0;0;1;1;1;1;1;1;1;1;1;1;1;1;1;1;0;0;0;0;0;1;1;1;1;1;1;1;1;1;1;0;0;0;0;0;0;1;1;1;1;1;1;1;1;1
2;result1_30.xmi;1;1;1;0;0;0;0;1;1;1;1;1;1;1;1;1;1;1;1;1;1;1;0;1;0;1;0;0;0;0;1;1;1;1;1;1;1;1;1;1;1;1;1;1;1;1;1;1;1;1;1
3;result2_30.xmi;0;0;0;0;0;0;0;1;0;0;0;0;0;1;0;0;1;0;0;0;0;0;0;0;0;0;0;0;0;0;0;0;0;0;0;0;0;0;0;0;0;0;0;1;1;1;1;1;1;1;1
4;result3_30.xmi;0;0;0;0;0;0;0;1;0;0;0;0;0;1;0;0;1;1;1;1;1;0;0;0;0;0;1;1;1;1;0;0;0;0;0;0;0;0;0;0;0;0;0;1;0;1;1;1;1;1;1
5;result4_30.xmi;1;1;1;1;1;1;1;1;1;1;1;1;1;1;1;1;1;1;0;0;0;1;1;1;1;1;1;1;1;1;0;0;1;1;1;1;1;1;1;1;0;0;1;1;1;1;1;1;1;1;1
6;result5_30.xmi;1;1;1;1;1;1;1;1;1;1;1;1;1;1;1;1;1;1;0;0;0;1;1;1;1;1;0;0;0;0;1;1;1;1;1;1;1;1;1;1;1;1;1;1;1;1;1;1;1;1;1
7;result6_30.xmi;1;0;1;0;0;0;0;1;1;1;1;1;1;1;1;0;1;0;0;0;0;0;0;0;0;0;0;0;0;0;1;1;1;1;1;1;0;0;0;0;1;1;1;1;1;1;1;1;1;1;1
8;result7_30.xmi;1;1;0;0;0;0;0;0;1;0;0;0;0;0;1;0;1;0;0;0;0;0;0;0;0;0;0;0;0;0;1;1;1;1;1;1;0;0;0;0;1;1;1;1;1;1;1;1;1;1;1
9;result8_30.xmi;1;1;1;0;0;0;0;1;1;1;1;1;1;1;1;1;1;1;1;1;1;1;0;1;0;1;0;0;0;0;1;1;1;1;1;1;1;1;1;1;1;1;1;1;1;1;1;1;1;1;1
10;result9_30.xmi;1;1;1;1;1;1;1;1;1;1;1;1;1;1;1;1;1;1;1;1;1;1;1;1;1;1;0;0;0;0;1;1;1;1;1;1;1;1;1;1;1;1;1;1;1;1;1;1;1;1;1
11;result10_30.xmi;1;1;1;0;0;0;0;0;1;0;0;0;0;0;1;1;1;1;1;1;1;1;1;1;1;1;0;0;0;0;1;1;1;1;1;1;1;1;1;1;1;1;1;1;1;1;0;1;1;1;1
12;result11_30.xmi;1;1;1;0;0;0;0;1;1;1;1;1;1;1;1;1;1;1;1;1;1;1;1;1;1;1;1;1;1;1;1;1;1;1;1;1;1;1;1;1;1;1;1;1;1;1;0;1;1;1;1
13;result12_30.xmi;1;1;1;0;0;0;0;1;1;1;1;1;1;1;1;0;1;0;0;0;0;0;0;0;0;0;0;0;0;0;1;1;1;1;1;1;0;0;0;0;1;1;1;1;1;1;1;1;1;1;1
14;result13_30.xmi;1;1;1;0;0;0;0;1;1;1;1;1;1;1;1;1;1;1;0;0;0;1;0;1;0;1;1;1;1;1;1;1;1;1;1;1;0;0;0;0;1;1;1;1;1;1;0;1;1;1;1
15;result14_30.xmi;1;1;1;0;0;0;0;1;1;1;1;1;1;1;1;1;1;1;1;1;1;1;1;1;1;1;1;1;1;1;1;1;1;1;1;1;1;1;1;1;1;1;1;1;1;1;0;1;1;1;1
16;result15_30.xmi;0;0;0;0;0;0;0;0;0;0;0;0;0;0;0;0;1;1;1;1;1;0;0;0;0;0;1;1;1;1;0;0;0;0;0;0;0;0;0;0;0;0;0;1;1;1;0;1;1;1;1
17;result16_30.xmi;1;1;1;0;0;0;0;1;1;1;1;1;1;1;1;1;1;1;0;0;0;1;1;1;1;1;1;1;1;1;1;1;1;1;1;1;1;1;1;1;1;1;1;1;1;1;1;1;1;1;1
18;result17_30.xmi;1;1;1;1;1;1;1;1;1;0;0;0;0;1;1;1;1;1;1;1;1;1;1;1;1;1;0;0;0;0;1;1;1;1;1;1;1;1;1;1;1;1;1;1;1;1;1;1;1;1;1
19;result18_30.xmi;1;1;1;1;1;1;1;1;1;1;1;1;1;1;1;1;1;1;1;1;1;1;1;1;1;1;1;1;1;1;1;1;1;1;1;1;1;1;1;1;1;1;1;1;1;1;1;1;1;1;1
20;result19_30.xmi;1;1;1;0;0;0;0;1;1;1;1;1;1;1;1;1;1;1;1;1;1;1;0;1;0;1;1;1;1;1;1;1;1;1;1;1;0;0;0;0;1;1;1;1;1;1;1;1;1;1;1
21;result20_30.xmi;1;0;1;1;1;1;1;1;1;0;0;0;0;1;1;1;1;1;1;1;1;1;1;1;1;1;1;1;1;1;1;1;1;1;1;1;1;1;1;1;1;1;1;1;1;1;1;1;1;1;1
22;result21_30.xmi;1;1;1;0;0;0;0;0;1;0;0;0;0;0;1;1;1;1;1;1;1;1;1;1;1;1;1;1;1;1;1;1;1;1;1;1;1;1;1;1;1;1;1;1;1;1;1;1;1;1;1
23;result22_30.xmi;1;1;1;0;0;0;0;1;1;1;1;1;1;1;1;1;1;1;1;1;1;1;1;1;1;1;0;0;0;0;1;1;1;1;1;1;1;1;1;1;1;1;1;1;1;1;1;1;1;1;1
24;result23_30.xmi;1;1;1;1;1;1;1;1;1;1;1;1;1;1;1;1;1;1;1;1;1;1;1;1;1;1;0;0;0;0;1;1;1;1;1;1;1;1;1;1;1;1;1;1;1;1;1;1;1;1;1
25;result24_30.xmi;1;1;1;0;0;0;0;0;1;0;0;0;0;0;1;1;1;1;1;1;1;1;1;1;1;1;0;0;0;0;1;1;1;1;1;1;1;1;1;1;1;1;1;1;1;1;1;1;1;1;1
26;result25_30.xmi;1;1;1;0;0;0;0;1;1;1;1;1;1;1;1;1;1;1;1;1;1;1;0;1;0;1;1;1;1;1;1;1;1;1;1;1;0;0;0;0;1;1;1;1;1;1;1;1;1;1;1
27;result26_30.xmi;1;1;1;1;1;1;1;1;1;1;1;1;1;1;1;1;1;1;1;1;1;1;1;1;1;1;1;1;1;1;1;1;1;1;1;1;1;1;1;1;1;1;1;1;1;1;0;1;1;1;1
28;result27_30.xmi;1;0;1;0;0;0;0;0;1;0;0;0;0;0;1;1;1;1;0;0;0;1;0;1;0;1;0;0;0;0;1;1;1;1;1;1;1;1;1;1;1;1;1;1;1;1;1;1;1;1;1
29;result28_30.xmi;1;1;1;0;0;0;0;0;1;0;0;0;0;0;1;1;1;1;1;1;1;1;1;1;1;1;1;1;1;1;1;1;1;1;1;1;1;1;1;1;1;1;1;1;1;1;0;1;1;1;1
30;result29_30.xmi;1;1;1;0;0;0;0;0;1;0;0;0;0;0;1;0;1;0;0;0;0;0;0;0;0;0;0;0;0;0;1;1;1;1;1;1;0;0;0;0;1;1;1;1;1;1;1;1;1;1;1
Round no.;File;StateInRegion_M1;StateInRegion_M2;choiceHasNoIncoming_M1;choiceHasNoIncoming_M2;choiceHasNoIncoming_M3;choiceHasNoIncoming_M4;choiceHasNoIncoming_M5;choiceHasNoIncoming_M6;choiceHasNoOutgoing_M1;choiceHasNoOutgoing_M2;choiceHasNoOutgoing_M3;choiceHasNoOutgoing_M4;choiceHasNoOutgoing_M5;choiceHasNoOutgoing_M6;entryInRegion_M1;entryInRegion_M2;incomingToEntry_1;incomingToEntry_2;incomingToEntry_3;incomingToEntry_4;incomingToEntry_5;multipleEntryInRegion_M1;multipleEntryInRegion_M2;multipleEntryInRegion_M3;multipleEntryInRegion_M4;multipleEntryInRegion_M5;multipleTransitionFromEntry_M1;multipleTransitionFromEntry_M2;multipleTransitionFromEntry_M3;multipleTransitionFromEntry_M4;noEntryInRegion_M1;noEntryInRegion_M2;noEntryInRegion_M3;noEntryInRegion_M4;noEntryInRegion_M5;noOutgoingTransitionFromEntry_M1;noOutgoingTransitionFromEntry_M2;noOutgoingTransitionFromEntry_M3;noOutgoingTransitionFromEntry_M4;noOutgoingTransitionFromEntry_M5;noStateInRegion_M1;noStateInRegion_M2;noStateInRegion_M3;outgoingFromExit_M1;outgoingFromExit_M2;outgoingFromFinal_M1;outgoingFromFinal_M2;transition_M1;transition_M2;transition_M3;transition_M4
1;result0_30.xmi;1;0;0;0;0;0;0;1;1;1;1;1;1;1;1;0;1;0;0;0;0;0;0;0;0;0;0;0;0;0;1;1;1;1;1;1;0;0;0;0;1;1;1;1;1;1;0;1;1;1;1
2;result1_30.xmi;0;0;0;0;0;0;0;0;0;0;0;0;0;0;0;0;1;0;0;0;0;0;0;0;0;0;0;0;0;0;0;0;0;0;0;0;0;0;0;0;0;0;0;1;1;1;1;1;1;1;1
3;result2_30.xmi;1;1;1;0;0;0;0;1;1;1;1;1;1;1;1;1;1;1;1;1;1;1;1;1;1;1;1;1;1;1;0;0;1;1;1;1;1;1;1;1;0;0;1;1;1;1;1;1;1;1;1
4;result3_30.xmi;0;0;0;0;0;0;0;0;1;0;0;0;0;0;0;0;1;1;1;1;1;0;0;0;0;0;1;1;1;1;0;0;0;0;0;1;0;0;0;0;0;0;0;1;1;1;0;1;1;1;1
5;result4_30.xmi;0;0;0;0;0;0;0;1;0;0;0;0;0;1;0;0;1;1;1;1;1;0;0;0;0;0;1;1;1;1;0;0;0;0;0;0;0;0;0;0;0;0;0;1;1;1;0;1;1;1;1
6;result5_30.xmi;0;0;0;0;0;0;0;1;0;0;0;0;0;1;0;0;1;0;0;0;0;0;0;0;0;0;0;0;0;0;0;0;0;0;0;0;0;0;0;0;0;0;0;1;1;1;0;1;1;1;1
7;result6_30.xmi;1;0;1;0;0;0;0;1;1;1;1;1;1;1;1;1;1;1;1;1;1;1;1;1;1;1;1;1;1;1;1;1;1;1;1;1;1;1;1;1;1;1;1;1;0;1;1;1;1;1;1
8;result7_30.xmi;1;0;1;0;0;0;0;1;1;1;1;1;1;1;1;1;1;1;1;1;1;1;1;1;1;1;1;1;1;1;1;1;1;1;1;1;1;1;1;1;1;1;1;1;1;1;1;1;1;1;1
9;result8_30.xmi;1;0;1;1;1;1;1;1;1;1;1;1;1;1;1;1;1;1;1;1;1;1;1;1;1;1;1;1;1;1;0;0;1;1;1;1;1;1;1;1;1;1;1;1;1;1;0;1;1;1;1
10;result9_30.xmi;0;0;0;0;0;0;0;1;0;0;0;0;0;1;0;0;1;0;0;0;0;0;0;0;0;0;0;0;0;0;0;0;0;0;0;0;0;0;0;0;0;0;0;1;0;1;1;1;1;1;1
11;result10_30.xmi;0;0;0;0;0;0;0;1;0;0;0;0;0;1;0;0;1;1;1;1;1;0;0;0;0;0;1;1;1;1;0;0;0;0;0;0;0;0;0;0;0;0;0;1;0;1;1;1;1;1;1
12;result11_30.xmi;1;1;0;0;0;0;0;1;1;0;0;0;0;1;1;1;1;1;1;1;1;1;0;1;0;1;1;1;1;1;0;0;1;1;1;1;0;0;0;0;0;0;1;1;1;1;0;1;1;1;1
13;result12_30.xmi;1;1;1;0;0;0;0;1;1;1;1;1;1;1;1;0;1;0;0;0;0;0;0;0;0;0;0;0;0;0;1;1;1;1;1;1;0;0;0;0;0;0;1;1;1;1;1;1;1;1;1
14;result13_30.xmi;1;0;1;0;0;0;0;1;1;1;1;1;1;1;1;1;1;1;1;1;1;1;1;1;1;1;1;1;1;1;0;0;1;1;1;1;1;1;1;1;1;1;1;1;1;1;0;1;1;1;1
15;result14_30.xmi;1;1;1;1;1;1;1;1;1;1;1;1;1;1;1;1;1;1;0;0;0;1;0;1;0;1;0;0;0;0;1;1;1;1;1;1;1;1;1;1;1;1;1;1;1;1;1;1;1;1;1
16;result15_30.xmi;1;0;1;1;1;1;1;1;1;1;1;1;1;1;1;1;1;1;1;1;1;1;1;1;1;1;1;1;1;1;0;0;1;1;1;1;1;1;1;1;1;1;1;1;1;1;0;1;1;1;1
17;result16_30.xmi;1;1;1;0;0;0;0;0;1;0;0;0;0;0;1;1;1;1;0;0;0;1;0;1;0;1;1;1;1;1;1;1;1;1;1;1;0;0;0;0;1;1;1;1;1;1;1;1;1;1;1
18;result17_30.xmi;1;1;1;0;0;0;0;0;1;0;0;0;0;0;1;1;1;1;1;1;1;1;1;1;1;1;1;1;1;1;1;1;1;1;1;1;1;1;1;1;1;1;1;1;1;1;1;1;1;1;1
19;result18_30.xmi;0;0;0;0;0;0;0;0;0;0;0;0;0;0;0;0;1;0;0;0;0;0;0;0;0;0;0;0;0;0;0;0;0;0;0;0;0;0;0;0;0;0;0;1;1;1;0;1;1;1;1
20;result19_30.xmi;1;1;1;0;0;0;0;1;1;1;1;1;1;1;1;1;1;1;0;0;0;1;1;1;1;1;0;0;0;0;1;1;1;1;1;1;1;1;1;1;1;1;1;1;1;1;1;1;1;1;1
21;result20_30.xmi;1;1;1;1;1;1;1;1;1;1;1;1;1;1;1;1;1;1;1;1;1;1;1;1;1;1;0;0;0;0;1;1;1;1;1;1;1;1;1;1;1;1;1;1;0;1;0;1;1;1;1
22;result21_30.xmi;1;1;1;1;1;1;1;1;1;1;1;1;1;1;1;1;1;1;1;1;1;1;1;1;1;1;0;0;0;0;1;1;1;1;1;1;1;1;1;1;1;1;1;1;1;1;1;1;1;1;1
23;result22_30.xmi;1;1;1;0;0;0;0;0;1;0;0;0;0;0;1;1;1;1;1;1;1;1;1;1;1;1;1;1;1;1;1;1;1;1;1;1;1;1;1;1;1;1;1;1;1;1;1;1;1;1;1
24;result23_30.xmi;1;1;1;1;1;1;1;1;1;1;1;1;1;1;1;1;1;1;0;0;0;1;0;1;0;1;0;0;0;0;1;1;1;1;1;1;1;1;1;1;1;1;1;1;1;1;1;1;1;1;1
25;result24_30.xmi;0;0;0;0;0;0;0;0;0;0;0;0;0;0;0;0;1;1;1;1;1;0;0;0;0;0;1;1;1;1;0;0;0;0;0;0;0;0;0;0;0;0;0;1;1;1;1;1;1;1;1
26;result25_30.xmi;0;0;0;0;0;0;0;0;0;0;0;0;0;0;0;0;1;0;0;0;0;0;0;0;0;0;0;0;0;0;0;0;0;0;0;0;0;0;0;0;0;0;0;1;0;1;1;1;1;1;1
27;result26_30.xmi;1;0;1;0;0;0;0;1;1;1;1;1;1;1;1;1;1;1;1;1;1;1;1;1;1;1;1;1;1;1;0;0;1;1;1;1;1;1;1;1;1;1;1;1;1;1;1;1;1;1;1
28;result27_30.xmi;1;1;1;0;0;0;0;1;1;1;1;1;1;1;1;1;1;1;1;1;1;1;1;1;1;1;1;1;1;1;0;0;1;1;1;1;1;1;1;1;0;0;1;1;1;1;1;1;1;1;1
29;result28_30.xmi;1;1;1;1;1;1;1;1;1;1;1;1;1;1;1;1;1;1;1;1;1;1;0;1;0;1;0;0;0;0;1;1;1;1;1;1;1;1;1;1;1;1;1;1;1;1;0;1;1;1;1
30;result29_30.xmi;0;0;0;0;0;0;0;1;0;0;0;0;0;1;0;0;1;0;0;0;0;0;0;0;0;0;0;0;0;0;0;0;0;0;0;0;0;0;0;0;0;0;0;1;1;1;0;1;1;1;1
Round no.;File;StateInRegion_M1;StateInRegion_M2;choiceHasNoIncoming_M1;choiceHasNoIncoming_M2;choiceHasNoIncoming_M3;choiceHasNoIncoming_M4;choiceHasNoIncoming_M5;choiceHasNoIncoming_M6;choiceHasNoOutgoing_M1;choiceHasNoOutgoing_M2;choiceHasNoOutgoing_M3;choiceHasNoOutgoing_M4;choiceHasNoOutgoing_M5;choiceHasNoOutgoing_M6;entryInRegion_M1;entryInRegion_M2;incomingToEntry_1;incomingToEntry_2;incomingToEntry_3;incomingToEntry_4;incomingToEntry_5;multipleEntryInRegion_M1;multipleEntryInRegion_M2;multipleEntryInRegion_M3;multipleEntryInRegion_M4;multipleEntryInRegion_M5;multipleTransitionFromEntry_M1;multipleTransitionFromEntry_M2;multipleTransitionFromEntry_M3;multipleTransitionFromEntry_M4;noEntryInRegion_M1;noEntryInRegion_M2;noEntryInRegion_M3;noEntryInRegion_M4;noEntryInRegion_M5;noOutgoingTransitionFromEntry_M1;noOutgoingTransitionFromEntry_M2;noOutgoingTransitionFromEntry_M3;noOutgoingTransitionFromEntry_M4;noOutgoingTransitionFromEntry_M5;noStateInRegion_M1;noStateInRegion_M2;noStateInRegion_M3;outgoingFromExit_M1;outgoingFromExit_M2;outgoingFromFinal_M1;outgoingFromFinal_M2;transition_M1;transition_M2;transition_M3;transition_M4
1;result0_30.xmi;1;1;1;1;1;1;1;1;1;0;0;0;0;1;1;1;1;1;1;1;1;1;0;1;0;1;0;0;0;0;1;1;1;1;1;1;1;1;1;1;1;1;1;1;1;1;1;1;1;1;1
2;result1_30.xmi;0;0;0;0;0;0;0;1;0;0;0;0;0;1;0;0;1;1;1;1;1;0;0;0;0;0;1;1;1;1;0;0;0;0;0;0;0;0;0;0;0;0;0;1;0;1;0;1;1;1;1
3;result2_30.xmi;1;1;1;0;0;0;0;1;1;1;1;1;1;1;1;1;1;1;0;0;0;0;0;0;0;0;1;1;1;1;1;1;1;1;1;1;0;0;0;0;1;1;1;1;1;1;1;1;1;1;1
4;result3_30.xmi;1;1;1;1;1;1;1;1;1;1;1;1;1;1;1;1;1;1;1;1;1;1;1;1;1;1;1;1;1;1;1;1;1;1;1;1;1;1;1;1;1;1;1;1;1;1;1;1;1;1;1
5;result4_30.xmi;1;1;1;0;0;0;0;0;1;0;0;0;0;0;1;1;1;1;1;1;1;1;1;1;1;1;1;1;1;1;0;0;1;1;1;1;1;1;1;1;0;0;1;1;1;1;1;1;1;1;1
6;result5_30.xmi;1;1;1;0;0;0;0;1;1;1;1;1;1;1;1;1;1;1;1;1;1;1;1;1;1;1;1;1;1;1;1;1;1;1;1;1;1;1;1;1;1;1;1;1;1;1;1;1;1;1;1
7;result6_30.xmi;0;0;0;0;0;0;0;1;0;0;0;0;0;1;0;0;1;1;1;1;1;0;0;0;0;0;1;1;1;1;0;0;0;0;0;0;0;0;0;0;0;0;0;1;0;1;0;1;1;1;1
8;result7_30.xmi;1;1;1;0;0;0;0;0;1;0;0;0;0;0;1;1;1;1;1;1;1;1;1;1;1;1;1;1;1;1;0;0;1;1;1;1;1;1;1;1;0;0;1;1;1;1;0;1;1;1;1
9;result8_30.xmi;1;0;0;0;0;0;0;1;1;1;1;1;1;1;1;1;1;1;1;1;1;1;0;1;0;1;0;0;0;0;0;0;1;1;1;1;1;1;1;1;1;1;1;1;1;1;1;1;1;1;1
10;result9_30.xmi;0;0;0;0;0;0;0;0;0;0;0;0;0;0;0;0;1;0;0;0;0;0;0;0;0;0;0;0;0;0;0;0;0;0;0;0;0;0;0;0;0;0;0;1;1;1;0;1;1;1;1
11;result10_30.xmi;1;1;1;0;0;0;0;1;1;1;1;1;1;1;1;1;1;1;0;0;0;0;0;0;0;0;1;1;1;1;1;1;1;1;1;1;0;0;0;0;1;1;1;1;1;1;1;1;1;1;1
12;result11_30.xmi;1;1;1;0;0;0;0;0;1;0;0;0;0;0;1;0;1;0;0;0;0;0;0;0;0;0;0;0;0;0;1;1;1;1;1;1;0;0;0;0;1;1;1;1;1;1;1;1;1;1;1
13;result12_30.xmi;0;0;0;0;0;0;0;1;0;0;0;0;0;1;0;0;1;0;0;0;0;0;0;0;0;0;0;0;0;0;0;0;0;0;0;0;0;0;0;0;0;0;0;1;0;1;1;1;1;1;1
14;result13_30.xmi;1;1;1;0;0;0;0;1;1;1;1;1;1;1;1;1;1;1;1;1;1;1;0;1;0;1;0;0;0;0;1;1;1;1;1;1;1;1;1;1;1;1;1;1;1;1;1;1;1;1;1
15;result14_30.xmi;0;0;0;0;0;0;0;1;0;0;0;0;0;1;0;0;1;0;0;0;0;0;0;0;0;0;0;0;0;0;0;0;0;0;0;0;0;0;0;0;0;0;0;1;1;1;0;1;1;1;1
16;result15_30.xmi;1;1;1;1;1;1;1;1;1;1;1;1;1;1;1;0;1;0;0;0;0;0;0;0;0;0;0;0;0;0;1;1;1;1;1;1;0;0;0;0;1;1;1;1;1;1;1;1;1;1;1
17;result16_30.xmi;1;1;1;1;1;1;1;1;1;1;1;1;1;1;1;1;1;1;1;1;1;1;0;1;0;1;1;1;1;1;1;1;1;1;1;1;0;0;0;0;1;1;1;1;0;1;1;1;1;1;1
18;result17_30.xmi;1;1;1;0;0;0;0;1;1;1;1;1;1;1;1;1;1;1;1;1;1;1;0;1;0;1;0;0;0;0;1;1;1;1;1;1;1;1;1;1;1;1;1;1;1;1;1;1;1;1;1
19;result18_30.xmi;1;0;1;0;0;0;0;0;1;0;0;0;0;0;1;1;1;1;1;1;1;1;1;1;1;1;1;1;1;1;1;1;1;1;1;1;1;1;1;1;1;1;1;1;0;1;1;1;1;1;1
20;result19_30.xmi;1;1;1;1;1;1;1;1;1;1;1;1;1;1;1;0;1;0;0;0;0;0;0;0;0;0;0;0;0;0;1;1;1;1;1;1;0;0;0;0;1;1;1;1;1;1;1;1;1;1;1
21;result20_30.xmi;0;0;0;0;0;0;0;0;0;0;0;0;0;0;0;0;1;0;0;0;0;0;0;0;0;0;0;0;0;0;0;0;0;0;0;0;0;0;0;0;0;0;0;1;0;1;1;1;1;1;1
22;result21_30.xmi;0;0;0;0;0;0;0;0;0;0;0;0;0;0;0;0;1;1;1;1;1;0;0;0;0;0;1;1;1;1;0;0;0;0;0;0;0;0;0;0;0;0;0;1;1;1;0;1;1;1;1
23;result22_30.xmi;0;0;0;0;0;0;0;1;0;0;0;0;0;1;0;0;1;1;1;1;1;0;0;0;0;0;1;1;1;1;0;0;0;0;0;0;0;0;0;0;0;0;0;1;1;1;0;1;1;1;1
24;result23_30.xmi;1;1;0;0;0;0;0;1;1;1;1;1;1;1;1;1;1;1;1;1;1;1;0;1;0;1;1;1;1;1;1;1;1;1;1;1;0;0;0;0;1;1;1;1;1;1;1;1;1;1;1
25;result24_30.xmi;1;1;1;0;0;0;0;1;1;1;1;1;1;1;1;1;1;1;1;1;1;1;0;1;0;1;1;1;1;1;1;1;1;1;1;1;0;0;0;0;1;1;1;1;0;1;1;1;1;1;1
26;result25_30.xmi;0;0;0;0;0;0;0;0;0;0;0;0;0;0;0;0;1;1;1;1;1;0;0;0;0;0;1;1;1;1;0;0;0;0;0;0;0;0;0;0;0;0;0;1;1;1;0;1;1;1;1
27;result26_30.xmi;1;1;1;1;1;1;1;1;1;1;1;1;1;1;1;0;1;0;0;0;0;0;0;0;0;0;0;0;0;0;1;1;1;1;1;1;0;0;0;0;1;1;1;1;1;1;1;1;1;1;1
28;result27_30.xmi;1;1;1;0;0;0;0;0;1;0;0;0;0;0;1;1;1;1;1;1;1;1;1;1;1;1;0;0;0;0;1;1;1;1;1;1;1;1;1;1;1;1;1;1;0;1;0;1;1;1;1
29;result28_30.xmi;1;1;1;1;1;1;1;1;1;0;0;0;0;1;1;1;1;1;1;1;1;1;0;1;0;1;0;0;0;0;1;1;1;1;1;1;1;1;1;1;1;1;1;1;1;1;0;1;1;1;1
30;result29_30.xmi;1;0;1;1;1;1;1;1;1;1;1;1;1;1;1;1;1;1;1;1;1;1;1;1;1;1;1;1;1;1;1;1;1;1;1;1;1;1;1;1;1;1;1;1;1;1;1;1;1;1;1
Round no.;File;StateInRegion_M1;StateInRegion_M2;choiceHasNoIncoming_M1;choiceHasNoIncoming_M2;choiceHasNoIncoming_M3;choiceHasNoIncoming_M4;choiceHasNoIncoming_M5;choiceHasNoIncoming_M6;choiceHasNoOutgoing_M1;choiceHasNoOutgoing_M2;choiceHasNoOutgoing_M3;choiceHasNoOutgoing_M4;choiceHasNoOutgoing_M5;choiceHasNoOutgoing_M6;entryInRegion_M1;entryInRegion_M2;incomingToEntry_1;incomingToEntry_2;incomingToEntry_3;incomingToEntry_4;incomingToEntry_5;multipleEntryInRegion_M1;multipleEntryInRegion_M2;multipleEntryInRegion_M3;multipleEntryInRegion_M4;multipleEntryInRegion_M5;multipleTransitionFromEntry_M1;multipleTransitionFromEntry_M2;multipleTransitionFromEntry_M3;multipleTransitionFromEntry_M4;noEntryInRegion_M1;noEntryInRegion_M2;noEntryInRegion_M3;noEntryInRegion_M4;noEntryInRegion_M5;noOutgoingTransitionFromEntry_M1;noOutgoingTransitionFromEntry_M2;noOutgoingTransitionFromEntry_M3;noOutgoingTransitionFromEntry_M4;noOutgoingTransitionFromEntry_M5;noStateInRegion_M1;noStateInRegion_M2;noStateInRegion_M3;outgoingFromExit_M1;outgoingFromExit_M2;outgoingFromFinal_M1;outgoingFromFinal_M2;transition_M1;transition_M2;transition_M3;transition_M4
1;result0_30.xmi;1;1;1;0;0;0;0;1;1;1;1;1;1;1;1;0;1;0;0;0;0;0;0;0;0;0;0;0;0;0;1;1;1;1;1;1;0;0;0;0;1;1;1;1;1;1;1;1;1;1;1
2;result1_30.xmi;1;1;1;0;0;0;0;1;1;1;1;1;1;1;1;1;1;1;1;1;1;1;1;1;1;1;1;1;1;1;1;1;1;1;1;1;1;1;1;1;1;1;1;1;1;1;1;1;1;1;1
3;result2_30.xmi;0;0;0;0;0;0;0;1;0;0;0;0;0;1;0;0;1;1;1;1;1;0;0;0;0;0;1;1;1;1;0;0;0;0;0;0;0;0;0;0;0;0;0;1;0;1;0;1;1;1;1
4;result3_30.xmi;1;1;1;1;1;1;1;1;1;1;1;1;1;1;1;1;1;1;1;1;1;1;1;1;1;1;0;0;0;0;1;1;1;1;1;1;1;1;1;1;1;1;1;1;0;1;1;1;1;1;1
5;result4_30.xmi;1;1;1;0;0;0;0;1;1;1;1;1;1;1;1;1;1;1;0;0;0;1;1;1;1;1;1;1;1;1;1;1;1;1;1;1;1;1;1;1;1;1;1;1;0;1;1;1;1;1;1
6;result5_30.xmi;1;1;1;0;0;0;0;0;1;0;0;0;0;0;1;1;1;1;1;1;1;1;1;1;1;1;1;1;1;1;1;1;1;1;1;1;1;1;1;1;1;1;1;1;1;1;0;1;1;1;1
7;result6_30.xmi;1;0;1;1;1;1;1;1;1;1;1;1;1;1;1;1;1;1;1;1;1;1;1;1;1;1;1;1;1;1;1;1;1;1;1;1;1;1;1;1;1;1;1;1;1;1;0;1;1;1;1
8;result7_30.xmi;1;1;1;0;0;0;0;1;1;1;1;1;1;1;1;1;1;1;1;1;1;1;1;1;1;1;1;1;1;1;0;0;1;1;1;1;1;1;1;1;0;0;1;1;0;1;1;1;1;1;1
9;result8_30.xmi;1;1;1;0;0;0;0;1;1;1;1;1;1;1;1;1;1;1;1;1;1;1;1;1;1;1;0;0;0;0;1;1;1;1;1;1;1;1;1;1;1;1;1;1;1;1;1;1;1;1;1
10;result9_30.xmi;1;1;1;1;1;1;1;1;1;1;1;1;1;1;1;1;1;1;1;1;1;1;0;1;0;1;0;0;0;0;1;1;1;1;1;1;1;1;1;1;1;1;1;1;1;1;1;1;1;1;1
11;result10_30.xmi;1;1;1;0;0;0;0;1;1;1;1;1;1;1;1;1;1;1;0;0;0;1;0;1;0;1;1;1;1;1;0;0;1;1;1;1;0;0;0;0;0;0;1;1;1;1;1;1;1;1;1
12;result11_30.xmi;1;1;1;1;1;1;1;1;1;1;1;1;1;1;1;1;1;1;1;1;1;1;1;1;1;1;1;1;1;1;0;0;1;1;1;1;1;1;1;1;0;0;1;1;1;1;1;1;1;1;1
13;result12_30.xmi;1;1;1;0;0;0;0;1;1;1;1;1;1;1;1;1;1;1;1;1;1;1;1;1;1;1;0;0;0;0;1;1;1;1;1;1;1;1;1;1;1;1;1;1;1;1;1;1;1;1;1
14;result13_30.xmi;1;0;1;0;0;0;0;1;1;1;1;1;1;1;1;1;1;1;1;1;1;1;0;1;0;1;1;1;1;1;0;0;1;1;1;1;0;0;0;0;1;1;1;1;0;1;0;1;1;1;1
15;result14_30.xmi;1;0;1;0;0;0;0;1;1;1;1;1;1;1;1;1;1;1;0;0;0;1;0;1;0;1;1;1;1;1;0;0;1;1;1;1;0;0;0;0;1;1;1;1;1;1;0;1;1;1;1
16;result15_30.xmi;1;1;1;1;1;1;1;1;1;1;1;1;1;1;1;1;1;1;1;1;1;1;1;1;1;1;1;1;1;1;1;1;1;1;1;1;1;1;1;1;1;1;1;1;1;1;1;1;1;1;1
17;result16_30.xmi;1;1;0;0;0;0;0;0;1;0;0;0;0;0;1;1;1;1;1;1;1;1;1;1;1;1;1;1;1;1;0;0;1;1;1;1;1;1;1;1;0;0;1;1;1;1;1;1;1;1;1
18;result17_30.xmi;1;1;1;0;0;0;0;1;1;1;1;1;1;1;1;1;1;1;1;1;1;1;0;1;0;1;0;0;0;0;1;1;1;1;1;1;1;1;1;1;1;1;1;1;1;1;1;1;1;1;1
19;result18_30.xmi;1;0;0;0;0;0;0;1;1;1;1;1;1;1;1;0;1;0;0;0;0;0;0;0;0;0;0;0;0;0;1;1;1;1;1;1;0;0;0;0;1;1;1;1;1;1;1;1;1;1;1
20;result19_30.xmi;1;1;1;1;1;1;1;1;1;1;1;1;1;1;1;0;1;0;0;0;0;0;0;0;0;0;0;0;0;0;1;1;1;1;1;1;0;0;0;0;0;0;1;1;1;1;0;1;1;1;1
21;result20_30.xmi;1;1;1;0;0;0;0;0;1;0;0;0;0;0;1;1;1;1;1;1;1;1;1;1;1;1;1;1;1;1;0;0;1;1;1;1;1;1;1;1;0;0;1;1;1;1;1;1;1;1;1
22;result21_30.xmi;1;0;1;0;0;0;0;1;1;1;1;1;1;1;1;1;1;1;1;1;1;1;0;1;0;1;0;0;0;0;1;1;1;1;1;1;1;1;1;1;1;1;1;1;1;1;1;1;1;1;1
23;result22_30.xmi;1;1;1;1;1;1;1;1;1;1;1;1;1;1;1;1;1;1;1;1;1;1;1;1;1;1;0;0;0;0;0;0;1;1;1;1;1;1;1;1;0;0;1;1;0;1;1;1;1;1;1
24;result23_30.xmi;0;0;0;0;0;0;0;0;1;0;0;0;0;0;0;0;1;0;0;0;0;0;0;0;0;0;0;0;0;0;0;0;0;0;0;1;0;0;0;0;0;0;0;1;1;1;0;1;1;1;1
25;result24_30.xmi;0;0;0;0;0;0;0;0;0;0;0;0;0;0;0;0;1;1;1;1;1;0;0;0;0;0;1;1;1;1;0;0;0;0;0;0;0;0;0;0;0;0;0;1;0;1;1;1;1;1;1
26;result25_30.xmi;0;0;0;0;0;0;0;0;0;0;0;0;0;0;0;0;1;1;1;1;1;0;0;0;0;0;1;1;1;1;0;0;0;0;0;0;0;0;0;0;0;0;0;1;1;1;1;1;1;1;1
27;result26_30.xmi;0;0;0;0;0;0;0;1;1;0;0;0;0;1;0;0;1;0;0;0;0;0;0;0;0;0;0;0;0;0;0;0;0;0;0;1;0;0;0;0;0;0;0;1;1;1;1;1;1;1;1
28;result27_30.xmi;1;1;1;1;1;1;1;1;1;0;0;0;0;1;1;1;1;1;1;1;1;1;1;1;1;1;0;0;0;0;1;1;1;1;1;1;1;1;1;1;1;1;1;1;1;1;1;1;1;1;1
29;result28_30.xmi;0;0;0;0;0;0;0;1;0;0;0;0;0;1;0;0;1;0;0;0;0;0;0;0;0;0;0;0;0;0;0;0;0;0;0;0;0;0;0;0;0;0;0;1;0;1;1;1;1;1;1
30;result29_30.xmi;0;0;0;0;0;0;0;1;0;0;0;0;0;1;0;0;1;1;1;1;1;0;0;0;0;0;1;1;1;1;0;0;0;0;0;0;0;0;0;0;0;0;0;1;0;1;0;1;1;1;1
Round no.;File;StateInRegion_M1;StateInRegion_M2;choiceHasNoIncoming_M1;choiceHasNoIncoming_M2;choiceHasNoIncoming_M3;choiceHasNoIncoming_M4;choiceHasNoIncoming_M5;choiceHasNoIncoming_M6;choiceHasNoOutgoing_M1;choiceHasNoOutgoing_M2;choiceHasNoOutgoing_M3;choiceHasNoOutgoing_M4;choiceHasNoOutgoing_M5;choiceHasNoOutgoing_M6;entryInRegion_M1;entryInRegion_M2;incomingToEntry_1;incomingToEntry_2;incomingToEntry_3;incomingToEntry_4;incomingToEntry_5;multipleEntryInRegion_M1;multipleEntryInRegion_M2;multipleEntryInRegion_M3;multipleEntryInRegion_M4;multipleEntryInRegion_M5;multipleTransitionFromEntry_M1;multipleTransitionFromEntry_M2;multipleTransitionFromEntry_M3;multipleTransitionFromEntry_M4;noEntryInRegion_M1;noEntryInRegion_M2;noEntryInRegion_M3;noEntryInRegion_M4;noEntryInRegion_M5;noOutgoingTransitionFromEntry_M1;noOutgoingTransitionFromEntry_M2;noOutgoingTransitionFromEntry_M3;noOutgoingTransitionFromEntry_M4;noOutgoingTransitionFromEntry_M5;noStateInRegion_M1;noStateInRegion_M2;noStateInRegion_M3;outgoingFromExit_M1;outgoingFromExit_M2;outgoingFromFinal_M1;outgoingFromFinal_M2;transition_M1;transition_M2;transition_M3;transition_M4
1;result0_30.xmi;0;0;0;0;0;0;0;1;0;0;0;0;0;1;0;0;1;1;1;1;1;0;0;0;0;0;1;1;1;1;0;0;0;0;0;0;0;0;0;0;0;0;0;1;1;1;1;1;1;1;1
2;result1_30.xmi;1;1;1;1;1;1;1;1;1;1;1;1;1;1;1;1;1;1;1;1;1;1;1;1;1;1;0;0;0;0;1;1;1;1;1;1;1;1;1;1;1;1;1;1;1;1;1;1;1;1;1
3;result2_30.xmi;1;1;1;1;1;1;1;1;1;1;1;1;1;1;1;1;1;1;1;1;1;1;1;1;1;1;1;1;1;1;1;1;1;1;1;1;1;1;1;1;1;1;1;1;1;1;1;1;1;1;1
4;result3_30.xmi;1;1;1;0;0;0;0;0;1;0;0;0;0;0;1;0;1;0;0;0;0;0;0;0;0;0;0;0;0;0;1;1;1;1;1;1;0;0;0;0;1;1;1;1;1;1;1;1;1;1;1
5;result4_30.xmi;1;1;1;1;1;1;1;1;1;1;1;1;1;1;1;1;1;1;1;1;1;1;1;1;1;1;1;1;1;1;1;1;1;1;1;1;1;1;1;1;1;1;1;1;1;1;1;1;1;1;1
6;result5_30.xmi;1;1;1;0;0;0;0;1;1;1;1;1;1;1;1;1;1;1;1;1;1;1;0;1;0;1;0;0;0;0;0;0;1;1;1;1;1;1;1;1;0;0;1;1;1;1;1;1;1;1;1
7;result6_30.xmi;1;1;1;0;0;0;0;1;1;1;1;1;1;1;1;1;1;1;1;1;1;1;1;1;1;1;1;1;1;1;1;1;1;1;1;1;1;1;1;1;1;1;1;1;0;1;1;1;1;1;1
8;result7_30.xmi;1;1;1;0;0;0;0;1;1;1;1;1;1;1;1;1;1;1;1;1;1;1;0;1;0;1;0;0;0;0;0;0;1;1;1;1;1;1;1;1;0;0;1;1;1;1;1;1;1;1;1
9;result8_30.xmi;1;1;1;1;1;1;1;1;1;1;1;1;1;1;1;1;1;1;1;1;1;1;1;1;1;1;0;0;0;0;1;1;1;1;1;1;1;1;1;1;1;1;1;1;1;1;1;1;1;1;1
10;result9_30.xmi;1;1;1;1;1;1;1;1;1;1;1;1;1;1;1;1;1;1;1;1;1;1;1;1;1;1;1;1;1;1;1;1;1;1;1;1;1;1;1;1;1;1;1;1;1;1;1;1;1;1;1
11;result10_30.xmi;1;1;1;0;0;0;0;1;1;1;1;1;1;1;1;1;1;1;0;0;0;0;0;0;0;0;1;1;1;1;1;1;1;1;1;1;0;0;0;0;1;1;1;1;0;1;1;1;1;1;1
12;result11_30.xmi;0;0;0;0;0;0;0;0;1;0;0;0;0;0;0;0;1;0;0;0;0;0;0;0;0;0;0;0;0;0;0;0;0;0;0;1;0;0;0;0;0;0;0;1;1;1;0;1;1;1;1
13;result12_30.xmi;1;0;1;0;0;0;0;1;1;1;1;1;1;1;1;1;1;1;1;1;1;1;0;1;0;1;0;0;0;0;1;1;1;1;1;1;1;1;1;1;1;1;1;1;1;1;1;1;1;1;1
14;result13_30.xmi;1;0;1;1;1;1;1;1;1;1;1;1;1;1;1;0;1;0;0;0;0;0;0;0;0;0;0;0;0;0;1;1;1;1;1;1;0;0;0;0;1;1;1;1;1;1;1;1;1;1;1
15;result14_30.xmi;1;1;1;0;0;0;0;0;1;0;0;0;0;0;1;0;1;0;0;0;0;0;0;0;0;0;0;0;0;0;1;1;1;1;1;1;0;0;0;0;0;0;1;1;1;1;1;1;1;1;1
16;result15_30.xmi;1;1;1;1;1;1;1;1;1;1;1;1;1;1;1;1;1;1;1;1;1;0;0;0;0;0;1;1;1;1;1;1;1;1;1;1;0;0;0;0;1;1;1;1;0;1;1;1;1;1;1
17;result16_30.xmi;1;1;1;0;0;0;0;0;1;0;0;0;0;0;1;1;1;1;1;1;1;1;1;1;1;1;1;1;1;1;1;1;1;1;1;1;1;1;1;1;1;1;1;1;1;1;1;1;1;1;1
18;result17_30.xmi;0;0;0;0;0;0;0;0;0;0;0;0;0;0;0;0;1;0;0;0;0;0;0;0;0;0;0;0;0;0;0;0;0;0;0;0;0;0;0;0;0;0;0;1;1;1;1;1;1;1;1
19;result18_30.xmi;1;1;1;1;1;1;1;1;1;1;1;1;1;1;1;1;1;1;1;1;1;1;1;1;1;1;1;1;1;1;1;1;1;1;1;1;1;1;1;1;1;1;1;1;1;1;1;1;1;1;1
20;result19_30.xmi;1;1;1;1;1;1;1;1;1;0;0;0;0;1;1;1;1;1;1;1;1;1;0;1;0;1;1;1;1;1;0;0;1;1;1;1;0;0;0;0;0;0;1;1;0;1;0;1;1;1;1
21;result20_30.xmi;1;1;1;1;1;1;1;1;1;1;1;1;1;1;1;1;1;1;1;1;1;1;1;1;1;1;0;0;0;0;1;1;1;1;1;1;1;1;1;1;1;1;1;1;1;1;0;1;1;1;1
22;result21_30.xmi;1;1;1;1;1;1;1;1;1;1;1;1;1;1;1;1;1;1;1;1;1;1;1;1;1;1;0;0;0;0;1;1;1;1;1;1;1;1;1;1;1;1;1;1;1;1;1;1;1;1;1
23;result22_30.xmi;1;1;1;0;0;0;0;0;1;0;0;0;0;0;1;1;1;1;1;1;1;1;1;1;1;1;1;1;1;1;1;1;1;1;1;1;1;1;1;1;1;1;1;1;1;1;1;1;1;1;1
24;result23_30.xmi;1;0;0;0;0;0;0;1;1;1;1;1;1;1;1;0;1;0;0;0;0;0;0;0;0;0;0;0;0;0;1;1;1;1;1;1;0;0;0;0;1;1;1;1;1;1;1;1;1;1;1
25;result24_30.xmi;1;1;1;0;0;0;0;1;1;1;1;1;1;1;1;1;1;1;1;1;1;1;1;1;1;1;0;0;0;0;1;1;1;1;1;1;1;1;1;1;1;1;1;1;1;1;1;1;1;1;1
26;result25_30.xmi;1;1;1;0;0;0;0;0;1;0;0;0;0;0;1;1;1;1;0;0;0;1;0;1;0;1;1;1;1;1;0;0;1;1;1;1;0;0;0;0;0;0;1;1;1;1;1;1;1;1;1
27;result26_30.xmi;1;1;1;0;0;0;0;1;1;1;1;1;1;1;1;0;1;0;0;0;0;0;0;0;0;0;0;0;0;0;1;1;1;1;1;1;0;0;0;0;0;0;1;1;1;1;1;1;1;1;1
28;result27_30.xmi;1;1;0;0;0;0;0;1;1;1;1;1;1;1;1;1;1;1;1;1;1;1;1;1;1;1;0;0;0;0;1;1;1;1;1;1;1;1;1;1;1;1;1;1;0;1;1;1;1;1;1
29;result28_30.xmi;1;1;1;0;0;0;0;1;1;0;0;0;0;1;1;1;1;1;1;1;1;1;0;1;0;1;1;1;1;1;0;0;1;1;1;1;0;0;0;0;0;0;1;1;0;1;1;1;1;1;1
30;result29_30.xmi;0;0;0;0;0;0;0;1;0;0;0;0;0;1;0;0;1;0;0;0;0;0;0;0;0;0;0;0;0;0;0;0;0;0;0;0;0;0;0;0;0;0;0;1;1;1;1;1;1;1;1
Round no.;File;StateInRegion_M1;StateInRegion_M2;choiceHasNoIncoming_M1;choiceHasNoIncoming_M2;choiceHasNoIncoming_M3;choiceHasNoIncoming_M4;choiceHasNoIncoming_M5;choiceHasNoIncoming_M6;choiceHasNoOutgoing_M1;choiceHasNoOutgoing_M2;choiceHasNoOutgoing_M3;choiceHasNoOutgoing_M4;choiceHasNoOutgoing_M5;choiceHasNoOutgoing_M6;entryInRegion_M1;entryInRegion_M2;incomingToEntry_1;incomingToEntry_2;incomingToEntry_3;incomingToEntry_4;incomingToEntry_5;multipleEntryInRegion_M1;multipleEntryInRegion_M2;multipleEntryInRegion_M3;multipleEntryInRegion_M4;multipleEntryInRegion_M5;multipleTransitionFromEntry_M1;multipleTransitionFromEntry_M2;multipleTransitionFromEntry_M3;multipleTransitionFromEntry_M4;noEntryInRegion_M1;noEntryInRegion_M2;noEntryInRegion_M3;noEntryInRegion_M4;noEntryInRegion_M5;noOutgoingTransitionFromEntry_M1;noOutgoingTransitionFromEntry_M2;noOutgoingTransitionFromEntry_M3;noOutgoingTransitionFromEntry_M4;noOutgoingTransitionFromEntry_M5;noStateInRegion_M1;noStateInRegion_M2;noStateInRegion_M3;outgoingFromExit_M1;outgoingFromExit_M2;outgoingFromFinal_M1;outgoingFromFinal_M2;transition_M1;transition_M2;transition_M3;transition_M4
1;result0_30.xmi;1;1;1;1;1;1;1;1;1;1;1;1;1;1;1;0;1;0;0;0;0;0;0;0;0;0;0;0;0;0;1;1;1;1;1;1;0;0;0;0;1;1;1;1;0;1;1;1;1;1;1
2;result1_30.xmi;0;0;0;0;0;0;0;1;1;0;0;0;0;1;0;0;1;1;1;1;1;0;0;0;0;0;1;1;1;1;0;0;0;0;0;1;0;0;0;0;0;0;0;1;0;1;1;1;1;1;1
3;result2_30.xmi;1;1;1;0;0;0;0;1;1;1;1;1;1;1;1;1;1;1;1;1;1;1;1;1;1;1;0;0;0;0;0;0;1;1;1;1;1;1;1;1;0;0;1;1;1;1;0;1;1;1;1
4;result3_30.xmi;1;1;1;1;1;1;1;1;1;1;1;1;1;1;1;1;1;1;1;1;1;1;0;1;0;1;0;0;0;0;1;1;1;1;1;1;1;1;1;1;1;1;1;1;1;1;1;1;1;1;1
5;result4_30.xmi;1;1;1;0;0;0;0;0;1;0;0;0;0;0;1;1;1;1;1;1;1;1;1;1;1;1;0;0;0;0;1;1;1;1;1;1;1;1;1;1;1;1;1;1;1;1;1;1;1;1;1
6;result5_30.xmi;1;1;1;0;0;0;0;1;1;1;1;1;1;1;1;1;1;1;1;1;1;1;1;1;1;1;0;0;0;0;1;1;1;1;1;1;1;1;1;1;1;1;1;1;1;1;1;1;1;1;1
7;result6_30.xmi;1;1;0;0;0;0;0;1;1;1;1;1;1;1;1;1;1;1;1;1;1;1;0;1;0;1;0;0;0;0;0;0;1;1;1;1;1;1;1;1;0;0;1;1;1;1;1;1;1;1;1
8;result7_30.xmi;1;1;1;0;0;0;0;1;1;1;1;1;1;1;1;1;1;1;0;0;0;1;0;1;0;1;1;1;1;1;1;1;1;1;1;1;0;0;0;0;1;1;1;1;1;1;1;1;1;1;1
9;result8_30.xmi;1;1;1;1;1;1;1;1;1;1;1;1;1;1;1;1;1;1;1;1;1;1;1;1;1;1;0;0;0;0;1;1;1;1;1;1;1;1;1;1;1;1;1;1;1;1;1;1;1;1;1
10;result9_30.xmi;1;1;1;0;0;0;0;0;1;0;0;0;0;0;1;1;1;1;1;1;1;1;1;1;1;1;1;1;1;1;1;1;1;1;1;1;1;1;1;1;1;1;1;1;1;1;1;1;1;1;1
11;result10_30.xmi;0;0;0;0;0;0;0;1;0;0;0;0;0;1;0;0;1;0;0;0;0;0;0;0;0;0;0;0;0;0;0;0;0;0;0;0;0;0;0;0;0;0;0;1;0;1;0;1;1;1;1
12;result11_30.xmi;1;1;1;0;0;0;0;0;1;0;0;0;0;0;1;0;1;0;0;0;0;0;0;0;0;0;0;0;0;0;1;1;1;1;1;1;0;0;0;0;1;1;1;1;1;1;1;1;1;1;1
13;result12_30.xmi;1;1;1;0;0;0;0;0;1;0;0;0;0;0;1;1;1;1;0;0;0;0;0;0;0;0;1;1;1;1;1;1;1;1;1;1;0;0;0;0;1;1;1;1;1;1;1;1;1;1;1
14;result13_30.xmi;1;1;1;1;1;1;1;1;1;1;1;1;1;1;1;1;1;1;1;1;1;1;1;1;1;1;0;0;0;0;1;1;1;1;1;1;1;1;1;1;1;1;1;1;0;1;1;1;1;1;1
15;result14_30.xmi;1;1;1;1;1;1;1;1;1;1;1;1;1;1;1;1;1;1;1;1;1;1;0;1;0;1;0;0;0;0;1;1;1;1;1;1;1;1;1;1;1;1;1;1;1;1;1;1;1;1;1
16;result15_30.xmi;0;0;0;0;0;0;0;1;1;0;0;0;0;1;0;0;1;0;0;0;0;0;0;0;0;0;0;0;0;0;0;0;0;0;0;1;0;0;0;0;0;0;0;1;0;1;1;1;1;1;1
17;result16_30.xmi;1;1;1;1;1;1;1;1;1;1;1;1;1;1;1;1;1;1;1;1;1;1;0;1;0;1;0;0;0;0;1;1;1;1;1;1;1;1;1;1;1;1;1;1;1;1;1;1;1;1;1
18;result17_30.xmi;1;1;1;0;0;0;0;1;1;0;0;0;0;1;1;1;1;1;1;1;1;1;1;1;1;1;0;0;0;0;1;1;1;1;1;1;1;1;1;1;1;1;1;1;0;1;1;1;1;1;1
19;result18_30.xmi;1;1;0;0;0;0;0;1;1;0;0;0;0;1;1;1;1;1;1;1;1;1;1;1;1;1;1;1;1;1;1;1;1;1;1;1;1;1;1;1;1;1;1;1;1;1;0;1;1;1;1
20;result19_30.xmi;0;0;0;0;0;0;0;1;0;0;0;0;0;1;0;0;1;0;0;0;0;0;0;0;0;0;0;0;0;0;0;0;0;0;0;0;0;0;0;0;0;0;0;1;1;1;0;1;1;1;1
21;result20_30.xmi;1;1;0;0;0;0;0;1;1;1;1;1;1;1;1;1;1;1;1;1;1;1;1;1;1;1;1;1;1;1;0;0;1;1;1;1;1;1;1;1;0;0;1;1;1;1;1;1;1;1;1
22;result21_30.xmi;0;0;0;0;0;0;0;1;0;0;0;0;0;1;0;0;1;1;1;1;1;0;0;0;0;0;1;1;1;1;0;0;0;0;0;0;0;0;0;0;0;0;0;1;1;1;0;1;1;1;1
23;result22_30.xmi;1;1;1;1;1;1;1;1;1;1;1;1;1;1;1;0;1;0;0;0;0;0;0;0;0;0;0;0;0;0;1;1;1;1;1;1;0;0;0;0;1;1;1;1;1;1;1;1;1;1;1
24;result23_30.xmi;1;1;1;0;0;0;0;1;1;1;1;1;1;1;1;1;1;1;1;1;1;1;0;1;0;1;0;0;0;0;1;1;1;1;1;1;1;1;1;1;1;1;1;1;1;1;1;1;1;1;1
25;result24_30.xmi;1;0;0;0;0;0;0;1;1;1;1;1;1;1;1;0;1;0;0;0;0;0;0;0;0;0;0;0;0;0;1;1;1;1;1;1;0;0;0;0;1;1;1;1;1;1;1;1;1;1;1
26;result25_30.xmi;1;0;1;0;0;0;0;1;1;1;1;1;1;1;1;1;1;1;1;1;1;1;1;1;1;1;1;1;1;1;1;1;1;1;1;1;1;1;1;1;1;1;1;1;1;1;1;1;1;1;1
27;result26_30.xmi;1;1;1;1;1;1;1;1;1;0;0;0;0;1;1;0;1;0;0;0;0;0;0;0;0;0;0;0;0;0;1;1;1;1;1;1;0;0;0;0;1;1;1;1;1;1;1;1;1;1;1
28;result27_30.xmi;0;0;0;0;0;0;0;0;0;0;0;0;0;0;0;0;1;0;0;0;0;0;0;0;0;0;0;0;0;0;0;0;0;0;0;0;0;0;0;0;0;0;0;1;0;1;1;1;1;1;1
29;result28_30.xmi;1;0;1;0;0;0;0;1;1;1;1;1;1;1;1;1;1;1;0;0;0;1;0;1;0;1;1;1;1;1;1;1;1;1;1;1;0;0;0;0;1;1;1;1;1;1;1;1;1;1;1
30;result29_30.xmi;1;1;1;1;1;1;1;1;1;1;1;1;1;1;1;0;1;0;0;0;0;0;0;0;0;0;0;0;0;0;1;1;1;1;1;1;0;0;0;0;1;1;1;1;0;1;1;1;1;1;1
Round no.;File;StateInRegion_M1;StateInRegion_M2;choiceHasNoIncoming_M1;choiceHasNoIncoming_M2;choiceHasNoIncoming_M3;choiceHasNoIncoming_M4;choiceHasNoIncoming_M5;choiceHasNoIncoming_M6;choiceHasNoOutgoing_M1;choiceHasNoOutgoing_M2;choiceHasNoOutgoing_M3;choiceHasNoOutgoing_M4;choiceHasNoOutgoing_M5;choiceHasNoOutgoing_M6;entryInRegion_M1;entryInRegion_M2;incomingToEntry_1;incomingToEntry_2;incomingToEntry_3;incomingToEntry_4;incomingToEntry_5;multipleEntryInRegion_M1;multipleEntryInRegion_M2;multipleEntryInRegion_M3;multipleEntryInRegion_M4;multipleEntryInRegion_M5;multipleTransitionFromEntry_M1;multipleTransitionFromEntry_M2;multipleTransitionFromEntry_M3;multipleTransitionFromEntry_M4;noEntryInRegion_M1;noEntryInRegion_M2;noEntryInRegion_M3;noEntryInRegion_M4;noEntryInRegion_M5;noOutgoingTransitionFromEntry_M1;noOutgoingTransitionFromEntry_M2;noOutgoingTransitionFromEntry_M3;noOutgoingTransitionFromEntry_M4;noOutgoingTransitionFromEntry_M5;noStateInRegion_M1;noStateInRegion_M2;noStateInRegion_M3;outgoingFromExit_M1;outgoingFromExit_M2;outgoingFromFinal_M1;outgoingFromFinal_M2;transition_M1;transition_M2;transition_M3;transition_M4
1;result0_30.xmi;1;0;1;0;0;0;0;1;1;0;0;0;0;1;1;1;1;1;1;1;1;1;1;1;1;1;0;0;0;0;0;0;1;1;1;1;1;1;1;1;1;1;1;1;1;1;1;1;1;1;1
2;result1_30.xmi;1;1;1;1;1;1;1;1;1;1;1;1;1;1;1;1;1;1;0;0;0;1;1;1;1;1;0;0;0;0;1;1;1;1;1;1;1;1;1;1;1;1;1;1;1;1;1;1;1;1;1
3;result2_30.xmi;1;1;1;0;0;0;0;0;1;0;0;0;0;0;1;1;1;1;1;1;1;1;1;1;1;1;0;0;0;0;1;1;1;1;1;1;1;1;1;1;1;1;1;1;1;1;1;1;1;1;1
4;result3_30.xmi;0;0;0;0;0;0;0;0;0;0;0;0;0;0;0;0;1;0;0;0;0;0;0;0;0;0;0;0;0;0;0;0;0;0;0;0;0;0;0;0;0;0;0;1;1;1;0;1;1;1;1
5;result4_30.xmi;1;1;1;1;1;1;1;1;1;1;1;1;1;1;1;1;1;1;1;1;1;1;1;1;1;1;1;1;1;1;1;1;1;1;1;1;1;1;1;1;1;1;1;1;1;1;1;1;1;1;1
6;result5_30.xmi;0;0;0;0;0;0;0;0;0;0;0;0;0;0;0;0;1;1;1;1;1;0;0;0;0;0;1;1;1;1;0;0;0;0;0;0;0;0;0;0;0;0;0;1;0;1;1;1;1;1;1
7;result6_30.xmi;1;1;1;0;0;0;0;1;1;1;1;1;1;1;1;0;1;0;0;0;0;0;0;0;0;0;0;0;0;0;1;1;1;1;1;1;0;0;0;0;1;1;1;1;1;1;1;1;1;1;1
8;result7_30.xmi;1;1;1;1;1;1;1;1;1;0;0;0;0;1;1;1;1;1;0;0;0;1;0;1;0;1;1;1;1;1;1;1;1;1;1;1;0;0;0;0;1;1;1;1;0;1;1;1;1;1;1
9;result8_30.xmi;1;1;1;0;0;0;0;1;1;1;1;1;1;1;1;1;1;1;1;1;1;1;1;1;1;1;0;0;0;0;1;1;1;1;1;1;1;1;1;1;1;1;1;1;1;1;1;1;1;1;1
10;result9_30.xmi;1;1;1;1;1;1;1;1;1;1;1;1;1;1;1;1;1;1;1;1;1;1;1;1;1;1;1;1;1;1;1;1;1;1;1;1;1;1;1;1;1;1;1;1;1;1;1;1;1;1;1
11;result10_30.xmi;0;0;0;0;0;0;0;1;0;0;0;0;0;1;0;0;1;1;1;1;1;0;0;0;0;0;1;1;1;1;0;0;0;0;0;0;0;0;0;0;0;0;0;1;1;1;0;1;1;1;1
12;result11_30.xmi;1;1;1;0;0;0;0;0;1;0;0;0;0;0;1;1;1;1;1;1;1;1;1;1;1;1;0;0;0;0;1;1;1;1;1;1;1;1;1;1;1;1;1;1;1;1;1;1;1;1;1
13;result12_30.xmi;0;0;0;0;0;0;0;1;0;0;0;0;0;1;0;0;1;0;0;0;0;0;0;0;0;0;0;0;0;0;0;0;0;0;0;0;0;0;0;0;0;0;0;1;0;1;1;1;1;1;1
14;result13_30.xmi;1;1;1;1;1;1;1;1;1;1;1;1;1;1;1;0;1;0;0;0;0;0;0;0;0;0;0;0;0;0;1;1;1;1;1;1;0;0;0;0;1;1;1;1;1;1;1;1;1;1;1
15;result14_30.xmi;1;1;1;0;0;0;0;1;1;1;1;1;1;1;1;1;1;1;1;1;1;1;1;1;1;1;1;1;1;1;1;1;1;1;1;1;1;1;1;1;1;1;1;1;1;1;1;1;1;1;1
16;result15_30.xmi;1;1;1;1;1;1;1;1;1;0;0;0;0;1;1;0;1;0;0;0;0;0;0;0;0;0;0;0;0;0;1;1;1;1;1;1;0;0;0;0;0;0;1;1;0;1;1;1;1;1;1
17;result16_30.xmi;1;1;1;0;0;0;0;0;1;0;0;0;0;0;1;1;1;1;1;1;1;1;1;1;1;1;0;0;0;0;1;1;1;1;1;1;1;1;1;1;1;1;1;1;1;1;1;1;1;1;1
18;result17_30.xmi;1;1;1;0;0;0;0;1;1;1;1;1;1;1;1;1;1;1;1;1;1;1;0;1;0;1;0;0;0;0;0;0;1;1;1;1;1;1;1;1;0;0;1;1;1;1;1;1;1;1;1
19;result18_30.xmi;1;1;1;0;0;0;0;1;1;1;1;1;1;1;1;0;1;0;0;0;0;0;0;0;0;0;0;0;0;0;1;1;1;1;1;1;0;0;0;0;0;0;1;1;1;1;0;1;1;1;1
20;result19_30.xmi;1;1;1;0;0;0;0;1;1;1;1;1;1;1;1;1;1;1;1;1;1;1;1;1;1;1;0;0;0;0;1;1;1;1;1;1;1;1;1;1;1;1;1;1;0;1;1;1;1;1;1
21;result20_30.xmi;1;1;0;0;0;0;0;1;1;1;1;1;1;1;1;1;1;1;1;1;1;1;1;1;1;1;1;1;1;1;0;0;1;1;1;1;1;1;1;1;0;0;1;1;1;1;1;1;1;1;1
22;result21_30.xmi;0;0;0;0;0;0;0;0;0;0;0;0;0;0;0;0;1;0;0;0;0;0;0;0;0;0;0;0;0;0;0;0;0;0;0;0;0;0;0;0;0;0;0;1;1;1;1;1;1;1;1
23;result22_30.xmi;1;1;1;1;1;1;1;1;1;0;0;0;0;1;1;1;1;1;1;1;1;1;0;1;0;1;0;0;0;0;0;0;1;1;1;1;1;1;1;1;0;0;1;1;1;1;1;1;1;1;1
24;result23_30.xmi;1;1;1;0;0;0;0;0;1;0;0;0;0;0;1;1;1;1;1;1;1;1;1;1;1;1;0;0;0;0;1;1;1;1;1;1;1;1;1;1;1;1;1;1;1;1;1;1;1;1;1
25;result24_30.xmi;0;0;0;0;0;0;0;0;0;0;0;0;0;0;0;0;1;1;1;1;1;0;0;0;0;0;1;1;1;1;0;0;0;0;0;0;0;0;0;0;0;0;0;1;0;1;1;1;1;1;1
26;result25_30.xmi;1;1;1;1;1;1;1;1;1;1;1;1;1;1;1;1;1;1;1;1;1;1;1;1;1;1;1;1;1;1;1;1;1;1;1;1;1;1;1;1;1;1;1;1;1;1;1;1;1;1;1
27;result26_30.xmi;1;1;1;0;0;0;0;0;1;0;0;0;0;0;1;1;1;1;0;0;0;0;0;0;0;0;1;1;1;1;1;1;1;1;1;1;0;0;0;0;1;1;1;1;0;1;1;1;1;1;1
28;result27_30.xmi;1;1;1;0;0;0;0;1;1;1;1;1;1;1;1;1;1;1;1;1;1;1;1;1;1;1;1;1;1;1;1;1;1;1;1;1;1;1;1;1;1;1;1;1;0;1;1;1;1;1;1
29;result28_30.xmi;0;0;0;0;0;0;0;0;0;0;0;0;0;0;0;0;1;0;0;0;0;0;0;0;0;0;0;0;0;0;0;0;0;0;0;0;0;0;0;0;0;0;0;1;1;1;1;1;1;1;1
30;result29_30.xmi;1;1;1;0;0;0;0;1;1;0;0;0;0;1;1;1;1;1;1;1;1;1;1;1;1;1;1;1;1;1;1;1;1;1;1;1;1;1;1;1;1;1;1;1;1;1;1;1;1;1;1
Round no.;File;StateInRegion_M1;StateInRegion_M2;choiceHasNoIncoming_M1;choiceHasNoIncoming_M2;choiceHasNoIncoming_M3;choiceHasNoIncoming_M4;choiceHasNoIncoming_M5;choiceHasNoIncoming_M6;choiceHasNoOutgoing_M1;choiceHasNoOutgoing_M2;choiceHasNoOutgoing_M3;choiceHasNoOutgoing_M4;choiceHasNoOutgoing_M5;choiceHasNoOutgoing_M6;entryInRegion_M1;entryInRegion_M2;incomingToEntry_1;incomingToEntry_2;incomingToEntry_3;incomingToEntry_4;incomingToEntry_5;multipleEntryInRegion_M1;multipleEntryInRegion_M2;multipleEntryInRegion_M3;multipleEntryInRegion_M4;multipleEntryInRegion_M5;multipleTransitionFromEntry_M1;multipleTransitionFromEntry_M2;multipleTransitionFromEntry_M3;multipleTransitionFromEntry_M4;noEntryInRegion_M1;noEntryInRegion_M2;noEntryInRegion_M3;noEntryInRegion_M4;noEntryInRegion_M5;noOutgoingTransitionFromEntry_M1;noOutgoingTransitionFromEntry_M2;noOutgoingTransitionFromEntry_M3;noOutgoingTransitionFromEntry_M4;noOutgoingTransitionFromEntry_M5;noStateInRegion_M1;noStateInRegion_M2;noStateInRegion_M3;outgoingFromExit_M1;outgoingFromExit_M2;outgoingFromFinal_M1;outgoingFromFinal_M2;transition_M1;transition_M2;transition_M3;transition_M4
1;result0_30.xmi;1;1;1;0;0;0;0;1;1;1;1;1;1;1;1;0;1;0;0;0;0;0;0;0;0;0;0;0;0;0;1;1;1;1;1;1;0;0;0;0;1;1;1;1;1;1;1;1;1;1;1
2;result1_30.xmi;1;1;1;0;0;0;0;1;1;1;1;1;1;1;1;0;1;0;0;0;0;0;0;0;0;0;0;0;0;0;1;1;1;1;1;1;0;0;0;0;1;1;1;1;1;1;0;1;1;1;1
3;result2_30.xmi;1;1;1;1;1;1;1;1;1;0;0;0;0;1;1;0;1;0;0;0;0;0;0;0;0;0;0;0;0;0;1;1;1;1;1;1;0;0;0;0;1;1;1;1;1;1;1;1;1;1;1
4;result3_30.xmi;0;0;0;0;0;0;0;0;0;0;0;0;0;0;0;0;1;1;1;1;1;0;0;0;0;0;1;1;1;1;0;0;0;0;0;0;0;0;0;0;0;0;0;1;0;1;0;1;1;1;1
5;result4_30.xmi;0;0;0;0;0;0;0;0;0;0;0;0;0;0;0;0;1;1;1;1;1;0;0;0;0;0;1;1;1;1;0;0;0;0;0;0;0;0;0;0;0;0;0;1;0;1;1;1;1;1;1
6;result5_30.xmi;1;1;1;0;0;0;0;0;1;0;0;0;0;0;1;1;1;1;1;1;1;0;0;0;0;0;1;1;1;1;1;1;1;1;1;1;0;0;0;0;1;1;1;1;1;1;1;1;1;1;1
7;result6_30.xmi;1;1;1;0;0;0;0;1;1;1;1;1;1;1;1;1;1;1;1;1;1;1;1;1;1;1;0;0;0;0;1;1;1;1;1;1;1;1;1;1;1;1;1;1;0;1;1;1;1;1;1
8;result7_30.xmi;1;0;1;1;1;1;1;1;1;1;1;1;1;1;1;0;1;0;0;0;0;0;0;0;0;0;0;0;0;0;1;1;1;1;1;1;0;0;0;0;1;1;1;1;1;1;1;1;1;1;1
9;result8_30.xmi;1;1;1;1;1;1;1;1;1;1;1;1;1;1;1;1;1;1;1;1;1;1;1;1;1;1;1;1;1;1;1;1;1;1;1;1;1;1;1;1;1;1;1;1;1;1;1;1;1;1;1
10;result9_30.xmi;1;1;0;0;0;0;0;1;1;0;0;0;0;1;1;1;1;1;1;1;1;1;1;1;1;1;0;0;0;0;0;0;1;1;1;1;1;1;1;1;0;0;1;1;1;1;1;1;1;1;1
11;result10_30.xmi;1;1;1;0;0;0;0;1;1;1;1;1;1;1;1;1;1;1;1;1;1;1;0;1;0;1;0;0;0;0;1;1;1;1;1;1;1;1;1;1;1;1;1;1;1;1;1;1;1;1;1
12;result11_30.xmi;0;0;0;0;0;0;0;0;0;0;0;0;0;0;0;0;1;1;1;1;1;0;0;0;0;0;1;1;1;1;0;0;0;0;0;0;0;0;0;0;0;0;0;1;1;1;1;1;1;1;1
13;result12_30.xmi;1;1;1;0;0;0;0;1;1;1;1;1;1;1;1;1;1;1;0;0;0;0;0;0;0;0;1;1;1;1;1;1;1;1;1;1;0;0;0;0;1;1;1;1;1;1;1;1;1;1;1
14;result13_30.xmi;0;0;0;0;0;0;0;1;0;0;0;0;0;1;0;0;1;1;1;1;1;0;0;0;0;0;1;1;1;1;0;0;0;0;0;0;0;0;0;0;0;0;0;1;0;1;0;1;1;1;1
15;result14_30.xmi;1;1;1;0;0;0;0;1;1;0;0;0;0;1;1;0;1;0;0;0;0;0;0;0;0;0;0;0;0;0;1;1;1;1;1;1;0;0;0;0;0;0;1;1;1;1;1;1;1;1;1
16;result15_30.xmi;1;1;1;1;1;1;1;1;1;1;1;1;1;1;1;1;1;1;0;0;0;1;0;1;0;1;1;1;1;1;1;1;1;1;1;1;0;0;0;0;1;1;1;1;1;1;1;1;1;1;1
17;result16_30.xmi;0;0;0;0;0;0;0;0;0;0;0;0;0;0;0;0;1;1;1;1;1;0;0;0;0;0;1;1;1;1;0;0;0;0;0;0;0;0;0;0;0;0;0;1;1;1;0;1;1;1;1
18;result17_30.xmi;0;0;0;0;0;0;0;0;1;0;0;0;0;0;0;0;1;0;0;0;0;0;0;0;0;0;0;0;0;0;0;0;0;0;0;1;0;0;0;0;0;0;0;1;1;1;1;1;1;1;1
19;result18_30.xmi;1;1;1;0;0;0;0;0;1;0;0;0;0;0;1;1;1;1;1;1;1;1;1;1;1;1;1;1;1;1;1;1;1;1;1;1;1;1;1;1;1;1;1;1;1;1;0;1;1;1;1
20;result19_30.xmi;1;1;1;0;0;0;0;1;1;1;1;1;1;1;1;1;1;1;0;0;0;1;1;1;1;1;0;0;0;0;1;1;1;1;1;1;1;1;1;1;1;1;1;1;1;1;1;1;1;1;1
21;result20_30.xmi;1;1;1;1;1;1;1;1;1;0;0;0;0;1;1;1;1;1;1;1;1;1;1;1;1;1;1;1;1;1;1;1;1;1;1;1;1;1;1;1;1;1;1;1;1;1;1;1;1;1;1
22;result21_30.xmi;0;0;0;0;0;0;0;1;0;0;0;0;0;1;0;1;1;1;1;1;1;0;0;0;0;0;1;1;1;1;1;1;1;1;1;0;0;0;0;0;1;1;1;1;1;1;0;1;1;1;1
23;result22_30.xmi;1;1;1;1;1;1;1;1;1;1;1;1;1;1;1;1;1;1;1;1;1;1;1;1;1;1;0;0;0;0;1;1;1;1;1;1;1;1;1;1;1;1;1;1;1;1;1;1;1;1;1
24;result23_30.xmi;0;0;0;0;0;0;0;0;0;0;0;0;0;0;0;0;1;1;1;1;1;0;0;0;0;0;1;1;1;1;0;0;0;0;0;0;0;0;0;0;0;0;0;1;0;1;1;1;1;1;1
25;result24_30.xmi;1;1;1;0;0;0;0;1;1;0;0;0;0;1;1;0;1;0;0;0;0;0;0;0;0;0;0;0;0;0;1;1;1;1;1;1;0;0;0;0;1;1;1;1;1;1;1;1;1;1;1
26;result25_30.xmi;1;1;1;1;1;1;1;1;1;1;1;1;1;1;1;1;1;1;1;1;1;1;1;1;1;1;0;0;0;0;1;1;1;1;1;1;1;1;1;1;1;1;1;1;1;1;1;1;1;1;1
27;result26_30.xmi;1;1;1;0;0;0;0;0;1;0;0;0;0;0;1;1;1;1;0;0;0;0;0;0;0;0;1;1;1;1;1;1;1;1;1;1;0;0;0;0;0;0;1;1;1;1;1;1;1;1;1
28;result27_30.xmi;1;1;1;1;1;1;1;1;1;1;1;1;1;1;1;1;1;1;0;0;0;1;1;1;1;1;0;0;0;0;0;0;1;1;1;1;1;1;1;1;0;0;1;1;1;1;0;1;1;1;1
29;result28_30.xmi;1;1;1;0;0;0;0;0;1;0;0;0;0;0;1;0;1;0;0;0;0;0;0;0;0;0;0;0;0;0;1;1;1;1;1;1;0;0;0;0;0;0;1;1;1;1;1;1;1;1;1
30;result29_30.xmi;0;0;0;0;0;0;0;1;0;0;0;0;0;1;0;0;1;1;1;1;1;0;0;0;0;0;1;1;1;1;0;0;0;0;0;0;0;0;0;0;0;0;0;1;0;1;0;1;1;1;1
Round no.;File;StateInRegion_M1;StateInRegion_M2;choiceHasNoIncoming_M1;choiceHasNoIncoming_M2;choiceHasNoIncoming_M3;choiceHasNoIncoming_M4;choiceHasNoIncoming_M5;choiceHasNoIncoming_M6;choiceHasNoOutgoing_M1;choiceHasNoOutgoing_M2;choiceHasNoOutgoing_M3;choiceHasNoOutgoing_M4;choiceHasNoOutgoing_M5;choiceHasNoOutgoing_M6;entryInRegion_M1;entryInRegion_M2;incomingToEntry_1;incomingToEntry_2;incomingToEntry_3;incomingToEntry_4;incomingToEntry_5;multipleEntryInRegion_M1;multipleEntryInRegion_M2;multipleEntryInRegion_M3;multipleEntryInRegion_M4;multipleEntryInRegion_M5;multipleTransitionFromEntry_M1;multipleTransitionFromEntry_M2;multipleTransitionFromEntry_M3;multipleTransitionFromEntry_M4;noEntryInRegion_M1;noEntryInRegion_M2;noEntryInRegion_M3;noEntryInRegion_M4;noEntryInRegion_M5;noOutgoingTransitionFromEntry_M1;noOutgoingTransitionFromEntry_M2;noOutgoingTransitionFromEntry_M3;noOutgoingTransitionFromEntry_M4;noOutgoingTransitionFromEntry_M5;noStateInRegion_M1;noStateInRegion_M2;noStateInRegion_M3;outgoingFromExit_M1;outgoingFromExit_M2;outgoingFromFinal_M1;outgoingFromFinal_M2;transition_M1;transition_M2;transition_M3;transition_M4
1;result0_30.xmi;1;1;1;0;0;0;0;0;1;0;0;0;0;0;1;1;1;1;1;1;1;1;1;1;1;1;1;1;1;1;0;0;1;1;1;1;1;1;1;1;0;0;1;1;0;1;1;1;1;1;1
2;result1_30.xmi;1;1;0;0;0;0;0;1;1;1;1;1;1;1;1;1;1;1;1;1;1;1;1;1;1;1;1;1;1;1;1;1;1;1;1;1;1;1;1;1;1;1;1;1;1;1;0;1;1;1;1
3;result2_30.xmi;1;1;0;0;0;0;0;0;1;0;0;0;0;0;1;1;1;1;1;1;1;1;0;1;0;1;0;0;0;0;1;1;1;1;1;1;1;1;1;1;1;1;1;1;1;1;1;1;1;1;1
4;result3_30.xmi;1;0;1;1;1;1;1;1;1;1;1;1;1;1;1;1;1;1;1;1;1;1;0;1;0;1;0;0;0;0;1;1;1;1;1;1;1;1;1;1;1;1;1;1;1;1;1;1;1;1;1
5;result4_30.xmi;1;1;1;0;0;0;0;1;1;0;0;0;0;1;1;0;1;0;0;0;0;0;0;0;0;0;0;0;0;0;1;1;1;1;1;1;0;0;0;0;0;0;1;1;1;1;1;1;1;1;1
6;result5_30.xmi;0;0;0;0;0;0;0;0;0;0;0;0;0;0;0;0;1;1;1;1;1;0;0;0;0;0;1;1;1;1;0;0;0;0;0;0;0;0;0;0;0;0;0;1;0;1;1;1;1;1;1
7;result6_30.xmi;1;1;1;0;0;0;0;1;1;1;1;1;1;1;1;1;1;1;1;1;1;1;1;1;1;1;0;0;0;0;1;1;1;1;1;1;1;1;1;1;1;1;1;1;1;1;1;1;1;1;1
8;result7_30.xmi;1;1;1;0;0;0;0;1;1;1;1;1;1;1;1;1;1;1;1;1;1;1;1;1;1;1;0;0;0;0;1;1;1;1;1;1;1;1;1;1;1;1;1;1;1;1;1;1;1;1;1
9;result8_30.xmi;1;1;0;0;0;0;0;1;1;0;0;0;0;1;1;1;1;1;1;1;1;1;1;1;1;1;1;1;1;1;1;1;1;1;1;1;1;1;1;1;1;1;1;1;0;1;1;1;1;1;1
10;result9_30.xmi;1;1;1;0;0;0;0;1;1;1;1;1;1;1;1;1;1;1;1;1;1;1;1;1;1;1;1;1;1;1;1;1;1;1;1;1;1;1;1;1;1;1;1;1;1;1;0;1;1;1;1
11;result10_30.xmi;0;0;0;0;0;0;0;0;1;0;0;0;0;0;0;0;1;1;1;1;1;0;0;0;0;0;1;1;1;1;0;0;0;0;0;1;0;0;0;0;0;0;0;1;1;1;0;1;1;1;1
12;result11_30.xmi;1;1;1;0;0;0;0;0;1;0;0;0;0;0;1;1;1;1;1;1;1;1;1;1;1;1;1;1;1;1;1;1;1;1;1;1;1;1;1;1;1;1;1;1;1;1;1;1;1;1;1
13;result12_30.xmi;0;0;0;0;0;0;0;1;1;0;0;0;0;1;0;0;1;0;0;0;0;0;0;0;0;0;0;0;0;0;0;0;0;0;0;1;0;0;0;0;0;0;0;1;1;1;1;1;1;1;1
14;result13_30.xmi;0;1;0;0;0;0;0;0;0;0;0;0;0;0;0;0;1;0;0;0;0;0;0;0;0;0;0;0;0;0;1;1;1;1;1;0;0;0;0;0;1;1;1;1;0;1;1;1;1;1;1
15;result14_30.xmi;1;1;1;0;0;0;0;1;1;1;1;1;1;1;1;1;1;1;0;0;0;0;0;0;0;0;1;1;1;1;1;1;1;1;1;1;0;0;0;0;1;1;1;1;1;1;0;1;1;1;1
16;result15_30.xmi;0;0;0;0;0;0;0;1;0;0;0;0;0;1;0;1;1;1;1;1;1;0;0;0;0;0;1;1;1;1;1;1;1;1;1;0;0;0;0;0;1;1;1;1;0;1;0;1;1;1;1
17;result16_30.xmi;1;1;1;1;1;1;1;1;1;1;1;1;1;1;1;1;1;1;1;1;1;1;1;1;1;1;0;0;0;0;1;1;1;1;1;1;1;1;1;1;1;1;1;1;1;1;0;1;1;1;1
18;result17_30.xmi;0;0;0;0;0;0;0;1;0;0;0;0;0;1;0;0;1;1;1;1;1;0;0;0;0;0;1;1;1;1;0;0;0;0;0;0;0;0;0;0;0;0;0;1;0;1;1;1;1;1;1
19;result18_30.xmi;1;0;1;0;0;0;0;1;1;1;1;1;1;1;1;1;1;1;1;1;1;1;1;1;1;1;1;1;1;1;0;0;1;1;1;1;1;1;1;1;1;1;1;1;1;1;1;1;1;1;1
20;result19_30.xmi;1;1;1;0;0;0;0;0;1;0;0;0;0;0;1;1;1;1;1;1;1;1;1;1;1;1;0;0;0;0;1;1;1;1;1;1;1;1;1;1;1;1;1;1;1;1;1;1;1;1;1
21;result20_30.xmi;1;1;1;0;0;0;0;1;1;1;1;1;1;1;1;1;1;1;1;1;1;1;1;1;1;1;0;0;0;0;1;1;1;1;1;1;1;1;1;1;1;1;1;1;0;1;1;1;1;1;1
22;result21_30.xmi;1;0;1;0;0;0;0;0;1;0;0;0;0;0;1;1;1;1;1;1;1;1;1;1;1;1;1;1;1;1;1;1;1;1;1;1;1;1;1;1;1;1;1;1;1;1;1;1;1;1;1
23;result22_30.xmi;0;0;0;0;0;0;0;0;0;0;0;0;0;0;0;0;1;0;0;0;0;0;0;0;0;0;0;0;0;0;0;0;0;0;0;0;0;0;0;0;0;0;0;1;1;1;0;1;1;1;1
24;result23_30.xmi;1;1;1;1;1;1;1;1;1;1;1;1;1;1;1;1;1;1;1;1;1;1;0;1;0;1;1;1;1;1;1;1;1;1;1;1;0;0;0;0;1;1;1;1;1;1;1;1;1;1;1
25;result24_30.xmi;0;0;0;0;0;0;0;1;0;0;0;0;0;1;0;0;1;1;1;1;1;0;0;0;0;0;1;1;1;1;0;0;0;0;0;0;0;0;0;0;0;0;0;1;0;1;0;1;1;1;1
26;result25_30.xmi;1;0;1;1;1;1;1;1;1;1;1;1;1;1;1;1;1;1;1;1;1;0;0;0;0;0;1;1;1;1;1;1;1;1;1;1;0;0;0;0;1;1;1;1;1;1;1;1;1;1;1
27;result26_30.xmi;1;0;1;1;1;1;1;1;1;1;1;1;1;1;1;1;1;1;1;1;1;1;1;1;1;1;0;0;0;0;0;0;1;1;1;1;1;1;1;1;1;1;1;1;1;1;1;1;1;1;1
28;result27_30.xmi;0;0;0;0;0;0;0;1;0;0;0;0;0;1;0;0;1;1;1;1;1;0;0;0;0;0;1;1;1;1;0;0;0;0;0;0;0;0;0;0;0;0;0;1;1;1;0;1;1;1;1
29;result28_30.xmi;1;1;0;0;0;0;0;0;1;0;0;0;0;0;1;1;1;1;1;1;1;1;1;1;1;1;1;1;1;1;1;1;1;1;1;1;1;1;1;1;1;1;1;1;1;1;1;1;1;1;1
30;result29_30.xmi;1;1;1;0;0;0;0;1;1;1;1;1;1;1;1;1;1;1;1;1;1;1;0;1;0;1;0;0;0;0;1;1;1;1;1;1;1;1;1;1;1;1;1;1;1;1;1;1;1;1;1
Round no.;File;StateInRegion_M1;StateInRegion_M2;choiceHasNoIncoming_M1;choiceHasNoIncoming_M2;choiceHasNoIncoming_M3;choiceHasNoIncoming_M4;choiceHasNoIncoming_M5;choiceHasNoIncoming_M6;choiceHasNoOutgoing_M1;choiceHasNoOutgoing_M2;choiceHasNoOutgoing_M3;choiceHasNoOutgoing_M4;choiceHasNoOutgoing_M5;choiceHasNoOutgoing_M6;entryInRegion_M1;entryInRegion_M2;incomingToEntry_1;incomingToEntry_2;incomingToEntry_3;incomingToEntry_4;incomingToEntry_5;multipleEntryInRegion_M1;multipleEntryInRegion_M2;multipleEntryInRegion_M3;multipleEntryInRegion_M4;multipleEntryInRegion_M5;multipleTransitionFromEntry_M1;multipleTransitionFromEntry_M2;multipleTransitionFromEntry_M3;multipleTransitionFromEntry_M4;noEntryInRegion_M1;noEntryInRegion_M2;noEntryInRegion_M3;noEntryInRegion_M4;noEntryInRegion_M5;noOutgoingTransitionFromEntry_M1;noOutgoingTransitionFromEntry_M2;noOutgoingTransitionFromEntry_M3;noOutgoingTransitionFromEntry_M4;noOutgoingTransitionFromEntry_M5;noStateInRegion_M1;noStateInRegion_M2;noStateInRegion_M3;outgoingFromExit_M1;outgoingFromExit_M2;outgoingFromFinal_M1;outgoingFromFinal_M2;transition_M1;transition_M2;transition_M3;transition_M4
1;result0_30.xmi;1;1;1;1;1;1;1;1;1;1;1;1;1;1;1;1;1;1;1;1;1;1;1;1;1;1;0;0;0;0;1;1;1;1;1;1;1;1;1;1;1;1;1;1;1;1;1;1;1;1;1
2;result1_30.xmi;1;0;0;0;0;0;0;1;1;1;1;1;1;1;1;1;1;1;1;1;1;1;0;1;0;1;1;1;1;1;0;0;1;1;1;1;0;0;0;0;1;1;1;1;0;1;1;1;1;1;1
3;result2_30.xmi;1;1;1;0;0;0;0;1;1;1;1;1;1;1;1;1;1;1;1;1;1;1;1;1;1;1;1;1;1;1;1;1;1;1;1;1;1;1;1;1;1;1;1;1;0;1;0;1;1;1;1
4;result3_30.xmi;1;1;1;0;0;0;0;1;1;1;1;1;1;1;1;1;1;1;1;1;1;1;1;1;1;1;1;1;1;1;1;1;1;1;1;1;1;1;1;1;1;1;1;1;1;1;0;1;1;1;1
5;result4_30.xmi;1;1;1;1;1;1;1;1;1;1;1;1;1;1;1;1;1;1;1;1;1;1;1;1;1;1;1;1;1;1;1;1;1;1;1;1;1;1;1;1;1;1;1;1;0;1;1;1;1;1;1
6;result5_30.xmi;0;0;0;0;0;0;0;1;0;0;0;0;0;1;0;0;1;1;1;1;1;0;0;0;0;0;1;1;1;1;0;0;0;0;0;0;0;0;0;0;0;0;0;1;0;1;1;1;1;1;1
7;result6_30.xmi;1;1;0;0;0;0;0;1;1;1;1;1;1;1;1;1;1;1;1;1;1;1;1;1;1;1;1;1;1;1;1;1;1;1;1;1;1;1;1;1;1;1;1;1;0;1;1;1;1;1;1
8;result7_30.xmi;1;1;1;0;0;0;0;1;1;1;1;1;1;1;1;1;1;1;0;0;0;1;1;1;1;1;0;0;0;0;1;1;1;1;1;1;1;1;1;1;1;1;1;1;1;1;1;1;1;1;1
9;result8_30.xmi;1;1;1;1;1;1;1;1;1;1;1;1;1;1;1;1;1;1;0;0;0;1;0;1;0;1;1;1;1;1;1;1;1;1;1;1;0;0;0;0;1;1;1;1;1;1;1;1;1;1;1
10;result9_30.xmi;1;1;1;0;0;0;0;1;1;0;0;0;0;1;1;1;1;1;1;1;1;1;1;1;1;1;0;0;0;0;1;1;1;1;1;1;1;1;1;1;1;1;1;1;1;1;1;1;1;1;1
11;result10_30.xmi;1;1;1;0;0;0;0;1;1;1;1;1;1;1;1;1;1;1;1;1;1;1;1;1;1;1;0;0;0;0;1;1;1;1;1;1;1;1;1;1;1;1;1;1;0;1;1;1;1;1;1
12;result11_30.xmi;1;1;1;1;1;1;1;1;1;0;0;0;0;1;1;1;1;1;1;1;1;1;0;1;0;1;0;0;0;0;1;1;1;1;1;1;1;1;1;1;1;1;1;1;1;1;1;1;1;1;1
13;result12_30.xmi;0;0;0;0;0;0;0;1;0;0;0;0;0;1;0;0;1;1;1;1;1;0;0;0;0;0;1;1;1;1;0;0;0;0;0;0;0;0;0;0;0;0;0;1;0;1;1;1;1;1;1
14;result13_30.xmi;1;1;1;1;1;1;1;1;1;1;1;1;1;1;1;1;1;1;1;1;1;1;1;1;1;1;0;0;0;0;1;1;1;1;1;1;1;1;1;1;1;1;1;1;1;1;1;1;1;1;1
15;result14_30.xmi;1;1;1;1;1;1;1;1;1;1;1;1;1;1;1;0;1;0;0;0;0;0;0;0;0;0;0;0;0;0;1;1;1;1;1;1;0;0;0;0;1;1;1;1;1;1;1;1;1;1;1
16;result15_30.xmi;0;0;0;0;0;0;0;1;0;0;0;0;0;1;0;0;1;1;1;1;1;0;0;0;0;0;1;1;1;1;0;0;0;0;0;0;0;0;0;0;0;0;0;1;1;1;0;1;1;1;1
17;result16_30.xmi;1;1;1;1;1;1;1;1;1;0;0;0;0;1;1;1;1;1;1;1;1;1;1;1;1;1;0;0;0;0;0;0;1;1;1;1;1;1;1;1;0;0;1;1;1;1;0;1;1;1;1
18;result17_30.xmi;1;1;1;0;0;0;0;1;1;1;1;1;1;1;1;1;1;1;1;1;1;1;1;1;1;1;1;1;1;1;1;1;1;1;1;1;1;1;1;1;1;1;1;1;1;1;1;1;1;1;1
19;result18_30.xmi;1;1;1;0;0;0;0;1;1;1;1;1;1;1;1;1;1;1;1;1;1;1;0;1;0;1;0;0;0;0;0;0;1;1;1;1;1;1;1;1;0;0;1;1;1;1;1;1;1;1;1
20;result19_30.xmi;1;0;1;0;0;0;0;1;1;1;1;1;1;1;1;1;1;1;1;1;1;1;0;1;0;1;0;0;0;0;0;0;1;1;1;1;1;1;1;1;1;1;1;1;1;1;1;1;1;1;1
21;result20_30.xmi;1;1;1;0;0;0;0;1;1;1;1;1;1;1;1;1;1;1;0;0;0;1;0;1;0;1;1;1;1;1;1;1;1;1;1;1;0;0;0;0;1;1;1;1;1;1;0;1;1;1;1
22;result21_30.xmi;1;1;1;0;0;0;0;1;1;1;1;1;1;1;1;1;1;1;1;1;1;1;0;1;0;1;1;1;1;1;1;1;1;1;1;1;0;0;0;0;1;1;1;1;0;1;1;1;1;1;1
23;result22_30.xmi;0;0;0;0;0;0;0;0;0;0;0;0;0;0;0;0;1;1;1;1;1;0;0;0;0;0;1;1;1;1;0;0;0;0;0;0;0;0;0;0;0;0;0;1;1;1;0;1;1;1;1
24;result23_30.xmi;1;1;0;0;0;0;0;1;1;0;0;0;0;1;1;1;1;1;1;1;1;1;0;1;0;1;0;0;0;0;1;1;1;1;1;1;1;1;1;1;1;1;1;1;1;1;1;1;1;1;1
25;result24_30.xmi;1;1;1;0;0;0;0;1;1;1;1;1;1;1;1;1;1;1;1;1;1;1;1;1;1;1;0;0;0;0;1;1;1;1;1;1;1;1;1;1;1;1;1;1;1;1;1;1;1;1;1
26;result25_30.xmi;0;0;0;0;0;0;0;0;0;0;0;0;0;0;0;0;1;1;1;1;1;0;0;0;0;0;1;1;1;1;0;0;0;0;0;0;0;0;0;0;0;0;0;1;0;1;1;1;1;1;1
27;result26_30.xmi;1;1;1;1;1;1;1;1;1;1;1;1;1;1;1;1;1;1;1;1;1;1;1;1;1;1;0;0;0;0;1;1;1;1;1;1;1;1;1;1;1;1;1;1;1;1;1;1;1;1;1
28;result27_30.xmi;0;0;0;0;0;0;0;0;1;0;0;0;0;0;0;0;1;1;1;1;1;0;0;0;0;0;1;1;1;1;0;0;0;0;0;1;0;0;0;0;0;0;0;1;0;1;1;1;1;1;1
29;result28_30.xmi;1;1;1;0;0;0;0;1;1;1;1;1;1;1;1;1;1;1;1;1;1;1;1;1;1;1;1;1;1;1;1;1;1;1;1;1;1;1;1;1;1;1;1;1;1;1;0;1;1;1;1
30;result29_30.xmi;1;1;1;1;1;1;1;1;1;1;1;1;1;1;1;1;1;1;1;1;1;1;1;1;1;1;0;0;0;0;1;1;1;1;1;1;1;1;1;1;1;1;1;1;1;1;1;1;1;1;1
Round no.;File;StateInRegion_M1;StateInRegion_M2;choiceHasNoIncoming_M1;choiceHasNoIncoming_M2;choiceHasNoIncoming_M3;choiceHasNoIncoming_M4;choiceHasNoIncoming_M5;choiceHasNoIncoming_M6;choiceHasNoOutgoing_M1;choiceHasNoOutgoing_M2;choiceHasNoOutgoing_M3;choiceHasNoOutgoing_M4;choiceHasNoOutgoing_M5;choiceHasNoOutgoing_M6;entryInRegion_M1;entryInRegion_M2;incomingToEntry_1;incomingToEntry_2;incomingToEntry_3;incomingToEntry_4;incomingToEntry_5;multipleEntryInRegion_M1;multipleEntryInRegion_M2;multipleEntryInRegion_M3;multipleEntryInRegion_M4;multipleEntryInRegion_M5;multipleTransitionFromEntry_M1;multipleTransitionFromEntry_M2;multipleTransitionFromEntry_M3;multipleTransitionFromEntry_M4;noEntryInRegion_M1;noEntryInRegion_M2;noEntryInRegion_M3;noEntryInRegion_M4;noEntryInRegion_M5;noOutgoingTransitionFromEntry_M1;noOutgoingTransitionFromEntry_M2;noOutgoingTransitionFromEntry_M3;noOutgoingTransitionFromEntry_M4;noOutgoingTransitionFromEntry_M5;noStateInRegion_M1;noStateInRegion_M2;noStateInRegion_M3;outgoingFromExit_M1;outgoingFromExit_M2;outgoingFromFinal_M1;outgoingFromFinal_M2;transition_M1;transition_M2;transition_M3;transition_M4
1;result0_30.xmi;1;1;1;0;0;0;0;1;1;0;0;0;0;1;1;0;1;0;0;0;0;0;0;0;0;0;0;0;0;0;1;1;1;1;1;1;0;0;0;0;1;1;1;1;1;1;1;1;1;1;1
2;result1_30.xmi;1;0;1;1;1;1;1;1;1;1;1;1;1;1;1;0;1;0;0;0;0;0;0;0;0;0;0;0;0;0;1;1;1;1;1;1;0;0;0;0;1;1;1;1;1;1;1;1;1;1;1
3;result2_30.xmi;1;0;1;1;1;1;1;1;1;0;0;0;0;1;1;0;1;0;0;0;0;0;0;0;0;0;0;0;0;0;1;1;1;1;1;1;0;0;0;0;1;1;1;1;1;1;0;1;1;1;1
4;result3_30.xmi;0;0;0;0;0;0;0;1;0;0;0;0;0;1;0;0;1;0;0;0;0;0;0;0;0;0;0;0;0;0;0;0;0;0;0;0;0;0;0;0;0;0;0;1;1;1;0;1;1;1;1
5;result4_30.xmi;0;0;0;0;0;0;0;1;1;1;1;1;1;1;0;0;1;1;1;1;1;0;0;0;0;0;1;1;1;1;0;0;0;0;0;1;0;0;0;0;0;0;0;1;0;1;1;1;1;1;1
6;result5_30.xmi;0;0;0;0;0;0;0;0;0;0;0;0;0;0;0;0;1;1;1;1;1;0;0;0;0;0;1;1;1;1;0;0;0;0;0;0;0;0;0;0;0;0;0;1;1;1;0;1;1;1;1
7;result6_30.xmi;1;1;1;1;1;1;1;1;1;1;1;1;1;1;1;1;1;1;1;1;1;1;1;1;1;1;1;1;1;1;1;1;1;1;1;1;1;1;1;1;1;1;1;1;1;1;1;1;1;1;1
8;result7_30.xmi;1;1;1;0;0;0;0;1;1;1;1;1;1;1;1;1;1;1;1;1;1;1;1;1;1;1;1;1;1;1;1;1;1;1;1;1;1;1;1;1;1;1;1;1;1;1;0;1;1;1;1
9;result8_30.xmi;1;1;1;0;0;0;0;1;1;1;1;1;1;1;1;1;1;1;1;1;1;1;1;1;1;1;0;0;0;0;1;1;1;1;1;1;1;1;1;1;1;1;1;1;1;1;1;1;1;1;1
10;result9_30.xmi;1;1;1;0;0;0;0;1;1;1;1;1;1;1;1;0;1;0;0;0;0;0;0;0;0;0;0;0;0;0;1;1;1;1;1;1;0;0;0;0;1;1;1;1;1;1;1;1;1;1;1
11;result10_30.xmi;0;0;0;0;0;0;0;0;0;0;0;0;0;0;0;0;1;1;1;1;1;0;0;0;0;0;1;1;1;1;0;0;0;0;0;0;0;0;0;0;0;0;0;1;0;1;1;1;1;1;1
12;result11_30.xmi;1;1;1;0;0;0;0;1;1;1;1;1;1;1;1;0;1;0;0;0;0;0;0;0;0;0;0;0;0;0;1;1;1;1;1;1;0;0;0;0;0;0;1;1;0;1;1;1;1;1;1
13;result12_30.xmi;1;0;1;1;1;1;1;1;1;1;1;1;1;1;1;0;1;0;0;0;0;0;0;0;0;0;0;0;0;0;1;1;1;1;1;1;0;0;0;0;1;1;1;1;1;1;1;1;1;1;1
14;result13_30.xmi;1;1;1;1;1;1;1;1;1;1;1;1;1;1;1;1;1;1;1;1;1;1;1;1;1;1;0;0;0;0;1;1;1;1;1;1;1;1;1;1;1;1;1;1;1;1;1;1;1;1;1
15;result14_30.xmi;1;1;1;1;1;1;1;1;1;0;0;0;0;1;1;1;1;1;1;1;1;1;1;1;1;1;1;1;1;1;1;1;1;1;1;1;1;1;1;1;1;1;1;1;1;1;1;1;1;1;1
16;result15_30.xmi;1;1;1;1;1;1;1;1;1;0;0;0;0;1;1;1;1;1;1;1;1;1;0;1;0;1;0;0;0;0;1;1;1;1;1;1;1;1;1;1;1;1;1;1;1;1;1;1;1;1;1
17;result16_30.xmi;0;0;0;0;0;0;0;1;0;0;0;0;0;1;0;0;1;0;0;0;0;0;0;0;0;0;0;0;0;0;0;0;0;0;0;0;0;0;0;0;0;0;0;1;0;1;1;1;1;1;1
18;result17_30.xmi;1;1;1;1;1;1;1;1;1;1;1;1;1;1;1;1;1;1;1;1;1;1;1;1;1;1;1;1;1;1;1;1;1;1;1;1;1;1;1;1;1;1;1;1;1;1;1;1;1;1;1
19;result18_30.xmi;0;0;0;0;0;0;0;1;0;0;0;0;0;1;0;0;1;1;1;1;1;0;0;0;0;0;1;1;1;1;0;0;0;0;0;0;0;0;0;0;0;0;0;1;0;1;1;1;1;1;1
20;result19_30.xmi;0;0;0;0;0;0;0;1;0;0;0;0;0;1;0;0;1;1;1;1;1;0;0;0;0;0;1;1;1;1;0;0;0;0;0;0;0;0;0;0;0;0;0;1;0;1;0;1;1;1;1
21;result20_30.xmi;1;1;1;0;0;0;0;0;1;0;0;0;0;0;1;1;1;1;1;1;1;1;1;1;1;1;1;1;1;1;1;1;1;1;1;1;1;1;1;1;1;1;1;1;1;1;1;1;1;1;1
22;result21_30.xmi;0;0;0;0;0;0;0;0;1;0;0;0;0;0;0;0;1;0;0;0;0;0;0;0;0;0;0;0;0;0;0;0;0;0;0;1;0;0;0;0;0;0;0;1;0;1;1;1;1;1;1
23;result22_30.xmi;1;0;1;0;0;0;0;1;1;1;1;1;1;1;1;1;1;1;1;1;1;1;1;1;1;1;0;0;0;0;0;0;1;1;1;1;1;1;1;1;1;1;1;1;1;1;1;1;1;1;1
24;result23_30.xmi;0;0;0;0;0;0;0;1;0;0;0;0;0;1;0;0;1;0;0;0;0;0;0;0;0;0;0;0;0;0;0;0;0;0;0;0;0;0;0;0;0;0;0;1;0;1;1;1;1;1;1
25;result24_30.xmi;0;0;0;0;0;0;0;1;0;0;0;0;0;1;0;0;1;1;1;1;1;0;0;0;0;0;1;1;1;1;0;0;0;0;0;0;0;0;0;0;0;0;0;1;0;1;1;1;1;1;1
26;result25_30.xmi;1;1;1;0;0;0;0;1;1;1;1;1;1;1;1;0;1;0;0;0;0;0;0;0;0;0;0;0;0;0;1;1;1;1;1;1;0;0;0;0;1;1;1;1;1;1;1;1;1;1;1
27;result26_30.xmi;1;1;1;0;0;0;0;0;1;0;0;0;0;0;1;1;1;1;1;1;1;1;1;1;1;1;0;0;0;0;1;1;1;1;1;1;1;1;1;1;1;1;1;1;0;1;1;1;1;1;1
28;result27_30.xmi;1;1;1;1;1;1;1;1;1;0;0;0;0;1;1;1;1;1;1;1;1;1;1;1;1;1;1;1;1;1;0;0;1;1;1;1;1;1;1;1;0;0;1;1;0;1;1;1;1;1;1
29;result28_30.xmi;1;1;1;1;1;1;1;1;1;1;1;1;1;1;1;1;1;1;1;1;1;1;1;1;1;1;1;1;1;1;1;1;1;1;1;1;1;1;1;1;1;1;1;1;1;1;0;1;1;1;1
30;result29_30.xmi;1;1;0;0;0;0;0;0;1;0;0;0;0;0;1;1;1;1;1;1;1;1;1;1;1;1;0;0;0;0;1;1;1;1;1;1;1;1;1;1;1;1;1;1;1;1;1;1;1;1;1
Round no.;File;StateInRegion_M1;StateInRegion_M2;choiceHasNoIncoming_M1;choiceHasNoIncoming_M2;choiceHasNoIncoming_M3;choiceHasNoIncoming_M4;choiceHasNoIncoming_M5;choiceHasNoIncoming_M6;choiceHasNoOutgoing_M1;choiceHasNoOutgoing_M2;choiceHasNoOutgoing_M3;choiceHasNoOutgoing_M4;choiceHasNoOutgoing_M5;choiceHasNoOutgoing_M6;entryInRegion_M1;entryInRegion_M2;incomingToEntry_1;incomingToEntry_2;incomingToEntry_3;incomingToEntry_4;incomingToEntry_5;multipleEntryInRegion_M1;multipleEntryInRegion_M2;multipleEntryInRegion_M3;multipleEntryInRegion_M4;multipleEntryInRegion_M5;multipleTransitionFromEntry_M1;multipleTransitionFromEntry_M2;multipleTransitionFromEntry_M3;multipleTransitionFromEntry_M4;noEntryInRegion_M1;noEntryInRegion_M2;noEntryInRegion_M3;noEntryInRegion_M4;noEntryInRegion_M5;noOutgoingTransitionFromEntry_M1;noOutgoingTransitionFromEntry_M2;noOutgoingTransitionFromEntry_M3;noOutgoingTransitionFromEntry_M4;noOutgoingTransitionFromEntry_M5;noStateInRegion_M1;noStateInRegion_M2;noStateInRegion_M3;outgoingFromExit_M1;outgoingFromExit_M2;outgoingFromFinal_M1;outgoingFromFinal_M2;transition_M1;transition_M2;transition_M3;transition_M4
1;result0_30.xmi;1;0;1;0;0;0;0;1;1;1;1;1;1;1;1;1;1;1;1;1;1;1;0;1;0;1;0;0;0;0;0;0;1;1;1;1;1;1;1;1;1;1;1;1;1;1;1;1;1;1;1
2;result1_30.xmi;0;0;0;0;0;0;0;0;1;0;0;0;0;0;0;0;1;1;1;1;1;0;0;0;0;0;1;1;1;1;0;0;0;0;0;1;1;1;1;1;0;0;0;1;1;1;1;1;1;1;1
3;result2_30.xmi;1;1;1;0;0;0;0;0;1;0;0;0;0;0;1;1;1;1;1;1;1;1;1;1;1;1;0;0;0;0;1;1;1;1;1;1;1;1;1;1;1;1;1;1;1;1;1;1;1;1;1
4;result3_30.xmi;1;1;1;0;0;0;0;1;1;1;1;1;1;1;1;1;1;1;1;1;1;1;1;1;1;1;0;0;0;0;0;0;1;1;1;1;1;1;1;1;0;0;1;1;1;1;1;1;1;1;1
5;result4_30.xmi;0;0;0;0;0;0;0;0;1;0;0;0;0;0;0;0;1;0;0;0;0;0;0;0;0;0;0;0;0;0;0;0;0;0;0;1;0;0;0;0;0;0;0;1;1;1;0;1;1;1;1
6;result5_30.xmi;1;1;1;1;1;1;1;1;1;1;1;1;1;1;1;1;1;1;1;1;1;1;0;1;0;1;1;1;1;1;1;1;1;1;1;1;0;0;0;0;1;1;1;1;1;1;1;1;1;1;1
7;result6_30.xmi;0;0;0;0;0;0;0;1;0;0;0;0;0;1;0;0;1;1;1;1;1;0;0;0;0;0;1;1;1;1;0;0;0;0;0;0;0;0;0;0;0;0;0;1;0;1;1;1;1;1;1
8;result7_30.xmi;0;0;0;0;0;0;0;1;0;0;0;0;0;1;0;0;1;0;0;0;0;0;0;0;0;0;0;0;0;0;0;0;0;0;0;0;0;0;0;0;0;0;0;1;1;1;0;1;1;1;1
9;result8_30.xmi;1;1;1;0;0;0;0;1;1;1;1;1;1;1;1;1;1;1;1;1;1;1;1;1;1;1;1;1;1;1;1;1;1;1;1;1;1;1;1;1;1;1;1;1;1;1;1;1;1;1;1
10;result9_30.xmi;0;0;0;0;0;0;0;1;1;0;0;0;0;1;0;0;1;0;0;0;0;0;0;0;0;0;0;0;0;0;0;0;0;0;0;1;0;0;0;0;0;0;0;1;1;1;1;1;1;1;1
11;result10_30.xmi;1;1;0;0;0;0;0;0;1;0;0;0;0;0;1;1;1;1;1;1;1;1;1;1;1;1;1;1;1;1;0;0;1;1;1;1;1;1;1;1;0;0;1;1;1;1;1;1;1;1;1
12;result11_30.xmi;1;0;0;0;0;0;0;1;1;0;0;0;0;1;1;1;1;1;1;1;1;1;0;1;0;1;1;1;1;1;1;1;1;1;1;1;0;0;0;0;1;1;1;1;0;1;1;1;1;1;1
13;result12_30.xmi;1;0;1;1;1;1;1;1;1;1;1;1;1;1;1;1;1;1;0;0;0;0;0;0;0;0;1;1;1;1;1;1;1;1;1;1;0;0;0;0;1;1;1;1;1;1;1;1;1;1;1
14;result13_30.xmi;1;1;1;0;0;0;0;1;1;1;1;1;1;1;1;1;1;1;1;1;1;1;1;1;1;1;1;1;1;1;1;1;1;1;1;1;1;1;1;1;1;1;1;1;1;1;1;1;1;1;1
15;result14_30.xmi;1;1;1;0;0;0;0;1;1;1;1;1;1;1;1;1;1;1;1;1;1;1;1;1;1;1;0;0;0;0;1;1;1;1;1;1;1;1;1;1;1;1;1;1;1;1;0;1;1;1;1
16;result15_30.xmi;1;1;1;0;0;0;0;1;1;1;1;1;1;1;1;1;1;1;1;1;1;1;1;1;1;1;0;0;0;0;1;1;1;1;1;1;1;1;1;1;1;1;1;1;1;1;0;1;1;1;1
17;result16_30.xmi;1;0;1;0;0;0;0;0;1;0;0;0;0;0;1;1;1;1;1;1;1;1;1;1;1;1;0;0;0;0;1;1;1;1;1;1;1;1;1;1;1;1;1;1;1;1;1;1;1;1;1
18;result17_30.xmi;1;1;1;1;1;1;1;1;1;1;1;1;1;1;1;1;1;1;1;1;1;1;1;1;1;1;1;1;1;1;1;1;1;1;1;1;1;1;1;1;1;1;1;1;0;1;1;1;1;1;1
19;result18_30.xmi;1;0;1;1;1;1;1;1;1;1;1;1;1;1;1;1;1;1;1;1;1;1;1;1;1;1;0;0;0;0;1;1;1;1;1;1;1;1;1;1;1;1;1;1;1;1;1;1;1;1;1
20;result19_30.xmi;1;1;1;1;1;1;1;1;1;1;1;1;1;1;1;1;1;1;0;0;0;1;0;1;0;1;0;0;0;0;1;1;1;1;1;1;1;1;1;1;1;1;1;1;1;1;1;1;1;1;1
21;result20_30.xmi;0;0;0;0;0;0;0;1;0;0;0;0;0;1;0;0;1;1;1;1;1;0;0;0;0;0;1;1;1;1;0;0;0;0;0;0;0;0;0;0;0;0;0;1;1;1;0;1;1;1;1
22;result21_30.xmi;1;1;1;0;0;0;0;1;1;1;1;1;1;1;1;1;1;1;0;0;0;1;0;1;0;1;1;1;1;1;1;1;1;1;1;1;0;0;0;0;1;1;1;1;1;1;1;1;1;1;1
23;result22_30.xmi;1;1;1;0;0;0;0;0;1;0;0;0;0;0;1;0;1;0;0;0;0;0;0;0;0;0;0;0;0;0;1;1;1;1;1;1;0;0;0;0;1;1;1;1;1;1;1;1;1;1;1
24;result23_30.xmi;1;0;1;0;0;0;0;0;1;0;0;0;0;0;1;1;1;1;1;1;1;1;0;1;0;1;0;0;0;0;1;1;1;1;1;1;1;1;1;1;1;1;1;1;1;1;1;1;1;1;1
25;result24_30.xmi;1;1;1;0;0;0;0;0;1;0;0;0;0;0;1;1;1;1;1;1;1;1;1;1;1;1;1;1;1;1;1;1;1;1;1;1;1;1;1;1;1;1;1;1;1;1;0;1;1;1;1
26;result25_30.xmi;1;0;0;0;0;0;0;1;1;0;0;0;0;1;1;1;1;1;1;1;1;1;0;1;0;1;1;1;1;1;0;0;1;1;1;1;0;0;0;0;1;1;1;1;1;1;1;1;1;1;1
27;result26_30.xmi;0;0;0;0;0;0;0;0;0;0;0;0;0;0;0;0;1;0;0;0;0;0;0;0;0;0;0;0;0;0;0;0;0;0;0;0;0;0;0;0;0;0;0;1;1;1;1;1;1;1;1
28;result27_30.xmi;0;0;0;0;0;0;0;1;0;0;0;0;0;1;0;0;1;1;1;1;1;0;0;0;0;0;1;1;1;1;0;0;0;0;0;0;0;0;0;0;0;0;0;1;0;1;1;1;1;1;1
29;result28_30.xmi;1;0;1;1;1;1;1;1;1;0;0;0;0;1;1;0;1;0;0;0;0;0;0;0;0;0;0;0;0;0;1;1;1;1;1;1;0;0;0;0;1;1;1;1;1;1;1;1;1;1;1
30;result29_30.xmi;1;1;1;1;1;1;1;1;1;1;1;1;1;1;1;0;1;0;0;0;0;0;0;0;0;0;0;0;0;0;1;1;1;1;1;1;0;0;0;0;1;1;1;1;1;1;1;1;1;1;1
